place_id,name,formatted_address,short_address,street_number,street,district,city,region,postal_code,country,country_code,latitude,longitude,google_maps_url,website,phone,phone_international,rating,user_rating_count,price_level,price_label,business_status,primary_type,primary_type_label,types,opening_hours,open_now,editorial_summary,takeout,delivery,dine_in,reservable,serves_breakfast,serves_lunch,serves_dinner,serves_beer,serves_wine,serves_vegetarian_food,outdoor_seating,good_for_children,wheelchair_accessible_entrance,utc_offset_minutes,plus_code
ChIJdaFAKt-VkkYRXuL5ELYI2_U,12 Tooli Cafe,"Odra tn 8, 10144 Tallinn, Estonia","Odra tn 8, Tallinn",8,Odra tänav,,Tallinn,Harju maakond,10144,Estonia,EE,59.42788669999999,24.7732371,https://maps.google.com/?cid=17715763137253859934&g_mp=Cilnb29nbGUubWFwcy5wbGFjZXMudjEuUGxhY2VzLlNlYXJjaE5lYXJieRACGAQgAA,,,,4.7,37,2,$$,OPERATIONAL,dessert_restaurant,Dessert Restaurant,"dessert_restaurant,restaurant,food,point_of_interest,establishment","Monday: 10:00 AM – 6:00 PM
Tuesday: 10:00 AM – 6:00 PM
Wednesday: 10:00 AM – 6:00 PM
Thursday: 10:00 AM – 6:00 PM
Friday: 10:00 AM – 6:00 PM
Saturday: Closed
Sunday: Closed",1,,,,,,,,,,,,,,,180,9GF6CQHF+57
ChIJXcD9802TkkYRpmWn9kmmJZ8,180 Degrees Restaurant,"Port Noblessner, Staapli tn 4, 10415 Tallinn, Estonia","Port Noblessner, Staapli tn 4, Tallinn",4,Staapli tänav,,Tallinn,Harju maakond,10415,Estonia,EE,59.4520538,24.7289234,https://maps.google.com/?cid=11467754862769825190&g_mp=Cilnb29nbGUubWFwcy5wbGFjZXMudjEuUGxhY2VzLlNlYXJjaE5lYXJieRACGAQgAA,https://www.180degrees.ee/,661 0180,+372 661 0180,4.7,398,4,$$$$,OPERATIONAL,fine_dining_restaurant,Fine Dining Restaurant,"fine_dining_restaurant,restaurant,food,point_of_interest,establishment","Monday: Closed
Tuesday: Closed
Wednesday: 6:00 – 11:00 PM
Thursday: 6:00 – 11:00 PM
Friday: 6:00 – 11:00 PM
Saturday: 6:00 – 11:00 PM
Sunday: Closed",0,,,,,,,,,,,,,,,180,9GF6FP2H+RH
ChIJuajpEVyTkkYRI0gz5Ht5-HM,1falafel,"Kotzebue 18E Sesoonist edasi hoovi :, 10411 Tallinn, Estonia","Kotzebue 18E Sesoonist edasi hoovi :, Tallinn",,,,Tallinn,Harju maakond,10411,Estonia,EE,59.44304029999999,24.7346814,https://maps.google.com/?cid=8356562681602459683&g_mp=Cilnb29nbGUubWFwcy5wbGFjZXMudjEuUGxhY2VzLlNlYXJjaE5lYXJieRACGAQgAA,https://1falafel.com/,8282 0009,+372 8282 0009,4.8,125,1,$,CLOSED_TEMPORARILY,falafel_restaurant,Falafel Restaurant,"falafel_restaurant,food_store,store,restaurant,food,point_of_interest,establishment",,,,,,,,,,,,,,,,,180,9GF6CPVM+6V
ChIJF80kR-qTkkYRXwxvhJB2wWY,5Senses Tallinn,"Pikk tn 47, 10133 Tallinn, Estonia","Pikk tn 47, Tallinn",47,Pikk tänav,,Tallinn,Harju maakond,10133,Estonia,EE,59.4399091,24.747084299999997,https://maps.google.com/?cid=7404329625443044447&g_mp=Cilnb29nbGUubWFwcy5wbGFjZXMudjEuUGxhY2VzLlNlYXJjaE5lYXJieRACGAQgAA,,514 6401,+372 514 6401,4.3,589,2,$$,OPERATIONAL,cafe,Cafe,"cafe,bistro,restaurant,food,point_of_interest,establishment","Monday: 9:00 AM – 5:00 PM
Tuesday: 9:00 AM – 3:00 PM
Wednesday: 9:00 AM – 3:00 PM
Thursday: 9:00 AM – 3:00 PM
Friday: 9:00 AM – 3:00 PM
Saturday: 9:00 AM – 3:00 PM
Sunday: 9:00 AM – 3:00 PM",1,,,,,,,,,,,,,,,180,9GF6CPQW+XR
ChIJ17ZeYVeTkkYRSsnZeo3Qwao,7Ürti Resto,"J. Vilmsi tn 45, 10126 Tallinn, Estonia","J. Vilmsi tn 45, Tallinn",45,J. Vilmsi tänav,,Tallinn,Harju maakond,10126,Estonia,EE,59.4334144,24.7785454,https://maps.google.com/?cid=12304344963022965066&g_mp=Cilnb29nbGUubWFwcy5wbGFjZXMudjEuUGxhY2VzLlNlYXJjaE5lYXJieRACGAQgAA,http://www.7urti.ee/,772 6277,+372 772 6277,4.6,813,2,$$,OPERATIONAL,restaurant,Restaurant,"restaurant,food,point_of_interest,establishment","Monday: Closed
Tuesday: Closed
Wednesday: 10:00 AM – 9:00 PM
Thursday: 10:00 AM – 10:00 PM
Friday: 10:00 AM – 10:00 PM
Saturday: 12:00 – 10:00 PM
Sunday: 1:00 – 8:00 PM",1,,,,,,,,,,,,,,,180,9GF6CQMH+9C
ChIJlVe3qbWVkkYR2dTQB3u2Biw,A.JU restoran,"Tartu mnt 82, 10112 Tallinn, Estonia","Tartu mnt 82, Tallinn",82,Tartu maantee,,Tallinn,Harju maakond,10112,Estonia,EE,59.425625,24.780571199999997,https://maps.google.com/?cid=3172423627057452249&g_mp=Cilnb29nbGUubWFwcy5wbGFjZXMudjEuUGxhY2VzLlNlYXJjaE5lYXJieRACGAQgAA,https://ajuresto.ee/,5322 5165,+372 5322 5165,4.9,54,4,$$$$,OPERATIONAL,restaurant,Restaurant,"restaurant,food,point_of_interest,establishment","Monday: Closed
Tuesday: 12:00 – 11:00 PM
Wednesday: 12:00 – 11:00 PM
Thursday: 12:00 – 11:00 PM
Friday: 5:00 PM – 12:00 AM
Saturday: 5:00 PM – 12:00 AM
Sunday: Closed",1,,,,,,,,,,,,,,,180,9GF6CQGJ+66
ChIJHW4fi0iTkkYRxeFO-rk2KXg,Aamen Restoran,"Vana-Viru tn 15, 10148 Tallinn, Estonia","Vana-Viru tn 15, Tallinn",15,Vana-Viru tänav,,Tallinn,Harju maakond,10148,Estonia,EE,59.4373842,24.7524807,https://maps.google.com/?cid=8658511930992812485&g_mp=Cilnb29nbGUubWFwcy5wbGFjZXMudjEuUGxhY2VzLlNlYXJjaE5lYXJieRACGAQgAA,http://www.aamen.ee/,517 3233,+372 517 3233,4.5,117,2,$$,OPERATIONAL,restaurant,Restaurant,"restaurant,asian_fusion_restaurant,fusion_restaurant,asian_restaurant,event_venue,point_of_interest,food,establishment","Monday: Closed
Tuesday: 12:00 – 11:00 PM
Wednesday: 12:00 – 11:00 PM
Thursday: 12:00 – 11:00 PM
Friday: 12:00 PM – 3:00 AM
Saturday: 12:00 PM – 3:00 AM
Sunday: 12:00 – 11:00 PM",1,,,,,,,,,,,,,,,180,9GF6CQP2+XX
ChIJp27kJKaVkkYRu-KJf5Fzsa8,Aarde Pagari Leivabaar,"Telliskivi tn 60a-1, 10412 Tallinn, Estonia","Telliskivi tn 60a-1, Tallinn",60a,Telliskivi tänav,,Tallinn,Harju maakond,10412,Estonia,EE,59.439556399999994,24.7285103,https://maps.google.com/?cid=12660027096262369979&g_mp=Cilnb29nbGUubWFwcy5wbGFjZXMudjEuUGxhY2VzLlNlYXJjaE5lYXJieRACGAQgAA,http://www.aardepagar.ee/,528 9933,+372 528 9933,4.8,111,2,$$,OPERATIONAL,restaurant,Restaurant,"restaurant,food,point_of_interest,establishment","Monday: 8:30 AM – 2:00 PM
Tuesday: 8:30 AM – 2:00 PM
Wednesday: 8:30 AM – 2:00 PM
Thursday: 8:30 AM – 2:00 PM, 6:00 – 11:00 PM
Friday: 8:30 AM – 2:00 PM, 6:00 – 11:00 PM
Saturday: 8:30 AM – 2:00 PM, 6:00 – 11:00 PM
Sunday: 8:30 AM – 2:00 PM",1,,,,,,,,,,,,,,,180,9GF6CPQH+RC
ChIJX9KA53yTkkYRQtwxiIZsylg,Aasia toit Tallinn Asian Cafe,"Kopli tn 4, 10412 Tallinn, Estonia","Kopli tn 4, Tallinn",4,Kopli tänav,,Tallinn,Harju maakond,10412,Estonia,EE,59.441242100000004,24.7380785,https://maps.google.com/?cid=6398045545699597378&g_mp=Cilnb29nbGUubWFwcy5wbGFjZXMudjEuUGxhY2VzLlNlYXJjaE5lYXJieRACGAQgAA,http://asiancafe.ee/,640 6011,+372 640 6011,4.4,524,2,$$,OPERATIONAL,asian_restaurant,Asian Restaurant,"asian_restaurant,chinese_restaurant,indian_restaurant,restaurant,food,point_of_interest,establishment","Monday: 10:00 AM – 10:00 PM
Tuesday: 10:00 AM – 10:00 PM
Wednesday: 10:00 AM – 10:00 PM
Thursday: 10:00 AM – 10:00 PM
Friday: 10:00 AM – 10:00 PM
Saturday: 10:00 AM – 10:00 PM
Sunday: 10:00 AM – 10:00 PM",1,,,,,,,,,,,,,,,180,9GF6CPRQ+F6
ChIJKfn5XFfrkkYRTcoe9_5efJA,Airo Cafe,"Lennujaama tee 13, Kesk-Sõjamäe tn 26, 11101 Tallinn, Estonia","Lennujaama tee 13, Kesk-Sõjamäe tn 26, Tallinn",26,Kesk-Sõjamäe tänav,,Tallinn,Harju maakond,11101,Estonia,EE,59.41836490000001,24.8075053,https://maps.google.com/?cid=10411300887734438477&g_mp=Cilnb29nbGUubWFwcy5wbGFjZXMudjEuUGxhY2VzLlNlYXJjaE5lYXJieRACGAQgAA,https://www.facebook.com/airocafe,605 8077,+372 605 8077,4.4,182,1,$,OPERATIONAL,restaurant,Restaurant,"restaurant,food,point_of_interest,establishment","Monday: 10:00 AM – 3:00 PM
Tuesday: 10:00 AM – 3:00 PM
Wednesday: 10:00 AM – 3:00 PM
Thursday: 10:00 AM – 3:00 PM
Friday: 10:00 AM – 3:00 PM
Saturday: Closed
Sunday: Closed",1,,,,,,,,,,,,,,,180,9GF6CR95+82
ChIJQwgbT3eTkkYRmsJi-0sx0s0,Ajde Bre,"Aia tn 10a, 10111 Tallinn, Estonia","Aia tn 10a, Tallinn",10a,Aia tänav,,Tallinn,Harju maakond,10111,Estonia,EE,59.438519799999995,24.751607099999998,https://maps.google.com/?cid=14830970725294326426&g_mp=Cilnb29nbGUubWFwcy5wbGFjZXMudjEuUGxhY2VzLlNlYXJjaE5lYXJieRACGAQgAA,https://ajdebre.ee/,5661 3685,+372 5661 3685,4.6,170,2,$$,OPERATIONAL,european_restaurant,European Restaurant,"european_restaurant,restaurant,food,point_of_interest,establishment","Monday: 3:00 – 11:00 PM
Tuesday: 3:00 – 11:00 PM
Wednesday: 3:00 – 11:00 PM
Thursday: 3:00 – 11:00 PM
Friday: 3:00 PM – 12:00 AM
Saturday: 3:00 PM – 12:00 AM
Sunday: 3:00 – 11:00 PM",0,,,,,,,,,,,,,,,180,9GF6CQQ2+CJ
ChIJI64XVgCVkkYRYCJ2nZiTQt4,Akadeemia Kohv,"Akadeemia tee 24, 12611 Tallinn, Estonia","Akadeemia tee 24, Tallinn",24,Akadeemia tee,,Tallinn,Harju maakond,12611,Estonia,EE,59.397313499999996,24.666830599999997,https://maps.google.com/?cid=16015525508568982112&g_mp=Cilnb29nbGUubWFwcy5wbGFjZXMudjEuUGxhY2VzLlNlYXJjaE5lYXJieRACGAQgAA,https://akadeemiakohv.ee/,5686 0674,+372 5686 0674,4.9,214,1,$,OPERATIONAL,coffee_shop,Coffee Shop,"coffee_shop,banquet_hall,dessert_shop,cafe,event_venue,association_or_organization,confectionery,food_store,store,restaurant,food,point_of_interest,establishment","Monday: 9:00 AM – 6:00 PM
Tuesday: 9:00 AM – 6:00 PM
Wednesday: 9:00 AM – 6:00 PM
Thursday: 9:00 AM – 6:00 PM
Friday: 9:00 AM – 6:00 PM
Saturday: 9:00 AM – 6:00 PM
Sunday: 9:00 AM – 4:00 PM",1,,,,,,,,,,,,,,,180,9GF69MW8+WP
ChIJuerd1RiVkkYR2XYYZTp1VSM,Akbana Indian Restaurant,"Rahumäe tee 27, 11614 Tallinn, Estonia","Rahumäe tee 27, Tallinn",27,Rahumäe tee,,Tallinn,Harju maakond,11614,Estonia,EE,59.3887851,24.7028228,https://maps.google.com/?cid=2546070058012538585&g_mp=Cilnb29nbGUubWFwcy5wbGFjZXMudjEuUGxhY2VzLlNlYXJjaE5lYXJieRACGAQgAA,http://www.akbana.ee/,5389 3837,+372 5389 3837,4.5,564,2,$$,OPERATIONAL,indian_restaurant,Indian Restaurant,"indian_restaurant,bangladeshi_restaurant,fast_food_restaurant,pakistani_restaurant,pizza_restaurant,thai_restaurant,chinese_restaurant,european_restaurant,restaurant,food,point_of_interest,establishment","Monday: 12:00 – 10:00 PM
Tuesday: 12:00 – 10:00 PM
Wednesday: 12:00 – 10:00 PM
Thursday: 12:00 – 10:00 PM
Friday: 12:00 – 10:00 PM
Saturday: 12:00 – 10:00 PM
Sunday: 12:00 – 10:00 PM",0,,,,,,,,,,,,,,,180,9GF69PQ3+G4
ChIJEUgIo8GUkkYR0py4YN2ND_Q,Al Mare Bistroo,"Hallivanamehe tn 4, 11317 Tallinn, Estonia","Hallivanamehe tn 4, Tallinn",4,Hallivanamehe tänav,,Tallinn,Harju maakond,11317,Estonia,EE,59.4092461,24.7343573,https://maps.google.com/?cid=17586431051855076562&g_mp=Cilnb29nbGUubWFwcy5wbGFjZXMudjEuUGxhY2VzLlNlYXJjaE5lYXJieRACGAQgAA,http://www.almarefood.ee/hallivanamehe/,639 1809,+372 639 1809,4.5,154,1,$,OPERATIONAL,bistro,Bistro,"bistro,breakfast_restaurant,restaurant,food,point_of_interest,establishment","Monday: 9:00 AM – 5:00 PM
Tuesday: 9:00 AM – 5:00 PM
Wednesday: 9:00 AM – 5:00 PM
Thursday: 9:00 AM – 5:00 PM
Friday: 9:00 AM – 5:00 PM
Saturday: Closed
Sunday: Closed",1,,,,,,,,,,,,,,,180,9GF6CP5M+MP
ChIJdZlDjz-UkkYRjuTq8wPrOBg,Al Mare Grill,"Mõisa tn 4, 13522 Tallinn, Estonia","Mõisa tn 4, Tallinn",4,Mõisa tänav,,Tallinn,Harju maakond,13522,Estonia,EE,59.42716,24.655611999999998,https://maps.google.com/?cid=1745403257815753870&g_mp=Cilnb29nbGUubWFwcy5wbGFjZXMudjEuUGxhY2VzLlNlYXJjaE5lYXJieRACGAQgAA,http://www.almarefood.ee/grill/,615 4107,+372 615 4107,4.3,1259,2,$$,OPERATIONAL,barbecue_restaurant,Barbecue Restaurant,"barbecue_restaurant,restaurant,food,point_of_interest,establishment","Monday: 11:00 AM – 10:00 PM
Tuesday: 11:00 AM – 10:00 PM
Wednesday: 11:00 AM – 10:00 PM
Thursday: 11:00 AM – 10:00 PM
Friday: 11:00 AM – 11:00 PM
Saturday: 11:00 AM – 11:00 PM
Sunday: 11:00 AM – 10:00 PM",1,,,,,,,,,,,,,,,180,9GF6CMG4+V6
ChIJ34RCRBqTkkYRDvNkVD9CwxM,Ala Turca Kebab,"Aia tn 7, 10111 Tallinn, Estonia","Aia tn 7, Tallinn",7,Aia tänav,,Tallinn,Harju maakond,10111,Estonia,EE,59.4380995,24.7510302,https://maps.google.com/?cid=1424054746945483534&g_mp=Cilnb29nbGUubWFwcy5wbGFjZXMudjEuUGxhY2VzLlNlYXJjaE5lYXJieRACGAQgAA,http://alaturcatallinn.ee/,506 5036,+372 506 5036,4.6,485,1,$,OPERATIONAL,fast_food_restaurant,Fast Food Restaurant,"fast_food_restaurant,hamburger_restaurant,kebab_shop,turkish_restaurant,american_restaurant,restaurant,food,point_of_interest,establishment","Monday: 12:00 PM – 2:00 AM
Tuesday: 12:00 PM – 2:00 AM
Wednesday: 12:00 PM – 2:00 AM
Thursday: 12:00 PM – 2:00 AM
Friday: 12:00 PM – 6:00 AM
Saturday: 12:00 PM – 6:00 AM
Sunday: 12:00 PM – 12:00 AM",1,,,,,,,,,,,,,,,180,9GF6CQQ2+6C
ChIJRxdwJ4STkkYR1ISZlf4LOCE,Alanya Grill Turkish,"Keldrimäe tn 9, 10113 Tallinn, Estonia","Parking lot, Keldrimäe tn 9, Tallinn",9,Keldrimäe tänav,,Tallinn,Harju maakond,10113,Estonia,EE,59.429873,24.766951199999998,https://maps.google.com/?cid=2393676390006883540&g_mp=Cilnb29nbGUubWFwcy5wbGFjZXMudjEuUGxhY2VzLlNlYXJjaE5lYXJieRACGAQgAA,https://alanyagrill.ee/,5668 8981,+372 5668 8981,4.8,415,2,$$,CLOSED_TEMPORARILY,turkish_restaurant,Turkish Restaurant,"turkish_restaurant,restaurant,food,point_of_interest,establishment",,,,,,,,,,,,,,,,,180,9GF6CQH8+WQ
ChIJZ1gCPgjrkkYRy4xkedQrhf0,Alex Kebab & Baar,"Tartu mnt 79a, 10115 Tallinn, Estonia","Tartu mnt 79a, Tallinn",79a,Tartu maantee,,Tallinn,Harju maakond,10115,Estonia,EE,59.4279332,24.7780058,https://maps.google.com/?cid=18268055655067978955&g_mp=Cilnb29nbGUubWFwcy5wbGFjZXMudjEuUGxhY2VzLlNlYXJjaE5lYXJieRACGAQgAA,https://alexkebab.ee/,5569 0556,+372 5569 0556,4.6,706,2,$$,CLOSED_TEMPORARILY,turkish_restaurant,Turkish Restaurant,"internet_cafe,fast_food_restaurant,coffee_stand,sports_bar,snack_bar,parking_lot,kebab_shop,turkish_restaurant,meal_takeaway,parking,bar,transportation_service,restaurant,food,service,point_of_interest,establishment",,,,,,,,,,,,,,,,,180,9GF6CQHH+56
ChIJSSLMKhmVkkYRw3Vjw4xmT6o,Alfredi Pub,"Rahumäe tee 25, 11614 Tallinn, Estonia","Rahumäe tee 25, Tallinn",25,Rahumäe tee,,Tallinn,Harju maakond,11614,Estonia,EE,59.38919,24.70245,https://maps.google.com/?cid=12272140264367420867&g_mp=Cilnb29nbGUubWFwcy5wbGFjZXMudjEuUGxhY2VzLlNlYXJjaE5lYXJieRACGAQgAA,http://alfred.ee/,672 2769,+372 672 2769,4.4,883,2,$$,OPERATIONAL,pub,Pub,"pub,bar,restaurant,food,point_of_interest,establishment","Monday: 11:00 AM – 9:00 PM
Tuesday: 11:00 AM – 9:00 PM
Wednesday: 11:00 AM – 10:00 PM
Thursday: 11:00 AM – 10:00 PM
Friday: 11:00 AM – 12:00 AM
Saturday: 12:00 PM – 12:00 AM
Sunday: 12:00 – 9:00 PM",1,,,,,,,,,,,,,,,180,9GF69PQ2+MX
ChIJoxGiW2GTkkYRE9Cbv-7vvNA,Allee Restoran,"Kanuti tn 2, 10111 Tallinn, Estonia","Kanuti tn 2, Tallinn",2,Kanuti tänav,,Tallinn,Harju maakond,10111,Estonia,EE,59.4400494,24.751543599999998,https://maps.google.com/?cid=15041160664206528531&g_mp=Cilnb29nbGUubWFwcy5wbGFjZXMudjEuUGxhY2VzLlNlYXJjaE5lYXJieRACGAQgAA,https://www.alleerestoran.ee/,649 3333,+372 649 3333,4.3,196,2,$$,OPERATIONAL,restaurant,Restaurant,"restaurant,food,point_of_interest,establishment","Monday: 12:00 – 10:00 PM
Tuesday: 12:00 – 10:00 PM
Wednesday: 12:00 – 10:00 PM
Thursday: 12:00 – 10:00 PM
Friday: 12:00 – 11:00 PM
Saturday: 12:00 – 11:00 PM
Sunday: 12:00 – 10:00 PM",1,,,,,,,,,,,,,,,180,9GF6CQR2+2J
ChIJv2Y4XGCTkkYRe2q0BStkNvk,"Amarillo Viru, Tallinn","Viru väljak 4, 10111 Tallinn, Estonia","Viru väljak 4, Tallinn",4,Viru väljak,,Tallinn,Harju maakond,10111,Estonia,EE,59.4364892,24.754790699999997,https://maps.google.com/?cid=17957650700128512635&g_mp=Cilnb29nbGUubWFwcy5wbGFjZXMudjEuUGxhY2VzLlNlYXJjaE5lYXJieRACGAQgAA,https://www.raflaamo.fi/fi/ravintola/tallinna/amarillo-viru-tallinna,5680 9340,+372 5680 9340,3.5,1723,2,$$,OPERATIONAL,restaurant,Restaurant,"restaurant,food,point_of_interest,establishment","Monday: 11:30 AM – 10:00 PM
Tuesday: 11:30 AM – 10:00 PM
Wednesday: 11:30 AM – 10:00 PM
Thursday: 11:30 AM – 10:00 PM
Friday: 11:30 AM – 11:00 PM
Saturday: 11:00 AM – 11:00 PM
Sunday: 11:00 AM – 9:00 PM",1,,,,,,,,,,,,,,,180,9GF6CQP3+HW
ChIJ_7Jwi5CTkkYR6V_1PIs8-zs,Ame Restaurant,"Nunne tn 14, 10133 Tallinn, Estonia","Nunne tn 14, Tallinn",14,Nunne tänav,,Tallinn,Harju maakond,10133,Estonia,EE,59.438907900000004,24.7422881,https://maps.google.com/?cid=4322114836112957417&g_mp=Cilnb29nbGUubWFwcy5wbGFjZXMudjEuUGxhY2VzLlNlYXJjaE5lYXJieRACGAQgAA,http://www.amerestoran.ee/,677 6776,+372 677 6776,4.7,86,,,OPERATIONAL,restaurant,Restaurant,"restaurant,food,point_of_interest,establishment","Monday: 7:00 – 11:00 AM, 12:00 – 11:00 PM
Tuesday: 7:00 – 11:00 AM, 12:00 – 11:00 PM
Wednesday: 7:00 – 11:00 AM, 12:00 – 11:00 PM
Thursday: 7:00 – 11:00 AM, 12:00 – 11:00 PM
Friday: 7:00 – 11:00 AM, 12:00 – 11:00 PM
Saturday: 7:00 – 11:00 AM, 12:00 – 11:00 PM
Sunday: Closed",1,,,,,,,,,,,,,,,180,9GF6CPQR+HW
ChIJeyxM7XuVkkYRKeF1m6pwHmM,Amici Resto & Pizzeria,"Amici resto & pizzeria, Tartu mnt 84a, 10112 Tallinn, Estonia","Amici resto & pizzeria, Tartu mnt 84a, Tallinn",84a,Tartu maantee,,Tallinn,Harju maakond,10112,Estonia,EE,59.425382,24.7809255,https://maps.google.com/?cid=7142269937111130409&g_mp=Cilnb29nbGUubWFwcy5wbGFjZXMudjEuUGxhY2VzLlNlYXJjaE5lYXJieRACGAQgAA,https://amici.ee/,523 2315,+372 523 2315,4.5,184,2,$$,CLOSED_TEMPORARILY,italian_restaurant,Italian Restaurant,"italian_restaurant,european_restaurant,restaurant,food,point_of_interest,establishment",,,,,,,,,,,,,,,,,180,9GF6CQGJ+59
ChIJGxvvapiVkkYRXWfvHm8RRhQ,Amijami Sushi Haabersti,"Amijami Sushi, Lahepea tn 11, 10617 Tallinn, Estonia","Amijami Sushi, Lahepea tn 11, Tallinn",11,Lahepea tänav,,Tallinn,Harju maakond,10617,Estonia,EE,59.43325609999999,24.6846797,https://maps.google.com/?cid=1460874298086352733&g_mp=Cilnb29nbGUubWFwcy5wbGFjZXMudjEuUGxhY2VzLlNlYXJjaE5lYXJieRACGAQgAA,https://tellimus.amijami.ee/amijami-sushi-haabersti,5559 5560,+372 5559 5560,4.5,47,2,$$,OPERATIONAL,sushi_restaurant,Sushi Restaurant,"sushi_restaurant,japanese_restaurant,restaurant,food,point_of_interest,establishment","Monday: 11:30 AM – 10:00 PM
Tuesday: 11:30 AM – 10:00 PM
Wednesday: 11:30 AM – 10:00 PM
Thursday: 11:30 AM – 10:00 PM
Friday: 11:30 AM – 10:00 PM
Saturday: 11:30 AM – 10:00 PM
Sunday: 11:30 AM – 10:00 PM",1,,,,,,,,,,,,,,,180,9GF6CMMM+8V
ChIJk9oxcmmTkkYRrVU51wNlSpQ,Amijami Sushi Kadriorg,"Vesivärava tn 50, 10147 Tallinn, Estonia","Vesivärava tn 50, Tallinn",50,Vesivärava tänav,,Tallinn,Harju maakond,10147,Estonia,EE,59.432665699999994,24.7794913,https://maps.google.com/?cid=10685464133060089261&g_mp=Cilnb29nbGUubWFwcy5wbGFjZXMudjEuUGxhY2VzLlNlYXJjaE5lYXJieRACGAQgAA,https://tellimus.amijami.ee/amijami-sushi-kadriorg,5690 0010,+372 5690 0010,4.4,216,2,$$,OPERATIONAL,sushi_restaurant,Sushi Restaurant,"sushi_restaurant,japanese_restaurant,restaurant,food,point_of_interest,establishment","Monday: 11:00 AM – 10:00 PM
Tuesday: 11:00 AM – 10:00 PM
Wednesday: 11:00 AM – 10:00 PM
Thursday: 11:00 AM – 10:00 PM
Friday: 11:00 AM – 10:00 PM
Saturday: 11:00 AM – 10:00 PM
Sunday: 11:00 AM – 10:00 PM",1,,,,,,,,,,,,,,,180,9GF6CQMH+3Q
ChIJQWSlI6KUkkYR7K46m6u2iBY,Amijami Sushi Kesklinn,"Ravi tn 13, 10138 Tallinn, Estonia","Ravi tn 13, Tallinn",13,Ravi tänav,,Tallinn,Harju maakond,10138,Estonia,EE,59.427375700000006,24.752662899999997,https://maps.google.com/?cid=1623748513827041004&g_mp=Cilnb29nbGUubWFwcy5wbGFjZXMudjEuUGxhY2VzLlNlYXJjaE5lYXJieRACGAQgAA,https://tellimus.amijami.ee/amijami-sushi-ravi,5596 3787,+372 5596 3787,4.5,428,2,$$,OPERATIONAL,sushi_restaurant,Sushi Restaurant,"sushi_restaurant,bar,japanese_restaurant,restaurant,food,point_of_interest,establishment","Monday: 11:00 AM – 10:00 PM
Tuesday: 11:00 AM – 10:00 PM
Wednesday: 11:00 AM – 10:00 PM
Thursday: 11:00 AM – 10:00 PM
Friday: 11:00 AM – 10:00 PM
Saturday: 11:00 AM – 10:00 PM
Sunday: 11:00 AM – 10:00 PM",1,,,,,,,,,,,,,,,180,9GF6CQG3+X3
ChIJ42rKwf-VkkYR9vG_Dpe_amw,Amijami Sushi Kristiine,"Kristiine EE, Sõpruse pst 30, 10615 Tallinn, Estonia","Kristiine EE, Sõpruse pst 30, Tallinn",30,Sõpruse puiestee,,Tallinn,Harju maakond,10615,Estonia,EE,59.421586999999995,24.7139223,https://maps.google.com/?cid=7812267159135973878&g_mp=Cilnb29nbGUubWFwcy5wbGFjZXMudjEuUGxhY2VzLlNlYXJjaE5lYXJieRACGAQgAA,https://tellimus.amijami.ee/amijami-sushi-kristiine,5650 0541,+372 5650 0541,4.4,59,2,$$,OPERATIONAL,sushi_restaurant,Sushi Restaurant,"sushi_restaurant,japanese_restaurant,restaurant,food,point_of_interest,establishment","Monday: 11:00 AM – 10:00 PM
Tuesday: 11:00 AM – 10:00 PM
Wednesday: 11:00 AM – 10:00 PM
Thursday: 11:00 AM – 10:00 PM
Friday: 11:00 AM – 10:00 PM
Saturday: 11:00 AM – 10:00 PM
Sunday: 11:00 AM – 10:00 PM",1,,,,,,,,,,,,,,,180,9GF6CPC7+JH
ChIJeZ4DN4mTkkYRmj-buOkyM3w,Amijami Sushi Põhja-Tallinn,"Marati tn 4a-1, 11712 Tallinn, Estonia","Marati tn 4a-1, Tallinn",4a,Marati tänav,,Tallinn,Harju maakond,11712,Estonia,EE,59.457091399999996,24.674147400000003,https://maps.google.com/?cid=8949552863921258394&g_mp=Cilnb29nbGUubWFwcy5wbGFjZXMudjEuUGxhY2VzLlNlYXJjaE5lYXJieRACGAQgAA,https://www.amijami.ee/,5835 7555,+372 5835 7555,4.9,37,2,$$,OPERATIONAL,sushi_restaurant,Sushi Restaurant,"sushi_restaurant,japanese_restaurant,restaurant,food,point_of_interest,establishment","Monday: 11:30 AM – 10:00 PM
Tuesday: 11:30 AM – 10:00 PM
Wednesday: 11:30 AM – 10:00 PM
Thursday: 11:30 AM – 10:00 PM
Friday: 11:30 AM – 10:00 PM
Saturday: 11:30 AM – 10:00 PM
Sunday: 11:30 AM – 10:00 PM",1,,,,,,,,,,,,,,,180,9GF6FM4F+RM
ChIJo24XX9-UkkYRcf--c7ct2vY,AMPS Järve,"Pärnu maantee, Järve Keskus 238, 11624 Tallinn, Estonia","Pärnu maantee, Järve Keskus 238, Tallinn",238,Järve Keskus,,Tallinn,Harju maakond,11624,Estonia,EE,59.3933914,24.7202408,https://maps.google.com/?cid=17787579944197357425&g_mp=Cilnb29nbGUubWFwcy5wbGFjZXMudjEuUGxhY2VzLlNlYXJjaE5lYXJieRACGAQgAA,https://amps.ee/jarve/,667 3682,+372 667 3682,4.3,698,1,$,OPERATIONAL,bistro,Bistro,"bistro,coffee_shop,pizza_restaurant,cafe,food_store,store,restaurant,food,point_of_interest,establishment","Monday: 8:30 AM – 9:00 PM
Tuesday: 8:30 AM – 9:00 PM
Wednesday: 8:30 AM – 9:00 PM
Thursday: 8:30 AM – 9:00 PM
Friday: 8:30 AM – 9:00 PM
Saturday: 9:00 AM – 9:00 PM
Sunday: 9:00 AM – 8:00 PM",1,,,,,,,,,,,,,,,180,9GF69PVC+93
ChIJA15ccMqVkkYRBT0EYnG8wnE,Anatoolia Restoran,"Pärnu mnt. 146-51, 11317 Tallinn, Estonia","Pärnu mnt. 146-51, Tallinn",146,Pärnu maantee,,Tallinn,Harju maakond,11317,Estonia,EE,59.4100281,24.7355917,https://maps.google.com/?cid=8197321466929495301&g_mp=Cilnb29nbGUubWFwcy5wbGFjZXMudjEuUGxhY2VzLlNlYXJjaE5lYXJieRACGAQgAA,http://www.anatoolia.eu/,5552 2628,+372 5552 2628,4.8,146,2,$$,OPERATIONAL,restaurant,Restaurant,"restaurant,food,point_of_interest,establishment","Monday: 11:00 AM – 10:00 PM
Tuesday: 11:00 AM – 10:00 PM
Wednesday: 11:00 AM – 10:00 PM
Thursday: 11:00 AM – 10:00 PM
Friday: 11:00 AM – 10:00 PM
Saturday: 11:00 AM – 10:00 PM
Sunday: 11:00 AM – 8:00 PM",1,,,,,,,,,,,,,,,180,9GF6CP6P+26
ChIJcyCdM5aTkkYRhB9wE3wimWE,Anime Sushi,"Telliskivi tn 62, 10412 Tallinn, Estonia","Telliskivi tn 62, Tallinn",62,Telliskivi tänav,,Tallinn,Harju maakond,10412,Estonia,EE,59.440524,24.7306008,https://maps.google.com/?cid=7032690209413144452&g_mp=Cilnb29nbGUubWFwcy5wbGFjZXMudjEuUGxhY2VzLlNlYXJjaE5lYXJieRACGAQgAA,,5801 3333,+372 5801 3333,4.4,28,2,$$,OPERATIONAL,asian_restaurant,Asian Restaurant,"asian_restaurant,restaurant,food,point_of_interest,establishment","Monday: 10:30 AM – 10:30 PM
Tuesday: 10:30 AM – 10:30 PM
Wednesday: 10:30 AM – 10:30 PM
Thursday: 10:30 AM – 10:30 PM
Friday: 10:30 AM – 10:30 PM
Saturday: 10:30 AM – 10:30 PM
Sunday: 10:30 AM – 10:30 PM",1,,,,,,,,,,,,,,,180,9GF6CPRJ+66
ChIJfZC9vF2TkkYRKUTV3Fx1jAs,"ANNO, Home restaurant & Wine Corner","Poldri tn 3, 10154 Tallinn, Estonia","Poldri tn 3, Tallinn",3,Poldri tänav,,Tallinn,Harju maakond,10154,Estonia,EE,59.44014800000001,24.7655829,https://maps.google.com/?cid=832169072859104297&g_mp=Cilnb29nbGUubWFwcy5wbGFjZXMudjEuUGxhY2VzLlNlYXJjaE5lYXJieRACGAQgAA,https://www.anno.ee/sites/default/files/anno_menu/2026-07_anno_menu_soolane.pdf,622 0044,+372 622 0044,4.7,308,,,CLOSED_TEMPORARILY,restaurant,Restaurant,"restaurant,food,point_of_interest,establishment",,,,,,,,,,,,,,,,,180,9GF6CQR8+36
ChIJj8Eu27nskkYR68Z0gSeo0Hg,Annön,"Parkla, Kalevipoja põik 10, 13614 Tallinn, Estonia","Parking lot, Kalevipoja põik 10, Tallinn",10,Kalevipoja põik,,Tallinn,Harju maakond,13614,Estonia,EE,59.438937300000006,24.8311022,https://maps.google.com/?cid=8705642967336273643&g_mp=Cilnb29nbGUubWFwcy5wbGFjZXMudjEuUGxhY2VzLlNlYXJjaE5lYXJieRACGAQgAA,https://www.facebook.com/pages/Ann%C3%B6n/777252022331044,632 7802,+372 632 7802,4.7,303,2,$$,OPERATIONAL,korean_restaurant,Korean Restaurant,"korean_restaurant,restaurant,food,point_of_interest,establishment","Monday: 11:00 AM – 6:00 PM
Tuesday: 11:00 AM – 6:00 PM
Wednesday: 11:00 AM – 6:00 PM
Thursday: 11:00 AM – 6:00 PM
Friday: 11:00 AM – 6:00 PM
Saturday: Closed
Sunday: Closed",1,,,,,,,,,,,,,,,180,9GF6CRQJ+HC
ChIJf4FaLJKUkkYRrBjKZiovnGs,Antalya Restaurant,"Nõmme tee 7, 11315 Tallinn, Estonia","Nõmme tee 7, Tallinn",7,Nõmme tee,,Tallinn,Harju maakond,11315,Estonia,EE,59.4210872,24.724344499999997,https://maps.google.com/?cid=7754124517584804012&g_mp=Cilnb29nbGUubWFwcy5wbGFjZXMudjEuUGxhY2VzLlNlYXJjaE5lYXJieRACGAQgAA,http://www.antalya.ee/,655 3316,+372 655 3316,4.6,1038,2,$$,OPERATIONAL,turkish_restaurant,Turkish Restaurant,"turkish_restaurant,mediterranean_restaurant,european_restaurant,restaurant,food,point_of_interest,establishment","Monday: 12:00 – 10:30 PM
Tuesday: 12:00 – 10:30 PM
Wednesday: 12:00 – 10:30 PM
Thursday: 12:00 – 10:30 PM
Friday: 12:00 – 11:30 PM
Saturday: 12:00 – 11:30 PM
Sunday: 12:00 – 10:30 PM",0,,,,,,,,,,,,,,,180,9GF6CPCF+CP
ChIJVR8qN4ftkkYRJITJxebCD_s,APPETHAIZER - Thai cuisine,"Urva tn 2, 12012 Tallinn, Estonia","Urva tn 2, Tallinn",2,Urva tänav,,Tallinn,Harju maakond,12012,Estonia,EE,59.4581155,24.8305305,https://maps.google.com/?cid=18090892524587156516&g_mp=Cilnb29nbGUubWFwcy5wbGFjZXMudjEuUGxhY2VzLlNlYXJjaE5lYXJieRACGAQgAA,https://www.facebook.com/profile.php?id=100092391288155,5306 2062,+372 5306 2062,4.8,86,1,$,OPERATIONAL,thai_restaurant,Thai Restaurant,"thai_restaurant,restaurant,food,point_of_interest,establishment","Monday: 12:00 – 7:00 PM
Tuesday: 12:00 – 7:00 PM
Wednesday: 12:00 – 7:00 PM
Thursday: 12:00 – 7:00 PM
Friday: 12:00 – 7:00 PM
Saturday: Closed
Sunday: Closed",0,,,,,,,,,,,,,,,180,9GF6FR5J+66
ChIJH2O5s3iTkkYRdgelSbCaqlQ,Argentiina restoran,"Lootsi tn 8, 10151 Tallinn, Estonia","Lootsi tn 8, Tallinn",8,Lootsi tänav,,Tallinn,Harju maakond,10151,Estonia,EE,59.44129299999999,24.765678899999997,https://maps.google.com/?cid=6100858727167231862&g_mp=Cilnb29nbGUubWFwcy5wbGFjZXMudjEuUGxhY2VzLlNlYXJjaE5lYXJieRACGAQgAA,https://argentiina.ee/,660 5178,+372 660 5178,4.5,2427,3,$$$,OPERATIONAL,steak_house,Steak House,"steak_house,restaurant,food,point_of_interest,establishment","Monday: 12:00 – 10:00 PM
Tuesday: 12:00 – 10:00 PM
Wednesday: 12:00 PM – 12:00 AM
Thursday: 12:00 PM – 12:00 AM
Friday: 12:00 PM – 12:00 AM
Saturday: 12:00 PM – 12:00 AM
Sunday: 12:00 – 10:00 PM",1,,,,,,,,,,,,,,,180,9GF6CQR8+G7
ChIJBdogx4-UkkYR7BPfZS4pMVE,Argo baar,"F. R. Faehlmanni tn 3, 10125 Tallinn, Estonia","F. R. Faehlmanni tn 3, Tallinn",3,F. R. Faehlmanni tänav,,Tallinn,Harju maakond,10125,Estonia,EE,59.435177599999996,24.769793099999998,https://maps.google.com/?cid=5850502670185337836&g_mp=Cilnb29nbGUubWFwcy5wbGFjZXMudjEuUGxhY2VzLlNlYXJjaE5lYXJieRACGAQgAA,http://argoresto.ee/,601 5660,+372 601 5660,4.5,735,2,$$,OPERATIONAL,eastern_european_restaurant,Eastern European Restaurant,"eastern_european_restaurant,european_restaurant,restaurant,food,point_of_interest,establishment","Monday: 11:00 AM – 10:00 PM
Tuesday: 11:00 AM – 10:00 PM
Wednesday: 11:00 AM – 10:00 PM
Thursday: 11:00 AM – 10:00 PM
Friday: 11:00 AM – 10:00 PM
Saturday: 11:00 AM – 10:00 PM
Sunday: 11:00 AM – 9:00 PM",1,,,,,,,,,,,,,,,180,9GF6CQP9+3W
ChIJAwQUdoGUkkYRft_77SHCWQg,Ariran Restaurant,"Telliskivi tn 35, 10611 Tallinn, Estonia","Telliskivi tn 35, Tallinn",35,Telliskivi tänav,,Tallinn,Harju maakond,10611,Estonia,EE,59.437239600000005,24.7227705,https://maps.google.com/?cid=601725476213088126&g_mp=Cilnb29nbGUubWFwcy5wbGFjZXMudjEuUGxhY2VzLlNlYXJjaE5lYXJieRACGAQgAA,,673 3992,+372 673 3992,4.1,294,2,$$,OPERATIONAL,korean_restaurant,Korean Restaurant,"korean_restaurant,restaurant,food,point_of_interest,establishment","Monday: 11:00 AM – 10:00 PM
Tuesday: 11:00 AM – 10:00 PM
Wednesday: 11:00 AM – 10:00 PM
Thursday: 11:00 AM – 10:00 PM
Friday: 11:00 AM – 10:00 PM
Saturday: 11:00 AM – 10:00 PM
Sunday: 11:00 AM – 10:00 PM",1,,,,,,,,,,,,,,,180,9GF6CPPF+V4
ChIJa6PZjuWUkkYR-6rP5wvp39E,Armudu,"Nõmme tee 101a, 13418 Tallinn, Estonia","Nõmme tee 101a, Tallinn",101a,Nõmme tee,,Tallinn,Harju maakond,13418,Estonia,EE,59.4056001,24.710366900000004,https://maps.google.com/?cid=15123062311076473595&g_mp=Cilnb29nbGUubWFwcy5wbGFjZXMudjEuUGxhY2VzLlNlYXJjaE5lYXJieRACGAQgAA,https://www.restoranarmudu.ee/et,677 3903,+372 677 3903,4.4,2658,2,$$,OPERATIONAL,restaurant,Restaurant,"restaurant,middle_eastern_restaurant,eastern_european_restaurant,european_restaurant,live_music_venue,event_venue,food,point_of_interest,establishment","Monday: 11:00 AM – 11:00 PM
Tuesday: 11:00 AM – 11:00 PM
Wednesday: 11:00 AM – 11:00 PM
Thursday: 11:00 AM – 11:00 PM
Friday: 11:00 AM – 2:00 AM
Saturday: 11:00 AM – 2:00 AM
Sunday: 11:00 AM – 11:00 PM",1,,,,,,,,,,,,,,,180,9GF6CP46+64
ChIJv1ro0arrkkYRiz88vqIfqlo,Armudu Peetri,"Veesaare tee 2, Peetri, 75312 Harju maakond, Estonia","Veesaare tee 2, Peetri",2,Veesaare tee,,Peetri,Harju maakond,75312,Estonia,EE,59.4019966,24.8114967,https://maps.google.com/?cid=6533068993291108235&g_mp=Cilnb29nbGUubWFwcy5wbGFjZXMudjEuUGxhY2VzLlNlYXJjaE5lYXJieRACGAQgAA,https://www.restoranarmudu.ee/et,600 8683,+372 600 8683,4.4,432,2,$$,OPERATIONAL,restaurant,Restaurant,"restaurant,middle_eastern_restaurant,eastern_european_restaurant,european_restaurant,food,point_of_interest,establishment","Monday: 11:00 AM – 10:00 PM
Tuesday: 11:00 AM – 10:00 PM
Wednesday: 11:00 AM – 10:00 PM
Thursday: 11:00 AM – 10:00 PM
Friday: 11:00 AM – 11:00 PM
Saturday: 11:00 AM – 11:00 PM
Sunday: 11:00 AM – 10:00 PM",1,,,,,,,,,,,,,,,180,9GF6CR26+QH
ChIJe1CB6mOTkkYRHrrEDgszmsQ,Art Priori,"Olevimägi 7, 10133 Tallinn, Estonia","Olevimägi 7, Tallinn",7,Olevimägi,,Tallinn,Harju maakond,10133,Estonia,EE,59.439998300000006,24.747791,https://maps.google.com/?cid=14166691700432747038&g_mp=Cilnb29nbGUubWFwcy5wbGFjZXMudjEuUGxhY2VzLlNlYXJjaE5lYXJieRACGAQgAA,https://www.artpriori.ee/?utm_source=google&utm_medium=wix_google_business_profile&utm_campaign=17021892367184414540,5359 9895,+372 5359 9895,4.6,302,,,OPERATIONAL,restaurant,Restaurant,"restaurant,fine_dining_restaurant,food,point_of_interest,establishment","Monday: Closed
Tuesday: Closed
Wednesday: 5:00 – 11:00 PM
Thursday: 5:00 – 11:00 PM
Friday: 5:00 PM – 12:00 AM
Saturday: 5:00 PM – 12:00 AM
Sunday: Closed",0,,,,,,,,,,,,,,,180,9GF6CPQX+X4
ChIJaT0t1p6UkkYRwL8euoh9tQA,Asian Aroma,"P. Süda tn 1, 10118 Tallinn, Estonia","P. Süda tn 1, Tallinn",1,P. Süda tänav,,Tallinn,Harju maakond,10118,Estonia,EE,59.430144299999995,24.746127299999998,https://maps.google.com/?cid=51084996976230336&g_mp=Cilnb29nbGUubWFwcy5wbGFjZXMudjEuUGxhY2VzLlNlYXJjaE5lYXJieRACGAQgAA,http://asianaroma.ee/,5331 1563,+372 5331 1563,4.2,466,2,$$,OPERATIONAL,indian_restaurant,Indian Restaurant,"indian_restaurant,thai_restaurant,asian_restaurant,chinese_restaurant,restaurant,food,point_of_interest,establishment","Monday: 12:00 – 10:00 PM
Tuesday: 12:00 – 10:00 PM
Wednesday: 12:00 – 10:00 PM
Thursday: 12:00 – 10:00 PM
Friday: 12:00 – 10:00 PM
Saturday: 12:00 – 10:00 PM
Sunday: 12:00 – 10:00 PM",1,,,,,,,,,,,,,,,180,9GF6CPJW+3F
ChIJP2XSaVyTkkYRlHdoFYEZZjI,Asian Fair,"Tuukri põik 3, 10120 Tallinn, Estonia","Tuukri põik 3, Tallinn",3,Tuukri põik,,Tallinn,Harju maakond,10120,Estonia,EE,59.438905899999995,24.7697282,https://maps.google.com/?cid=3631618191721527188&g_mp=Cilnb29nbGUubWFwcy5wbGFjZXMudjEuUGxhY2VzLlNlYXJjaE5lYXJieRACGAQgAA,http://www.asianfair.ee/,5689 7497,+372 5689 7497,4.5,446,2,$$,OPERATIONAL,asian_restaurant,Asian Restaurant,"asian_restaurant,restaurant,food,point_of_interest,establishment","Monday: 12:00 – 10:00 PM
Tuesday: 12:00 – 10:00 PM
Wednesday: 12:00 – 10:00 PM
Thursday: 12:00 – 10:00 PM
Friday: 12:00 – 10:00 PM
Saturday: 1:00 – 10:00 PM
Sunday: Closed",1,,,,,,,,,,,,,,,180,9GF6CQQ9+HV
ChIJHzRHZsOTkkYRjo_wC7Zjr2I,Asian wok,"Raua tn 1, 10124 Tallinn, Estonia","Raua tn 1, Tallinn",1,Raua tänav,,Tallinn,Harju maakond,10124,Estonia,EE,59.4356303,24.764341599999998,https://maps.google.com/?cid=7111011970176814990&g_mp=Cilnb29nbGUubWFwcy5wbGFjZXMudjEuUGxhY2VzLlNlYXJjaE5lYXJieRACGAQgAA,https://asianwokrestaurant.ee/online-menu,5568 4477,+372 5568 4477,4.6,402,2,$$,OPERATIONAL,restaurant,Restaurant,"restaurant,food,point_of_interest,establishment","Monday: 11:30 AM – 11:00 PM
Tuesday: 11:30 AM – 11:00 PM
Wednesday: 11:30 AM – 11:00 PM
Thursday: 11:30 AM – 11:00 PM
Friday: 11:30 AM – 11:00 PM
Saturday: 12:00 – 11:00 PM
Sunday: 12:00 – 11:00 PM",1,,,,,,,,,,,,,,,180,9GF6CQP7+7P
ChIJcZzHCzeVkkYRb53FeamJ6qc,Austerium oyster bar & wine,"Rävala pst 19, 10143 Tallinn, Estonia","Rävala pst 19, Tallinn",19,Rävala puiestee,,Tallinn,Harju maakond,10143,Estonia,EE,59.4306208,24.748519299999998,https://maps.google.com/?cid=12099634709869731183&g_mp=Cilnb29nbGUubWFwcy5wbGFjZXMudjEuUGxhY2VzLlNlYXJjaE5lYXJieRACGAQgAA,http://www.austerium.ee/,5622 3688,+372 5622 3688,5.0,95,3,$$$,OPERATIONAL,oyster_bar_restaurant,Oyster Bar Restaurant,"oyster_bar_restaurant,wine_bar,bar,farm,seafood_restaurant,service,restaurant,food,point_of_interest,establishment","Monday: Closed
Tuesday: 5:00 – 9:00 PM
Wednesday: 5:00 – 9:00 PM
Thursday: Closed
Friday: 5:00 – 10:00 PM
Saturday: 5:00 – 9:00 PM
Sunday: Closed",0,,,,,,,,,,,,,,,180,9GF6CPJX+6C
ChIJjYshpN-TkkYRkrd1CysMNPc,Azerbaijan Šašlõkk,"Telliskivi tn 62, 10412 Tallinn, Estonia","Telliskivi tn 62, Tallinn",62,Telliskivi tänav,,Tallinn,Harju maakond,10412,Estonia,EE,59.44054979999999,24.730455199999998,https://maps.google.com/?cid=17812875805172545426&g_mp=Cilnb29nbGUubWFwcy5wbGFjZXMudjEuUGxhY2VzLlNlYXJjaE5lYXJieRACGAQgAA,,5810 2434,+372 5810 2434,4.7,46,2,$$,OPERATIONAL,middle_eastern_restaurant,Middle Eastern Restaurant,"middle_eastern_restaurant,eastern_european_restaurant,european_restaurant,restaurant,food,point_of_interest,establishment","Monday: 10:30 AM – 10:30 PM
Tuesday: 10:30 AM – 10:30 PM
Wednesday: 10:30 AM – 10:30 PM
Thursday: 10:30 AM – 10:30 PM
Friday: 10:30 AM – 10:30 PM
Saturday: 10:30 AM – 10:30 PM
Sunday: 10:30 AM – 10:30 PM",1,,,,,,,,,,,,,,,180,9GF6CPRJ+65
ChIJq2nCYFTrkkYRJHpssxgpdaA,Babyback Ribs & BBQ,"Suur-Sõjamäe tn 4, 11415 Tallinn, Estonia","Suur-Sõjamäe tn 4, Tallinn",4,Suur-Sõjamäe tänav,,Tallinn,Harju maakond,11415,Estonia,EE,59.4212293,24.7943401,https://maps.google.com/?cid=11562192804409801252&g_mp=Cilnb29nbGUubWFwcy5wbGFjZXMudjEuUGxhY2VzLlNlYXJjaE5lYXJieRACGAQgAA,http://www.babyback.ee/,607 7008,+372 607 7008,3.9,1076,2,$$,OPERATIONAL,american_restaurant,American Restaurant,"american_restaurant,restaurant,food,point_of_interest,establishment","Monday: 11:00 AM – 8:30 PM
Tuesday: 11:00 AM – 8:30 PM
Wednesday: 11:00 AM – 8:30 PM
Thursday: 11:00 AM – 8:30 PM
Friday: 11:00 AM – 9:00 PM
Saturday: 11:00 AM – 8:00 PM
Sunday: 11:00 AM – 7:30 PM",1,,,,,,,,,,,,,,,180,9GF6CQCV+FP
ChIJrQ5hiF2TkkYRSbhPz1OZLvQ,BabyBack Ribs & BBQ,"Lootsi tn 7-10151, 10151 Tallinn, Estonia","Parking lot, Lootsi tn 7-10151, Tallinn",7,Lootsi tänav,,Tallinn,Harju maakond,10151,Estonia,EE,59.441459599999995,24.761833799999998,https://maps.google.com/?cid=17595169379422550089&g_mp=Cilnb29nbGUubWFwcy5wbGFjZXMudjEuUGxhY2VzLlNlYXJjaE5lYXJieRACGAQgAA,https://babyback.ee/,601 5544,+372 601 5544,3.6,1038,2,$$,OPERATIONAL,american_restaurant,American Restaurant,"american_restaurant,restaurant,food,point_of_interest,establishment","Monday: 11:00 AM – 8:00 PM
Tuesday: 11:00 AM – 8:00 PM
Wednesday: 11:00 AM – 8:00 PM
Thursday: 11:00 AM – 8:00 PM
Friday: 11:00 AM – 8:00 PM
Saturday: 11:00 AM – 8:00 PM
Sunday: 11:00 AM – 7:30 PM",1,,,,,,,,,,,,,,,180,9GF6CQR6+HP
ChIJi73ezlqTkkYRor8dgzALr_g,BACIO Restoran & Kohvik,"Narva mnt 63-4, 10120 Tallinn, Estonia","Narva mnt 63-4, Tallinn",63,Narva maantee,,Tallinn,Harju maakond,10120,Estonia,EE,59.4402785,24.781538899999997,https://maps.google.com/?cid=17919553745316593570&g_mp=Cilnb29nbGUubWFwcy5wbGFjZXMudjEuUGxhY2VzLlNlYXJjaE5lYXJieRACGAQgAA,http://www.bacio.ee/,5302 0902,+372 5302 0902,4.4,765,,,OPERATIONAL,italian_restaurant,Italian Restaurant,"italian_restaurant,coffee_shop,cafe,food_store,store,european_restaurant,restaurant,food,point_of_interest,establishment","Monday: Closed
Tuesday: Closed
Wednesday: Closed
Thursday: Closed
Friday: 6:00 – 11:00 PM
Saturday: 6:00 – 11:00 PM
Sunday: Closed",0,,,,,,,,,,,,,,,180,9GF6CQRJ+4J
ChIJ5coLGwCTkkYRYHKxYS2kwsM,Bad Habits Balti Jaama Turg,"Kopli tn 1, 10412 Tallinn, Estonia","Kopli tn 1, Tallinn",1,Kopli tänav,,Tallinn,Harju maakond,10412,Estonia,EE,59.44093410000001,24.7347671,https://maps.google.com/?cid=14106017497697317472&g_mp=Cilnb29nbGUubWFwcy5wbGFjZXMudjEuUGxhY2VzLlNlYXJjaE5lYXJieRACGAQgAA,https://badhabits.ee/,600 8828,+372 600 8828,4.7,903,2,$$,OPERATIONAL,restaurant,Restaurant,"restaurant,food,point_of_interest,establishment","Monday: 11:00 AM – 9:00 PM
Tuesday: 11:00 AM – 9:00 PM
Wednesday: 11:00 AM – 9:00 PM
Thursday: 11:00 AM – 11:00 PM
Friday: 11:00 AM – 11:00 PM
Saturday: 11:00 AM – 11:00 PM
Sunday: 11:00 AM – 9:00 PM",1,,,,,,,,,,,,,,,180,9GF6CPRM+9W
ChIJvcRW8vCVkkYRLZQ8UtBb4kE,Badam restoran,"Lastekodu tn 35, 10113 Tallinn, Estonia","Parking lot, Lastekodu tn 35, Tallinn",35,Lastekodu tänav,,Tallinn,Harju maakond,10113,Estonia,EE,59.42764279999999,24.7754944,https://maps.google.com/?cid=4747457907492951085&g_mp=Cilnb29nbGUubWFwcy5wbGFjZXMudjEuUGxhY2VzLlNlYXJjaE5lYXJieRACGAQgAA,https://badam.ee/,5821 4430,+372 5821 4430,4.1,270,2,$$,OPERATIONAL,restaurant,Restaurant,"restaurant,food,point_of_interest,establishment","Monday: 11:00 AM – 10:00 PM
Tuesday: 11:00 AM – 10:00 PM
Wednesday: 11:00 AM – 10:00 PM
Thursday: 11:00 AM – 10:00 PM
Friday: 11:00 AM – 11:00 PM
Saturday: 11:00 AM – 11:00 PM
Sunday: 11:00 AM – 10:00 PM",1,,,,,,,,,,,,,,,180,9GF6CQHG+35
ChIJRWsyc-mTkkYRmwu37Vj-b4E,Badass Pizza Aia,"Aia tn 7, 10111 Tallinn, Estonia","Aia tn 7, Tallinn",7,Aia tänav,,Tallinn,Harju maakond,10111,Estonia,EE,59.43830690000001,24.750918400000003,https://maps.google.com/?cid=9326953011206359963&g_mp=Cilnb29nbGUubWFwcy5wbGFjZXMudjEuUGxhY2VzLlNlYXJjaE5lYXJieRACGAQgAA,https://www.badasspizza.ee/,600 8802,+372 600 8802,4.6,111,2,$$,OPERATIONAL,pizza_restaurant,Pizza Restaurant,"pizza_restaurant,restaurant,food,point_of_interest,establishment","Monday: 11:00 AM – 9:30 PM
Tuesday: 11:00 AM – 9:30 PM
Wednesday: 11:00 AM – 9:30 PM
Thursday: 11:00 AM – 9:30 PM
Friday: 11:00 AM – 9:30 PM
Saturday: 11:00 AM – 9:30 PM
Sunday: 11:00 AM – 9:30 PM",1,,,,,,,,,,,,,,,180,9GF6CQQ2+89
ChIJL9dJDgCVkkYR3usUtP1MZyQ,Bagus Bali,"Raudtee tn 15, 11621 Tallinn, Estonia","Raudtee tn 15, Tallinn",15,Raudtee tänav,,Tallinn,Harju maakond,11621,Estonia,EE,59.385905699999995,24.686809699999998,https://maps.google.com/?cid=2623149960498310110&g_mp=Cilnb29nbGUubWFwcy5wbGFjZXMudjEuUGxhY2VzLlNlYXJjaE5lYXJieRACGAQgAA,https://www.facebook.com/p/Bagus-Bali-61571619090499/,5687 6131,+372 5687 6131,4.9,117,1,$,OPERATIONAL,indonesian_restaurant,Indonesian Restaurant,"indonesian_restaurant,restaurant,food,point_of_interest,establishment","Monday: Closed
Tuesday: 12:00 – 7:00 PM
Wednesday: 12:00 – 7:00 PM
Thursday: 12:00 – 7:00 PM
Friday: 12:00 – 8:00 PM
Saturday: 12:00 – 8:00 PM
Sunday: Closed",0,,,,,,,,,,,,,,,180,9GF69MPP+9P
ChIJH24JGYaTkkYRehsr-2fghCU,Balagan,"Kalma tn 11, 10411 Tallinn, Estonia","Kalma tn 11, Tallinn",11,Kalma tänav,,Tallinn,Harju maakond,10411,Estonia,EE,59.4433231,24.7347866,https://maps.google.com/?cid=2703532413529299834&g_mp=Cilnb29nbGUubWFwcy5wbGFjZXMudjEuUGxhY2VzLlNlYXJjaE5lYXJieRACGAQgAA,http://balagan.st/,512 5064,+372 512 5064,4.9,97,2,$$,OPERATIONAL,middle_eastern_restaurant,Middle Eastern Restaurant,"middle_eastern_restaurant,restaurant,food,point_of_interest,establishment","Monday: Closed
Tuesday: 10:00 AM – 9:00 PM
Wednesday: 10:00 AM – 9:00 PM
Thursday: 10:00 AM – 9:00 PM
Friday: 10:00 AM – 9:00 PM
Saturday: 10:00 AM – 9:00 PM
Sunday: 10:00 AM – 9:00 PM",1,,,,,,,,,,,,,,,180,9GF6CPVM+8W
ChIJa5i14nyTkkYRz2UiPJ76ECE,Baojaam,"Kopli tn 1, 10412 Tallinn, Estonia","Kopli tn 1, Tallinn",1,Kopli tänav,,Tallinn,Harju maakond,10412,Estonia,EE,59.440958699999996,24.7356336,https://maps.google.com/?cid=2382679760399656399&g_mp=Cilnb29nbGUubWFwcy5wbGFjZXMudjEuUGxhY2VzLlNlYXJjaE5lYXJieRACGAQgAA,https://baojaam.ee/,5649 9908,+372 5649 9908,4.3,347,2,$$,OPERATIONAL,taiwanese_restaurant,Taiwanese Restaurant,"taiwanese_restaurant,restaurant,food,point_of_interest,establishment","Monday: 11:00 AM – 3:30 PM, 4:00 – 8:00 PM
Tuesday: 11:00 AM – 3:30 PM, 4:00 – 8:00 PM
Wednesday: 11:00 AM – 3:30 PM, 4:00 – 8:00 PM
Thursday: 11:00 AM – 3:30 PM, 4:00 – 8:00 PM
Friday: 11:00 AM – 3:30 PM, 4:00 – 8:00 PM
Saturday: 11:00 AM – 3:30 PM, 4:00 – 8:00 PM
Sunday: 11:00 AM – 3:30 PM, 4:00 – 6:00 PM",1,,,,,,,,,,,,,,,180,9GF6CPRP+97
ChIJ-Yd5kWeTkkYRymhVUH76y24,Barbarea,"Marati tn 5, 11713 Tallinn, Estonia","Marati tn 5, Tallinn",5,Marati tänav,,Tallinn,Harju maakond,11713,Estonia,EE,59.456192900000005,24.6747807,https://maps.google.com/?cid=7983750184864934090&g_mp=Cilnb29nbGUubWFwcy5wbGFjZXMudjEuUGxhY2VzLlNlYXJjaE5lYXJieRACGAQgAA,https://barbarea.ee/,5887 9777,+372 5887 9777,4.5,316,3,$$$,CLOSED_TEMPORARILY,restaurant,Restaurant,"restaurant,food,point_of_interest,establishment",,,,,,,,,,,,,,,,,180,9GF6FM4F+FW
ChIJA0XRX2GTkkYRFqPfJ1D5QcM,Barbossa restoran,"Peetri tn T5, 10415 Tallinn, Estonia","Peetri tn T5, Tallinn",T5,Peetri tänav,,Tallinn,Harju maakond,10415,Estonia,EE,59.453447499999996,24.7324566,https://maps.google.com/?cid=14069800833543807766&g_mp=Cilnb29nbGUubWFwcy5wbGFjZXMudjEuUGxhY2VzLlNlYXJjaE5lYXJieRACGAQgAA,https://www.facebook.com/profile.php?id=100093100585126,520 8283,+372 520 8283,4.5,60,2,$$,OPERATIONAL,fast_food_restaurant,Fast Food Restaurant,"fast_food_restaurant,restaurant,food,point_of_interest,establishment","Monday: 12:00 – 10:00 PM
Tuesday: 12:00 – 10:00 PM
Wednesday: 12:00 – 10:00 PM
Thursday: 12:00 – 10:00 PM
Friday: 11:30 AM – 10:00 PM
Saturday: 11:30 AM – 10:00 PM
Sunday: 11:30 AM – 10:00 PM",1,,,,,,,,,,,,,,,180,9GF6FP3J+9X
ChIJQ9SvEACTkkYRLvJc5v7K_iA,Basiilik Pizza & Pasta,"Lootsi tn 10-2, 10151 Tallinn, Estonia","Lootsi tn 10-2, Tallinn",10,Lootsi tänav,,Tallinn,Harju maakond,10151,Estonia,EE,59.4417471,24.7652876,https://maps.google.com/?cid=2377560849433555502&g_mp=Cilnb29nbGUubWFwcy5wbGFjZXMudjEuUGxhY2VzLlNlYXJjaE5lYXJieRACGAQgAA,https://basiilik.ee/,5343 6688,+372 5343 6688,4.4,166,2,$$,OPERATIONAL,pizza_restaurant,Pizza Restaurant,"pizza_restaurant,european_restaurant,restaurant,food,point_of_interest,establishment","Monday: 10:00 AM – 9:00 PM
Tuesday: 10:00 AM – 9:00 PM
Wednesday: 10:00 AM – 9:00 PM
Thursday: 10:00 AM – 9:00 PM
Friday: 10:00 AM – 10:00 PM
Saturday: 10:00 AM – 10:00 PM
Sunday: 10:00 AM – 9:00 PM",1,,,,,,,,,,,,,,,180,9GF6CQR8+M4
ChIJtUL8bACTkkYR_N0Wve13a8Q,Batumi,"Kopli tn 99b, 11712 Tallinn, Estonia","Kopli tn 99b, Tallinn",99b,Kopli tänav,,Tallinn,Harju maakond,11712,Estonia,EE,59.460951099999996,24.6679256,https://maps.google.com/?cid=14153538116905262588&g_mp=Cilnb29nbGUubWFwcy5wbGFjZXMudjEuUGxhY2VzLlNlYXJjaE5lYXJieRACGAQgAA,,660 9000,+372 660 9000,4.4,159,2,$$,OPERATIONAL,restaurant,Restaurant,"restaurant,food,point_of_interest,establishment","Monday: 11:00 AM – 11:00 PM
Tuesday: 11:00 AM – 11:00 PM
Wednesday: 11:00 AM – 11:00 PM
Thursday: 11:00 AM – 11:00 PM
Friday: 11:00 AM – 3:00 AM
Saturday: 11:00 AM – 3:00 AM
Sunday: 11:00 AM – 11:00 PM",1,,,,,,,,,,,,,,,180,9GF6FM69+95
ChIJAVBmLeCTkkYROK0IlkejXCA,Beer and Barrel,"Sauna tn 10, 10140 Tallinn, Estonia","Sauna tn 10, Tallinn",10,Sauna tänav,,Tallinn,Harju maakond,10140,Estonia,EE,59.43622079999999,24.748203699999998,https://maps.google.com/?cid=2331918234926230840&g_mp=Cilnb29nbGUubWFwcy5wbGFjZXMudjEuUGxhY2VzLlNlYXJjaE5lYXJieRACGAQgAA,https://beerandbarrel.ee/,5554 4642,+372 5554 4642,4.5,948,2,$$,OPERATIONAL,restaurant,Restaurant,"restaurant,pub,bar,food,point_of_interest,establishment","Monday: 12:00 – 11:00 PM
Tuesday: 12:00 – 11:00 PM
Wednesday: 12:00 – 11:00 PM
Thursday: 12:00 – 11:00 PM
Friday: 12:00 PM – 2:00 AM
Saturday: 12:00 PM – 2:00 AM
Sunday: 12:00 – 11:00 PM",1,,,,,,,,,,,,,,,180,9GF6CPPX+F7
ChIJzVJGDGGTkkYRuPoWfIr4ajc,Beer Garden,"Inseneri tn 1, 10111 Tallinn, Estonia","Inseneri tn 1, Tallinn",1,Inseneri tänav,,Tallinn,Harju maakond,10111,Estonia,EE,59.438225800000005,24.751933299999997,https://maps.google.com/?cid=3993277293288422072&g_mp=Cilnb29nbGUubWFwcy5wbGFjZXMudjEuUGxhY2VzLlNlYXJjaE5lYXJieRACGAQgAA,http://www.beergarden.ee/,688 0013,+372 688 0013,4.3,2350,2,$$,OPERATIONAL,pub,Pub,"pub,sports_bar,beer_garden,bar,restaurant,food,point_of_interest,establishment","Monday: 12:00 – 11:00 PM
Tuesday: 12:00 – 11:00 PM
Wednesday: 12:00 – 11:00 PM
Thursday: 12:00 – 11:00 PM
Friday: 12:00 PM – 2:00 AM
Saturday: 12:00 PM – 2:00 AM
Sunday: 12:00 – 11:00 PM",1,,,,,,,,,,,,,,,180,9GF6CQQ2+7Q
ChIJPdkBTeqTkkYR1rELzGIjRBA,Bella Ciao Restoran,"Kinga tn 1, 10146 Tallinn, Estonia","Kinga tn 1, Tallinn",1,Kinga tänav,,Tallinn,Harju maakond,10146,Estonia,EE,59.4374979,24.744462799999997,https://maps.google.com/?cid=1172100710260257238&g_mp=Cilnb29nbGUubWFwcy5wbGFjZXMudjEuUGxhY2VzLlNlYXJjaE5lYXJieRACGAQgAA,,673 0011,+372 673 0011,3.2,578,2,$$,OPERATIONAL,italian_restaurant,Italian Restaurant,"italian_restaurant,european_restaurant,restaurant,food,point_of_interest,establishment","Monday: 11:30 AM – 12:00 AM
Tuesday: 11:30 AM – 12:00 AM
Wednesday: 11:30 AM – 12:00 AM
Thursday: 11:30 AM – 12:00 AM
Friday: 10:30 AM – 12:00 AM
Saturday: 11:30 AM – 12:00 AM
Sunday: 11:30 AM – 12:00 AM",1,,,,,,,,,,,,,,,180,9GF6CPPV+XQ
ChIJX6YpWhSTkkYROZQu5EkQWPQ,BEP,"Kalma tn 11, 10414 Tallinn, Estonia","Kalma tn 11, Tallinn",11,Kalma tänav,,Tallinn,Harju maakond,10414,Estonia,EE,59.44304689999999,24.7350995,https://maps.google.com/?cid=17606840652751868985&g_mp=Cilnb29nbGUubWFwcy5wbGFjZXMudjEuUGxhY2VzLlNlYXJjaE5lYXJieRACGAQgAA,https://www.bep.ee/,5470 0076,+372 5470 0076,4.8,111,2,$$,OPERATIONAL,restaurant,Restaurant,"restaurant,food,point_of_interest,establishment","Monday: 11:30 AM – 9:00 PM
Tuesday: 11:30 AM – 9:00 PM
Wednesday: 11:30 AM – 9:00 PM
Thursday: 11:30 AM – 9:00 PM
Friday: 11:30 AM – 9:00 PM
Saturday: 12:00 – 9:00 PM
Sunday: 12:00 – 9:00 PM",1,,,,,,,,,,,,,,,180,9GF6CPVP+62
ChIJ3fx2SACTkkYRiP6AMuhmsX8,Best Fries,"Viru 26, 10140 Tallinn, Estonia","Viru 26, Tallinn",26,Viru,,Tallinn,Harju maakond,10140,Estonia,EE,59.4364668,24.7504931,https://maps.google.com/?cid=9201248661160394376&g_mp=Cilnb29nbGUubWFwcy5wbGFjZXMudjEuUGxhY2VzLlNlYXJjaE5lYXJieRACGAQgAA,https://golden-fry-conversion.lovable.app/,5786 7400,+372 5786 7400,4.8,140,1,$,OPERATIONAL,fast_food_restaurant,Fast Food Restaurant,"fast_food_restaurant,restaurant,food,point_of_interest,establishment","Monday: 11:00 AM – 12:00 AM
Tuesday: 11:00 AM – 12:00 AM
Wednesday: 11:00 AM – 12:00 AM
Thursday: 11:00 AM – 12:00 AM
Friday: 11:00 AM – 4:00 AM
Saturday: 11:00 AM – 4:00 AM
Sunday: 11:00 AM – 12:00 AM",1,,,,,,,,,,,,,,,180,9GF6CQP2+H5
ChIJp9OisOKTkkYR3LXRg06z_VQ,BIG's Gastro,"Valukoja tn 22, 11415 Tallinn, Estonia","Valukoja tn 22, Tallinn",22,Valukoja tänav,,Tallinn,Harju maakond,11415,Estonia,EE,59.420355900000004,24.810236399999997,https://maps.google.com/?cid=6124248218094122460&g_mp=Cilnb29nbGUubWFwcy5wbGFjZXMudjEuUGxhY2VzLlNlYXJjaE5lYXJieRACGAQgAA,https://www.facebook.com/BigsGastro/,5301 2177,+372 5301 2177,4.5,81,2,$$,OPERATIONAL,hamburger_restaurant,Hamburger Restaurant,"hamburger_restaurant,american_restaurant,restaurant,food,point_of_interest,establishment","Monday: 11:00 AM – 6:00 PM
Tuesday: 11:00 AM – 6:00 PM
Wednesday: 11:00 AM – 6:00 PM
Thursday: 11:00 AM – 6:00 PM
Friday: 11:00 AM – 6:00 PM
Saturday: Closed
Sunday: Closed",1,,,,,,,,,,,,,,,180,9GF6CRC6+43
ChIJMUKmaACTkkYRJPxqWOhzHD8,Bill The Butcher,"Kopli tn 1, 10412 Tallinn, Estonia","Kopli tn 1, Tallinn",1,Kopli tänav,,Tallinn,Harju maakond,10412,Estonia,EE,59.4411673,24.734956699999998,https://maps.google.com/?cid=4547637165490371620&g_mp=Cilnb29nbGUubWFwcy5wbGFjZXMudjEuUGxhY2VzLlNlYXJjaE5lYXJieRACGAQgAA,https://www.lesmentbros.com/bill-the-butcher,5565 3252,+372 5565 3252,4.3,90,2,$$,OPERATIONAL,fast_food_restaurant,Fast Food Restaurant,"fast_food_restaurant,restaurant,food,point_of_interest,establishment","Monday: 11:00 AM – 8:00 PM
Tuesday: 11:00 AM – 8:00 PM
Wednesday: 11:00 AM – 8:00 PM
Thursday: 11:00 AM – 8:00 PM
Friday: 11:00 AM – 8:00 PM
Saturday: 11:00 AM – 8:00 PM
Sunday: 11:00 AM – 6:00 PM",1,,,,,,,,,,,,,,,180,9GF6CPRM+FX
ChIJVXUsLgCVkkYRFpWIGcgFMCY,Bill the Butcher Solaris,"Estonia pst 9, 10143 Tallinn, Estonia","Estonia pst 9, Tallinn",9,Estonia puiestee,,Tallinn,Harju maakond,10143,Estonia,EE,59.4333403,24.7517809,https://maps.google.com/?cid=2751705729303352598&g_mp=Cilnb29nbGUubWFwcy5wbGFjZXMudjEuUGxhY2VzLlNlYXJjaE5lYXJieRACGAQgAA,,5596 4990,+372 5596 4990,4.6,29,2,$$,OPERATIONAL,fast_food_restaurant,Fast Food Restaurant,"fast_food_restaurant,restaurant,food,point_of_interest,establishment","Monday: 10:45 AM – 9:00 PM
Tuesday: 10:45 AM – 9:00 PM
Wednesday: 10:45 AM – 9:00 PM
Thursday: 10:45 AM – 9:00 PM
Friday: 10:45 AM – 10:00 PM
Saturday: 10:45 AM – 10:00 PM
Sunday: 11:00 AM – 9:00 PM",1,,,,,,,,,,,,,,,180,9GF6CQM2+8P
ChIJ7RQR7FaUkkYRTQisE-YB-hQ,Black Mount Pub,"A. H. Tammsaare tee 137, 12915 Tallinn, Estonia","A. H. Tammsaare tee 137, Tallinn",137,A. H. Tammsaare tee,,Tallinn,Harju maakond,12915,Estonia,EE,59.408530799999994,24.674612699999997,https://maps.google.com/?cid=1511522712620369997&g_mp=Cilnb29nbGUubWFwcy5wbGFjZXMudjEuUGxhY2VzLlNlYXJjaE5lYXJieRACGAQgAA,http://www.blackmount.ee/,657 0455,+372 657 0455,4.5,378,1,$,OPERATIONAL,restaurant,Restaurant,"restaurant,food,point_of_interest,establishment","Monday: 11:00 AM – 10:00 PM
Tuesday: 11:00 AM – 10:00 PM
Wednesday: 11:00 AM – 10:00 PM
Thursday: 11:00 AM – 10:00 PM
Friday: 11:00 AM – 2:00 AM
Saturday: 12:00 PM – 2:00 AM
Sunday: 12:00 – 10:00 PM",1,,,,,,,,,,,,,,,180,9GF6CM5F+CR
ChIJzZdCpR6VkkYR0oVfa065XSw,Blossom,"Liivalaia tn 19, 10118 Tallinn, Estonia","Liivalaia tn 19, Tallinn",19,Liivalaia tänav,,Tallinn,Harju maakond,10118,Estonia,EE,59.42864900000001,24.750909099999998,https://maps.google.com/?cid=3196915056962930130&g_mp=Cilnb29nbGUubWFwcy5wbGFjZXMudjEuUGxhY2VzLlNlYXJjaE5lYXJieRACGAQgAA,https://m.facebook.com/blossomliivalaia19/,5556 5527,+372 5556 5527,4.6,243,2,$$,OPERATIONAL,asian_restaurant,Asian Restaurant,"asian_restaurant,restaurant,food,point_of_interest,establishment","Monday: 11:00 AM – 12:00 AM
Tuesday: 11:00 AM – 12:00 AM
Wednesday: 11:00 AM – 12:00 AM
Thursday: 11:00 AM – 12:00 AM
Friday: 11:00 AM – 12:00 AM
Saturday: 12:00 PM – 12:00 AM
Sunday: 12:00 PM – 12:00 AM",1,,,,,,,,,,,,,,,180,9GF6CQH2+F9
ChIJy-u7qHuTkkYRiJczEZWC_fk,BLU Resto,"Kalaranna tn 8-21, 10415 Tallinn, Estonia","Kalaranna tn 8-21, Tallinn",8,Kalaranna tänav,,Tallinn,Harju maakond,10415,Estonia,EE,59.44785340000001,24.746815299999998,https://maps.google.com/?cid=18013697661302183816&g_mp=Cilnb29nbGUubWFwcy5wbGFjZXMudjEuUGxhY2VzLlNlYXJjaE5lYXJieRACGAQgAA,http://www.bluresto.ee/,5440 0286,+372 5440 0286,4.7,54,2,$$,OPERATIONAL,restaurant,Restaurant,"restaurant,food,point_of_interest,establishment","Monday: Closed
Tuesday: 12:00 – 10:00 PM
Wednesday: 12:00 – 10:00 PM
Thursday: 12:00 – 10:00 PM
Friday: 12:00 – 11:00 PM
Saturday: 11:00 AM – 11:00 PM
Sunday: 11:00 AM – 9:00 PM",1,,,,,,,,,,,,,,,180,9GF6CPXW+4P
ChIJXUGM6c-VkkYRH3lvDexG9Jg,Blue Dragon,"Lembitu tn 6, 10114 Tallinn, Estonia","Lembitu tn 6, Tallinn",6,Lembitu tänav,,Tallinn,Harju maakond,10114,Estonia,EE,59.431687,24.753320199999997,https://maps.google.com/?cid=11021512167734081823&g_mp=Cilnb29nbGUubWFwcy5wbGFjZXMudjEuUGxhY2VzLlNlYXJjaE5lYXJieRACGAQgAA,https://bluedragon.ee/,5606 1544,+372 5606 1544,4.8,50,1,$,OPERATIONAL,restaurant,Restaurant,"restaurant,food,point_of_interest,establishment","Monday: 11:00 AM – 11:40 PM
Tuesday: 11:00 AM – 11:40 PM
Wednesday: 11:00 AM – 11:40 PM
Thursday: 11:00 AM – 11:40 PM
Friday: 11:00 AM – 11:40 PM
Saturday: 11:00 AM – 11:40 PM
Sunday: 11:00 AM – 11:40 PM",1,,,,,,,,,,,,,,,180,9GF6CQJ3+M8
ChIJ2X6C5XeTkkYRQe23Fwj-lus,Boba Koda,"Müürivahe 21, 10140 Tallinn, Estonia","Müürivahe 21, Tallinn",21,Müürivahe,,Tallinn,Harju maakond,10140,Estonia,EE,59.435902199999994,24.7486195,https://maps.google.com/?cid=16976035156130786625&g_mp=Cilnb29nbGUubWFwcy5wbGFjZXMudjEuUGxhY2VzLlNlYXJjaE5lYXJieRACGAQgAA,https://www.instagram.com/bobakoda/,5911 8878,+372 5911 8878,4.3,742,,,OPERATIONAL,tea_house,Tea House,"tea_store,coffee_shop,dessert_shop,cafe,meal_takeaway,tea_house,confectionery,food_store,store,restaurant,food,point_of_interest,establishment","Monday: 12:00 – 7:00 PM
Tuesday: 12:00 – 7:00 PM
Wednesday: 12:00 – 7:00 PM
Thursday: 12:00 – 7:00 PM
Friday: 12:00 – 7:00 PM
Saturday: 12:00 – 7:00 PM
Sunday: 12:00 – 7:00 PM",1,,,,,,,,,,,,,,,180,9GF6CPPX+9C
ChIJqyiDV3yTkkYRVVyIYBZ2ZUY,Boheem,"Kopli tn 18, 10412 Tallinn, Estonia","Kopli tn 18, Tallinn",18,Kopli tänav,,Tallinn,Harju maakond,10412,Estonia,EE,59.441803,24.732362,https://maps.google.com/?cid=5072590393783639125&g_mp=Cilnb29nbGUubWFwcy5wbGFjZXMudjEuUGxhY2VzLlNlYXJjaE5lYXJieRACGAQgAA,http://www.boheem.ee/,631 1928,+372 631 1928,4.4,1690,2,$$,OPERATIONAL,restaurant,Restaurant,"restaurant,cafeteria,pizza_restaurant,food,point_of_interest,establishment","Monday: 9:00 AM – 10:00 PM
Tuesday: 9:00 AM – 10:00 PM
Wednesday: 9:00 AM – 10:00 PM
Thursday: 9:00 AM – 10:00 PM
Friday: 9:00 AM – 11:00 PM
Saturday: 10:00 AM – 11:00 PM
Sunday: 10:00 AM – 10:00 PM",1,,,,,,,,,,,,,,,180,9GF6CPRJ+PW
ChIJo95X47mUkkYRyAm-laUhLkA,Boksipeatus,"Veerenni tn 54, 11313 Tallinn, Estonia","Veerenni tn 54, Tallinn",54,Veerenni tänav,,Tallinn,Harju maakond,11313,Estonia,EE,59.41411970000001,24.7567424,https://maps.google.com/?cid=4624670862421658056&g_mp=Cilnb29nbGUubWFwcy5wbGFjZXMudjEuUGxhY2VzLlNlYXJjaE5lYXJieRACGAQgAA,https://www.boksipeatus.ee/,5852 8852,+372 5852 8852,4.6,564,1,$,OPERATIONAL,fast_food_restaurant,Fast Food Restaurant,"fast_food_restaurant,restaurant,food,point_of_interest,establishment","Monday: 10:00 AM – 7:00 PM
Tuesday: 10:00 AM – 7:00 PM
Wednesday: 10:00 AM – 7:00 PM
Thursday: 10:00 AM – 7:00 PM
Friday: 10:00 AM – 7:00 PM
Saturday: 12:00 – 7:00 PM
Sunday: 12:00 – 7:00 PM",1,,,,,,,,,,,,,,,180,9GF6CQ74+JM
ChIJr4CpSEyVkkYRinWtzRDxlnk,Borsch & Varenyk,"Endla tn 56, 10613 Tallinn, Estonia","Endla tn 56, Tallinn",56,Endla tänav,,Tallinn,Harju maakond,10613,Estonia,EE,59.4278699,24.718031999999997,https://maps.google.com/?cid=8761455179568346506&g_mp=Cilnb29nbGUubWFwcy5wbGFjZXMudjEuUGxhY2VzLlNlYXJjaE5lYXJieRACGAQgAA,https://www.borschvarenyk.ee/,5757 1015,+372 5757 1015,4.7,423,2,$$,OPERATIONAL,ukrainian_restaurant,Ukrainian Restaurant,"ukrainian_restaurant,eastern_european_restaurant,european_restaurant,restaurant,food,point_of_interest,establishment","Monday: 11:00 AM – 11:00 PM
Tuesday: 11:00 AM – 11:00 PM
Wednesday: 11:00 AM – 11:00 PM
Thursday: 11:00 AM – 11:00 PM
Friday: 11:00 AM – 11:00 PM
Saturday: 11:00 AM – 11:00 PM
Sunday: 11:00 AM – 11:00 PM",1,,,,,,,,,,,,,,,180,9GF6CPH9+46
ChIJobCTtmCVkkYREpQRCAB_wn4,Borsch & Varenyk Toompea,"Falgi tee 3-1, 10613 Tallinn, Estonia","Falgi tee 3-1, Tallinn",3,Falgi tee,,Tallinn,Harju maakond,10613,Estonia,EE,59.434722400000005,24.7336261,https://maps.google.com/?cid=9134002632372884498&g_mp=Cilnb29nbGUubWFwcy5wbGFjZXMudjEuUGxhY2VzLlNlYXJjaE5lYXJieRACGAQgAA,https://www.borschvarenyk.ee/,5757 1015,+372 5757 1015,4.7,117,2,$$,OPERATIONAL,ukrainian_restaurant,Ukrainian Restaurant,"ukrainian_restaurant,eastern_european_restaurant,european_restaurant,restaurant,food,point_of_interest,establishment","Monday: 12:00 – 11:00 PM
Tuesday: 12:00 – 11:00 PM
Wednesday: 11:00 AM – 11:00 PM
Thursday: 11:00 AM – 11:00 PM
Friday: 11:00 AM – 12:00 AM
Saturday: 11:00 AM – 12:00 AM
Sunday: 11:00 AM – 11:00 PM",1,,,,,,,,,,,,,,,180,9GF6CPMM+VF
ChIJWWLvHF6TkkYRgzue90_16x0,Bosphorus,"Narva mnt 7d, 10117 Tallinn, Estonia","Narva mnt 7d, Tallinn",7d,Narva maantee,,Tallinn,Harju maakond,10117,Estonia,EE,59.438030299999994,24.760957299999998,https://maps.google.com/?cid=2156086570432478083&g_mp=Cilnb29nbGUubWFwcy5wbGFjZXMudjEuUGxhY2VzLlNlYXJjaE5lYXJieRACGAQgAA,https://www.facebook.com/boshorus.tallinn,669 6782,+372 669 6782,4.5,343,2,$$,CLOSED_TEMPORARILY,cafe,Cafe,"cafe,hookah_bar,banquet_hall,cocktail_bar,event_venue,bar,restaurant,food,point_of_interest,establishment",,,,,,,,,,,,,,,,,180,9GF6CQQ6+69
ChIJ_4grhr7skkYR-nGY6HBf2Rk,Bravo Pizzeria,"Punane tn 48 13619, 13619 Tallinn, Estonia","Punane tn 48 13619, Tallinn",48 13619,Punane tänav,,Tallinn,Harju maakond,13619,Estonia,EE,59.4353134,24.842813,https://maps.google.com/?cid=1862624859437691386&g_mp=Cilnb29nbGUubWFwcy5wbGFjZXMudjEuUGxhY2VzLlNlYXJjaE5lYXJieRACGAQgAA,,515 1579,+372 515 1579,4.0,229,2,$$,OPERATIONAL,pizza_restaurant,Pizza Restaurant,"pizza_restaurant,restaurant,food,point_of_interest,establishment","Monday: 11:00 AM – 10:00 PM
Tuesday: 11:00 AM – 10:00 PM
Wednesday: 11:00 AM – 10:00 PM
Thursday: 11:00 AM – 10:00 PM
Friday: 11:00 AM – 10:00 PM
Saturday: 11:00 AM – 10:00 PM
Sunday: 11:00 AM – 10:00 PM",1,,,,,,,,,,,,,,,180,9GF6CRPV+44
ChIJ952VNXuTkkYR6QNTWplhvkQ,Brezza Sushi,"Põhja pst 17, 10414 Tallinn, Estonia","Põhja pst 17, Tallinn",17,Põhja puiestee,,Tallinn,Harju maakond,10414,Estonia,EE,59.444303,24.742950999999998,https://maps.google.com/?cid=4953503951427404777&g_mp=Cilnb29nbGUubWFwcy5wbGFjZXMudjEuUGxhY2VzLlNlYXJjaE5lYXJieRACGAQgAA,https://brezzasushi.ee/,5819 1492,+372 5819 1492,4.4,96,2,$$,OPERATIONAL,sushi_restaurant,Sushi Restaurant,"sushi_restaurant,japanese_restaurant,restaurant,food,point_of_interest,establishment","Monday: 11:00 AM – 10:30 PM
Tuesday: 11:00 AM – 10:30 PM
Wednesday: 11:00 AM – 10:30 PM
Thursday: 11:00 AM – 10:30 PM
Friday: 11:00 AM – 10:30 PM
Saturday: 11:00 AM – 10:30 PM
Sunday: 11:00 AM – 10:30 PM",1,,,,,,,,,,,,,,,180,9GF6CPVV+P5
ChIJ5ewg6NeTkkYRnT-jidWzaf4,Bruxx - New Belgian,"Rotermanni tn 2, 10111 Tallinn, Estonia","Rotermanni tn 2, Tallinn",2,Rotermanni tänav,,Tallinn,Harju maakond,10111,Estonia,EE,59.43828380000001,24.7577566,https://maps.google.com/?cid=18332381487906897821&g_mp=Cilnb29nbGUubWFwcy5wbGFjZXMudjEuUGxhY2VzLlNlYXJjaE5lYXJieRACGAQgAA,http://www.bruxx.ee/,5551 9945,+372 5551 9945,4.5,2081,2,$$,OPERATIONAL,belgian_restaurant,Belgian Restaurant,"belgian_restaurant,european_restaurant,restaurant,food,point_of_interest,establishment","Monday: 12:00 PM – 12:00 AM
Tuesday: 12:00 PM – 12:00 AM
Wednesday: 12:00 PM – 12:00 AM
Thursday: 12:00 PM – 12:00 AM
Friday: 12:00 PM – 12:00 AM
Saturday: 12:00 PM – 12:00 AM
Sunday: 12:00 PM – 12:00 AM",1,,,,,,,,,,,,,,,180,9GF6CQQ5+84
ChIJiy5M7fqVkkYRP5oHUV4UzUs,Brööder Kebab,"Tervise tn 21, 13419 Tallinn, Estonia","Tervise tn 21, Tallinn",21,Tervise tänav,,Tallinn,Harju maakond,13419,Estonia,EE,59.39506279999999,24.7005239,https://maps.google.com/?cid=5462044318389213759&g_mp=Cilnb29nbGUubWFwcy5wbGFjZXMudjEuUGxhY2VzLlNlYXJjaE5lYXJieRACGAQgAA,http://www.brooderkebab.ee/,5456 1117,+372 5456 1117,4.6,357,2,$$,OPERATIONAL,turkish_restaurant,Turkish Restaurant,"turkish_restaurant,restaurant,food,point_of_interest,establishment","Monday: 11:00 AM – 9:00 PM
Tuesday: 11:00 AM – 9:00 PM
Wednesday: 11:00 AM – 9:00 PM
Thursday: 11:00 AM – 9:00 PM
Friday: 11:00 AM – 9:00 PM
Saturday: 11:00 AM – 9:00 PM
Sunday: 11:00 AM – 8:00 PM",1,,,,,,,,,,,,,,,180,9GF69PW2+26
ChIJTzcyUOGTkkYRbou78D5lqbI,Brööder Kebab,"Kopli tn 1, 10412 Tallinn, Estonia","Kopli tn 1, Tallinn",1,Kopli tänav,,Tallinn,Harju maakond,10412,Estonia,EE,59.441190299999995,24.7340569,https://maps.google.com/?cid=12873932330816473966&g_mp=Cilnb29nbGUubWFwcy5wbGFjZXMudjEuUGxhY2VzLlNlYXJjaE5lYXJieRACGAQgAA,https://www.brooderkebab.ee/,5301 3133,+372 5301 3133,4.6,273,2,$$,OPERATIONAL,kebab_shop,Kebab Shop,"kebab_shop,restaurant,food,point_of_interest,establishment","Monday: 11:30 AM – 10:00 PM
Tuesday: 11:30 AM – 10:00 PM
Wednesday: 11:30 AM – 10:00 PM
Thursday: 11:30 AM – 11:00 PM
Friday: 11:30 AM – 11:00 PM
Saturday: 11:30 AM – 11:00 PM
Sunday: 11:30 AM – 10:00 PM",1,,,,,,,,,,,,,,,180,9GF6CPRM+FJ
ChIJ4x0iKb-TkkYRra0Rt6BNvis,Bubblebirds Chicken Shop,"Kopli tn 1, 10412 Tallinn, Estonia","Kopli tn 1, Tallinn",1,Kopli tänav,,Tallinn,Harju maakond,10412,Estonia,EE,59.4410854,24.735228,https://maps.google.com/?cid=3152042141867421101&g_mp=Cilnb29nbGUubWFwcy5wbGFjZXMudjEuUGxhY2VzLlNlYXJjaE5lYXJieRACGAQgAA,https://www.lesmentbros.com/bubblebirds-chicken-shop,5560 5290,+372 5560 5290,4.7,35,1,$,OPERATIONAL,fast_food_restaurant,Fast Food Restaurant,"fast_food_restaurant,restaurant,food,point_of_interest,establishment","Monday: 12:00 – 8:00 PM
Tuesday: 12:00 – 8:00 PM
Wednesday: 12:00 – 8:00 PM
Thursday: 12:00 – 8:00 PM
Friday: 12:00 – 8:00 PM
Saturday: 12:00 – 8:00 PM
Sunday: 12:00 – 6:00 PM",1,,,,,,,,,,,,,,,180,9GF6CPRP+C3
ChIJb7aILRCVkkYRAJxgYUovxTA,Bunz Smash Burgers,"Odra tn 16, 10144 Tallinn, Estonia","Odra tn 16, Tallinn",16,Odra tänav,,Tallinn,Harju maakond,10144,Estonia,EE,59.427746,24.771901399999997,https://maps.google.com/?cid=3514267080740346880&g_mp=Cilnb29nbGUubWFwcy5wbGFjZXMudjEuUGxhY2VzLlNlYXJjaE5lYXJieRACGAQgAA,https://bunz.ee/en/,553 1289,+372 553 1289,4.8,77,2,$$,OPERATIONAL,hamburger_restaurant,Hamburger Restaurant,"hamburger_restaurant,american_restaurant,restaurant,food,point_of_interest,establishment","Monday: 11:30 AM – 11:00 PM
Tuesday: 11:30 AM – 11:00 PM
Wednesday: 11:30 AM – 11:00 PM
Thursday: 11:30 AM – 11:00 PM
Friday: 11:30 AM – 11:00 PM
Saturday: 11:00 AM – 11:00 PM
Sunday: 11:00 AM – 9:00 PM",1,,,,,,,,,,,,,,,180,9GF6CQHC+3Q
ChIJWbJy5nyTkkYRvZaeKKNvrCE,Burger Box,"Kopli tn 4a, 10412 Tallinn, Estonia","Kopli tn 4a, Tallinn",4a,Kopli tänav,,Tallinn,Harju maakond,10412,Estonia,EE,59.4413251,24.7368718,https://maps.google.com/?cid=2426437045797689021&g_mp=Cilnb29nbGUubWFwcy5wbGFjZXMudjEuUGxhY2VzLlNlYXJjaE5lYXJieRACGAQgAA,https://www.facebook.com/burgerboxbox/,5800 6780,+372 5800 6780,4.6,960,2,$$,OPERATIONAL,hamburger_restaurant,Hamburger Restaurant,"hamburger_restaurant,american_restaurant,bar,restaurant,food,point_of_interest,establishment","Monday: 3:00 PM – 1:00 AM
Tuesday: 3:00 PM – 1:00 AM
Wednesday: 3:00 PM – 1:00 AM
Thursday: 3:00 PM – 1:00 AM
Friday: 3:00 PM – 3:00 AM
Saturday: 3:00 PM – 3:00 AM
Sunday: 3:00 PM – 1:00 AM",0,,,,,,,,,,,,,,,180,9GF6CPRP+GP
ChIJDWMokQOVkkYRSqD_oIgPs_I,Burger King,"Paldiski mnt 102, 13522 Tallinn, Estonia","Paldiski mnt 102, Tallinn",102,Paldiski maantee,,Tallinn,Harju maakond,13522,Estonia,EE,59.426164899999996,24.6518746,https://maps.google.com/?cid=17488338857500844106&g_mp=Cilnb29nbGUubWFwcy5wbGFjZXMudjEuUGxhY2VzLlNlYXJjaE5lYXJieRACGAQgAA,https://www.burgerking.ee/,525 8785,+372 525 8785,4.0,485,1,$,OPERATIONAL,fast_food_restaurant,Fast Food Restaurant,"fast_food_restaurant,restaurant,food,point_of_interest,establishment","Monday: 10:00 AM – 9:00 PM
Tuesday: 10:00 AM – 9:00 PM
Wednesday: 10:00 AM – 9:00 PM
Thursday: 10:00 AM – 9:00 PM
Friday: 10:00 AM – 9:00 PM
Saturday: 10:00 AM – 9:00 PM
Sunday: 10:00 AM – 7:00 PM",1,,,,,,,,,,,,,,,180,9GF6CMG2+FP
ChIJkwpDFbfrkkYRh4Mqp6McGGo,Burger King,"Suur-Sõjamäe tn 4, 11415 Tallinn, Estonia","Suur-Sõjamäe tn 4, Tallinn",4,Suur-Sõjamäe tänav,,Tallinn,Harju maakond,11415,Estonia,EE,59.422660500000006,24.7940132,https://maps.google.com/?cid=7644891856671245191&g_mp=Cilnb29nbGUubWFwcy5wbGFjZXMudjEuUGxhY2VzLlNlYXJjaE5lYXJieRACGAQgAA,https://www.burgerking.ee/,5331 2454,+372 5331 2454,4.0,702,1,$,OPERATIONAL,fast_food_restaurant,Fast Food Restaurant,"fast_food_restaurant,restaurant,food,point_of_interest,establishment","Monday: 11:00 AM – 9:00 PM
Tuesday: 11:00 AM – 9:00 PM
Wednesday: 11:00 AM – 9:00 PM
Thursday: 11:00 AM – 9:00 PM
Friday: 11:00 AM – 9:00 PM
Saturday: 10:00 AM – 9:00 PM
Sunday: 11:00 AM – 7:00 PM",1,,,,,,,,,,,,,,,180,9GF6CQFV+3J
ChIJ1Qj3tkOTkkYRcdxNgd4NYVw,Burger King,"Viru 23, 10111 Tallinn, Estonia","Viru 23, Tallinn",23,Viru,,Tallinn,Harju maakond,10111,Estonia,EE,59.436718299999995,24.7512266,https://maps.google.com/?cid=6656616973533568113&g_mp=Cilnb29nbGUubWFwcy5wbGFjZXMudjEuUGxhY2VzLlNlYXJjaE5lYXJieRACGAQgAA,https://burgerking.ee/,5308 0125,+372 5308 0125,3.5,839,1,$,OPERATIONAL,fast_food_restaurant,Fast Food Restaurant,"fast_food_restaurant,restaurant,food,point_of_interest,establishment","Monday: 11:30 AM – 10:00 PM
Tuesday: 11:30 AM – 10:00 PM
Wednesday: 11:30 AM – 10:00 PM
Thursday: 11:30 AM – 10:00 PM
Friday: 11:30 AM – 2:00 AM
Saturday: 11:30 AM – 2:00 AM
Sunday: 11:30 AM – 10:00 PM",1,,,,,,,,,,,,,,,180,9GF6CQP2+MF
ChIJwfhV4H6TkkYRL7htBZO5tU0,Burger King,"Toompuiestee 37, 10149 Tallinn, Estonia","Toompuiestee 37, Tallinn",37,Toompuiestee,,Tallinn,Harju maakond,10149,Estonia,EE,59.440594,24.7381432,https://maps.google.com/?cid=5599585752807487535&g_mp=Cilnb29nbGUubWFwcy5wbGFjZXMudjEuUGxhY2VzLlNlYXJjaE5lYXJieRACGAQgAA,http://www.burgerking.ee/,5366 5977,+372 5366 5977,3.7,1397,1,$,OPERATIONAL,fast_food_restaurant,Fast Food Restaurant,"fast_food_restaurant,restaurant,food,point_of_interest,establishment","Monday: 11:00 AM – 10:00 PM
Tuesday: 11:00 AM – 10:00 PM
Wednesday: 11:00 AM – 10:00 PM
Thursday: 11:00 AM – 10:00 PM
Friday: 11:00 AM – 1:00 AM
Saturday: 11:00 AM – 1:00 AM
Sunday: 11:00 AM – 10:00 PM",1,,,,,,,,,,,,,,,180,9GF6CPRQ+67
ChIJaf1GQ6CVkkYRyJ8JNQH5bEE,Burger Kitchen Sikupilli,"Tartu mnt 87, 11412 Tallinn, Estonia","Parking lot, Tartu mnt 87, Tallinn",87,Tartu maantee,,Tallinn,Harju maakond,11412,Estonia,EE,59.426489499999995,24.783195300000003,https://maps.google.com/?cid=4714416693530173384&g_mp=Cilnb29nbGUubWFwcy5wbGFjZXMudjEuUGxhY2VzLlNlYXJjaE5lYXJieRACGAQgAA,https://burgerkitchen.ee/,520 9380,+372 520 9380,4.3,92,2,$$,OPERATIONAL,restaurant,Restaurant,"restaurant,fast_food_restaurant,catering_service,food_delivery,food,service,point_of_interest,establishment","Monday: 11:00 AM – 8:00 PM
Tuesday: 11:00 AM – 8:00 PM
Wednesday: 11:00 AM – 8:00 PM
Thursday: 11:00 AM – 8:00 PM
Friday: 11:00 AM – 8:00 PM
Saturday: 12:00 – 8:00 PM
Sunday: 12:00 – 8:00 PM",1,,,,,,,,,,,,,,,180,9GF6CQGM+H7
ChIJY8FtCACTkkYRzXNFj4b_yu4,Burger&kebab Good Time,"Aia 7a, 10111 Tallinn, Estonia","Aia 7a, Tallinn",7a,Aia,,Tallinn,Harju maakond,10111,Estonia,EE,59.438588499999994,24.7509502,https://maps.google.com/?cid=17206846279716795341&g_mp=Cilnb29nbGUubWFwcy5wbGFjZXMudjEuUGxhY2VzLlNlYXJjaE5lYXJieRACGAQgAA,,5355 5706,+372 5355 5706,4.5,165,1,$,OPERATIONAL,fast_food_restaurant,Fast Food Restaurant,"fast_food_restaurant,restaurant,food,point_of_interest,establishment","Monday: 12:00 PM – 2:00 AM
Tuesday: 12:00 PM – 2:00 AM
Wednesday: 12:00 PM – 2:00 AM
Thursday: 12:00 PM – 2:00 AM
Friday: 12:00 PM – 2:00 AM
Saturday: 12:00 PM – 2:00 AM
Sunday: 12:00 PM – 2:00 AM",1,,,,,,,,,,,,,,,180,9GF6CQQ2+C9
ChIJ30ug0WOVkkYRZUvizy93fUQ,BurgerBros Tallinn,"Pärnu mnt. 80, 10131 Tallinn, Estonia","Pärnu mnt. 80, Tallinn",80,Pärnu maantee,,Tallinn,Harju maakond,10131,Estonia,EE,59.4235049,24.742014299999997,https://maps.google.com/?cid=4935231813902814053&g_mp=Cilnb29nbGUubWFwcy5wbGFjZXMudjEuUGxhY2VzLlNlYXJjaE5lYXJieRACGAQgAA,,5566 2316,+372 5566 2316,4.7,137,1,$,OPERATIONAL,fast_food_restaurant,Fast Food Restaurant,"fast_food_restaurant,restaurant,food,point_of_interest,establishment","Monday: 11:00 AM – 8:30 PM
Tuesday: 11:00 AM – 8:30 PM
Wednesday: 11:00 AM – 8:30 PM
Thursday: 11:00 AM – 8:30 PM
Friday: 12:00 – 11:30 PM
Saturday: 12:00 – 11:30 PM
Sunday: 11:00 AM – 8:30 PM",1,,,,,,,,,,,,,,,180,9GF6CPFR+CR
ChIJ1ceHPYeVkkYRhD6AJIgFYHQ,BurX,"Artelli tn 19, 10621 Tallinn, Estonia","Artelli tn 19, Tallinn",19,Artelli tänav,,Tallinn,Harju maakond,10621,Estonia,EE,59.41633859999999,24.686039899999997,https://maps.google.com/?cid=8385708588449939076&g_mp=Cilnb29nbGUubWFwcy5wbGFjZXMudjEuUGxhY2VzLlNlYXJjaE5lYXJieRACGAQgAA,,,,3.8,68,2,$$,OPERATIONAL,fast_food_restaurant,Fast Food Restaurant,"fast_food_restaurant,restaurant,food,point_of_interest,establishment","Monday: 11:00 AM – 3:00 AM
Tuesday: 11:00 AM – 3:00 AM
Wednesday: 11:00 AM – 3:00 AM
Thursday: 11:00 AM – 3:00 AM
Friday: 11:00 AM – 3:00 AM
Saturday: 11:00 AM – 3:00 AM
Sunday: 11:00 AM – 3:00 AM",1,,,,,,,,,,,,,,,180,9GF6CM8P+GC
ChIJ57z_dl2TkkYRtAJQr7N8Ins,BWB Gastro Bar,"Vana-Viru tn 6, 10111 Tallinn, Estonia","Vana-Viru tn 6, Tallinn",6,Vana-Viru tänav,,Tallinn,Harju maakond,10111,Estonia,EE,59.4370072,24.7503493,https://maps.google.com/?cid=8872791327055545012&g_mp=Cilnb29nbGUubWFwcy5wbGFjZXMudjEuUGxhY2VzLlNlYXJjaE5lYXJieRACGAQgAA,https://bwb.bar/,5684 1774,+372 5684 1774,4.7,511,2,$$,OPERATIONAL,bar,Bar,"bar,cocktail_bar,brewpub,pub,gastropub,belgian_restaurant,european_restaurant,restaurant,food,point_of_interest,establishment","Monday: 12:00 – 11:00 PM
Tuesday: 12:00 – 11:00 PM
Wednesday: 12:00 – 11:00 PM
Thursday: 12:00 – 11:00 PM
Friday: 12:00 PM – 2:30 AM
Saturday: 12:00 PM – 2:30 AM
Sunday: 12:00 – 11:00 PM",1,,,,,,,,,,,,,,,180,9GF6CQP2+R4
ChIJQ--MSGKTkkYRFPIs_SFl3Hg,Cafe Maiasmokk,"Pikk tn 16, 10123 Tallinn, Estonia","Pikk tn 16, Tallinn",16,Pikk tänav,,Tallinn,Harju maakond,10123,Estonia,EE,59.438386099999995,24.745629899999997,https://maps.google.com/?cid=8708946976083603988&g_mp=Cilnb29nbGUubWFwcy5wbGFjZXMudjEuUGxhY2VzLlNlYXJjaE5lYXJieRACGAQgAA,http://www.kohvikmaiasmokk.ee/,646 4079,+372 646 4079,4.5,3892,1,$,OPERATIONAL,cafe,Cafe,"cafe,restaurant,food,point_of_interest,establishment","Monday: 9:00 AM – 9:00 PM
Tuesday: 9:00 AM – 9:00 PM
Wednesday: 9:00 AM – 9:00 PM
Thursday: 9:00 AM – 9:00 PM
Friday: 9:00 AM – 9:00 PM
Saturday: 9:00 AM – 9:00 PM
Sunday: 9:00 AM – 9:00 PM",1,,,,,,,,,,,,,,,180,9GF6CPQW+97
ChIJ-VJ-B1-TkkYRgS7Lipl7JO4,Cafe Mmuah,"Gonsiori tn 2, 10143 Tallinn, Estonia","Gonsiori tn 2, Tallinn",2,Gonsiori tänav,,Tallinn,Harju maakond,10143,Estonia,EE,59.434970299999996,24.756209199999997,https://maps.google.com/?cid=17159976379577216641&g_mp=Cilnb29nbGUubWFwcy5wbGFjZXMudjEuUGxhY2VzLlNlYXJjaE5lYXJieRACGAQgAA,http://www.mmuah.ee/,683 1199,+372 683 1199,4.4,605,2,$$,OPERATIONAL,restaurant,Restaurant,"restaurant,point_of_interest,food,establishment","Monday: 11:00 AM – 11:00 PM
Tuesday: 11:00 AM – 11:00 PM
Wednesday: 11:00 AM – 11:00 PM
Thursday: 11:00 AM – 11:00 PM
Friday: 11:00 AM – 11:00 PM
Saturday: 11:00 AM – 11:00 PM
Sunday: 11:00 AM – 11:00 PM",1,,,,,,,,,,,,,,,180,9GF6CQM4+XF
ChIJ4xRpZQCTkkYRZzQ3G0b_dPQ,Cafe Tempo,"Reisijate tn 62-3, 10412 Tallinn, Estonia","Reisijate tn 62-3, Tallinn",62,Reisijate tänav,,Tallinn,Harju maakond,10412,Estonia,EE,59.44104300000001,24.7334466,https://maps.google.com/?cid=17614984719122248807&g_mp=Cilnb29nbGUubWFwcy5wbGFjZXMudjEuUGxhY2VzLlNlYXJjaE5lYXJieRACGAQgAA,https://cafetempo.ee/,5397 9111,+372 5397 9111,4.5,109,2,$$,OPERATIONAL,restaurant,Restaurant,"restaurant,food,point_of_interest,establishment","Monday: 5:00 – 11:00 PM
Tuesday: 5:00 – 11:00 PM
Wednesday: 5:00 – 11:00 PM
Thursday: 5:00 – 11:00 PM
Friday: 5:00 – 11:00 PM
Saturday: 4:00 – 11:00 PM
Sunday: Closed",0,,,,,,,,,,,,,,,180,9GF6CPRM+C9
ChIJzSTvJNSSkkYRIMATUqiCSss,Cafe Velvet,"Supluse pst 1, 11911 Tallinn, Estonia","Supluse pst 1, Tallinn",1,Supluse pst,,Tallinn,Harju maakond,11911,Estonia,EE,59.4717407,24.831128999999997,https://maps.google.com/?cid=14648664397419102240&g_mp=Cilnb29nbGUubWFwcy5wbGFjZXMudjEuUGxhY2VzLlNlYXJjaE5lYXJieRACGAQgAA,http://cafevelvet.ee/,5334 0200,+372 5334 0200,3.5,538,2,$$,OPERATIONAL,restaurant,Restaurant,"restaurant,food,point_of_interest,establishment","Monday: 12:00 – 11:00 PM
Tuesday: 12:00 – 11:00 PM
Wednesday: 12:00 – 11:00 PM
Thursday: 12:00 PM – 12:00 AM
Friday: 12:00 PM – 12:00 AM
Saturday: 12:00 PM – 12:00 AM
Sunday: 12:00 – 11:00 PM",0,,,,,,,,,,,,,,,180,9GF6FRCJ+MF
ChIJ06mfDWKTkkYRBN7IVkbxyIw,Caffe Centrale,"Kullassepa tn 4, 10146 Tallinn, Estonia","Kullassepa tn 4, Tallinn",4,Kullassepa tänav,,Tallinn,Harju maakond,10146,Estonia,EE,59.4367296,24.744554299999997,https://maps.google.com/?cid=10144623445058051588&g_mp=Cilnb29nbGUubWFwcy5wbGFjZXMudjEuUGxhY2VzLlNlYXJjaE5lYXJieRACGAQgAA,http://caffecentrale.ee/,517 1316,+372 517 1316,4.0,1136,2,$$,OPERATIONAL,italian_restaurant,Italian Restaurant,"italian_restaurant,european_restaurant,restaurant,food,point_of_interest,establishment","Monday: 11:00 AM – 11:00 PM
Tuesday: 11:00 AM – 11:00 PM
Wednesday: 11:00 AM – 11:00 PM
Thursday: 11:00 AM – 11:00 PM
Friday: 11:00 AM – 11:00 PM
Saturday: 10:00 AM – 11:00 PM
Sunday: 11:00 AM – 11:00 PM",1,,,,,,,,,,,,,,,180,9GF6CPPV+MR
ChIJP4EnAKGUkkYRpMGOIjTGeNs,Café Boulevard,"Liivalaia tn 33, 10118 Tallinn, Estonia","Radisson Blu Hotel Olumpia, Liivalaia tn 33, Tallinn",33,Liivalaia tänav,,Tallinn,Harju maakond,10118,Estonia,EE,59.430167000000004,24.7578635,https://maps.google.com/?cid=15814608018731876772&g_mp=Cilnb29nbGUubWFwcy5wbGFjZXMudjEuUGxhY2VzLlNlYXJjaE5lYXJieRACGAQgAA,http://www.cafeboulevard.ee/,631 5890,+372 631 5890,4.5,844,2,$$,OPERATIONAL,coffee_shop,Coffee Shop,"coffee_shop,pastry_shop,breakfast_restaurant,cafe,dessert_shop,bakery,confectionery,food_store,store,restaurant,food,point_of_interest,establishment","Monday: 7:00 AM – 7:00 PM
Tuesday: 7:00 AM – 7:00 PM
Wednesday: 7:00 AM – 7:00 PM
Thursday: 7:00 AM – 7:00 PM
Friday: 7:00 AM – 7:00 PM
Saturday: 8:00 AM – 5:00 PM
Sunday: 8:00 AM – 5:00 PM",1,,,,,,,,,,,,,,,180,9GF6CQJ5+34
ChIJnRW9J4OUkkYRu7eYWhJSfuM,Café Mademoiselle,"Paldiski mnt 4, 10149 Tallinn, Estonia","Paldiski mnt 4, Tallinn",4,Paldiski maantee,,Tallinn,Harju maakond,10149,Estonia,EE,59.4353098,24.7311761,https://maps.google.com/?cid=16392629932458031035&g_mp=Cilnb29nbGUubWFwcy5wbGFjZXMudjEuUGxhY2VzLlNlYXJjaE5lYXJieRACGAQgAA,https://cafemademoiselle.ee/,628 8155,+372 628 8155,4.2,328,1,$,OPERATIONAL,coffee_shop,Coffee Shop,"coffee_shop,cafe,food_store,store,restaurant,food,point_of_interest,establishment","Monday: 8:00 AM – 10:00 PM
Tuesday: 8:00 AM – 10:00 PM
Wednesday: 8:00 AM – 10:00 PM
Thursday: 8:00 AM – 10:00 PM
Friday: 8:00 AM – 10:00 PM
Saturday: 8:00 AM – 10:00 PM
Sunday: 8:00 AM – 10:00 PM",1,,,,,,,,,,,,,,,180,9GF6CPPJ+4F
ChIJ593rBUSTkkYRUHUQNjh8LXc,Café Opera,"Pärnu mnt. 3, 10148 Tallinn, Estonia","Pärnu mnt. 3, Tallinn",3,Pärnu maantee,,Tallinn,Harju maakond,10148,Estonia,EE,59.43567969999999,24.7512521,https://maps.google.com/?cid=8587656645332464976&g_mp=Cilnb29nbGUubWFwcy5wbGFjZXMudjEuUGxhY2VzLlNlYXJjaE5lYXJieRACGAQgAA,https://www.facebook.com/cafeoperatallinn,602 2122,+372 602 2122,4.3,74,,,OPERATIONAL,restaurant,Restaurant,"restaurant,food,point_of_interest,establishment","Monday: 12:00 – 10:00 PM
Tuesday: 12:00 – 10:00 PM
Wednesday: 12:00 – 10:00 PM
Thursday: 12:00 – 10:00 PM
Friday: 12:00 – 10:00 PM
Saturday: 12:00 – 10:00 PM
Sunday: 12:00 – 10:00 PM",1,,,,,,,,,,,,,,,180,9GF6CQP2+7G
ChIJE_11clCTkkYRWi64RzmYrBY,Cantina Carramba,"A. Weizenbergi tn 20, 10150 Tallinn, Estonia","A. Weizenbergi tn 20, Tallinn",20,A. Weizenbergi tänav,,Tallinn,Harju maakond,10150,Estonia,EE,59.438590899999994,24.7848024,https://maps.google.com/?cid=1633848136612458074&g_mp=Cilnb29nbGUubWFwcy5wbGFjZXMudjEuUGxhY2VzLlNlYXJjaE5lYXJieRACGAQgAA,http://www.carramba.ee/,601 3431,+372 601 3431,4.7,1103,2,$$,OPERATIONAL,mexican_restaurant,Mexican Restaurant,"mexican_restaurant,restaurant,food,point_of_interest,establishment","Monday: 1:00 – 10:00 PM
Tuesday: 1:00 – 10:00 PM
Wednesday: 1:00 – 10:00 PM
Thursday: 1:00 – 10:00 PM
Friday: 1:00 – 10:00 PM
Saturday: 1:00 – 10:00 PM
Sunday: 1:00 – 8:00 PM",0,,,,,,,,,,,,,,,180,9GF6CQQM+CW
ChIJASklVWWTkkYRMjs963AB-tM,Carlo's Kitchen Old Town,"Pikk tn 35, 10133 Tallinn, Estonia","Pikk tn 35, Tallinn",35,Pikk tänav,,Tallinn,Harju maakond,10133,Estonia,EE,59.4391307,24.7465729,https://maps.google.com/?cid=15274522670675082034&g_mp=Cilnb29nbGUubWFwcy5wbGFjZXMudjEuUGxhY2VzLlNlYXJjaE5lYXJieRACGAQgAA,https://carloskitchen.ee/,565 9969,+372 565 9969,4.7,722,2,$$,OPERATIONAL,italian_restaurant,Italian Restaurant,"italian_restaurant,european_restaurant,restaurant,food,point_of_interest,establishment","Monday: 9:00 AM – 10:00 PM
Tuesday: 9:00 AM – 10:00 PM
Wednesday: 9:00 AM – 10:00 PM
Thursday: 9:00 AM – 10:00 PM
Friday: 9:00 AM – 11:00 PM
Saturday: 9:00 AM – 11:00 PM
Sunday: 9:00 AM – 10:00 PM",1,,,,,,,,,,,,,,,180,9GF6CPQW+MJ
ChIJczxmWFWTkkYRCo_ayMsuJJY,Casamia Pizza Tallinn,"Tartu mnt 13, 10145 Tallinn, Estonia","Tartu mnt 13, Tallinn",13,Tartu maantee,,Tallinn,Harju maakond,10145,Estonia,EE,59.434204199999996,24.7614196,https://maps.google.com/?cid=10818823657633779466&g_mp=Cilnb29nbGUubWFwcy5wbGFjZXMudjEuUGxhY2VzLlNlYXJjaE5lYXJieRACGAQgAA,https://casamiapizza.ee/,515 1648,+372 515 1648,4.9,109,2,$$,CLOSED_TEMPORARILY,pizza_restaurant,Pizza Restaurant,"pizza_restaurant,pizza_delivery,meal_delivery,food_delivery,restaurant,food,point_of_interest,establishment",,,,,,,,,,,,,,,,,180,9GF6CQM6+MH
ChIJhaA2n9OVkkYRagxxqziUrmU,CERVO Bar,"Toompuiestee 16, 10137 Tallinn, Estonia","Toompuiestee 16, Tallinn",16,Toompuiestee,,Tallinn,Harju maakond,10137,Estonia,EE,59.4346587,24.733438,https://maps.google.com/?cid=7326956614893767786&g_mp=Cilnb29nbGUubWFwcy5wbGFjZXMudjEuUGxhY2VzLlNlYXJjaE5lYXJieRACGAQgAA,,5687 8707,+372 5687 8707,4.4,73,2,$$,OPERATIONAL,restaurant,Restaurant,"restaurant,food,point_of_interest,establishment","Monday: 4:00 – 11:00 PM
Tuesday: 4:00 – 11:00 PM
Wednesday: 4:00 – 11:00 PM
Thursday: 4:00 – 11:00 PM
Friday: 4:00 – 11:00 PM
Saturday: 2:00 – 11:00 PM
Sunday: Closed",0,,,,,,,,,,,,,,,180,9GF6CPMM+V9
ChIJ36bd22OTkkYRprjnM4kbNfM,Chakra,"Bremeni käik 1, 10123 Tallinn, Estonia","Bremeni käik 1, Tallinn",1,Bremeni käik,,Tallinn,Harju maakond,10123,Estonia,EE,59.439356999999994,24.749388399999997,https://maps.google.com/?cid=17524943801077446822&g_mp=Cilnb29nbGUubWFwcy5wbGFjZXMudjEuUGxhY2VzLlNlYXJjaE5lYXJieRACGAQgAA,http://www.chakra.ee/,641 2615,+372 641 2615,4.6,2561,2,$$,OPERATIONAL,indian_restaurant,Indian Restaurant,"indian_restaurant,vegan_restaurant,halal_restaurant,vegetarian_restaurant,restaurant,food,point_of_interest,establishment","Monday: 12:00 – 10:30 PM
Tuesday: 12:00 – 10:30 PM
Wednesday: 12:00 – 10:30 PM
Thursday: 12:00 – 10:30 PM
Friday: 12:00 – 11:00 PM
Saturday: 12:00 – 11:00 PM
Sunday: 1:00 – 10:30 PM",1,,,,,,,,,,,,,,,180,9GF6CPQX+PQ
ChIJL8spF9GTkkYRSTZx2EGzw_8,Charcoal Grill,"Suur-Patarei tn 22, 10415 Tallinn, Estonia","Suur-Patarei tn 22, Tallinn",22,Suur-Patarei tänav,,Tallinn,Harju maakond,10415,Estonia,EE,59.448923300000004,24.7434405,https://maps.google.com/?cid=18429771195515745865&g_mp=Cilnb29nbGUubWFwcy5wbGFjZXMudjEuUGxhY2VzLlNlYXJjaE5lYXJieRACGAQgAA,https://charcoalgrill.ee/online-menu,5622 1607,+372 5622 1607,4.7,496,1,$,OPERATIONAL,fast_food_restaurant,Fast Food Restaurant,"fast_food_restaurant,restaurant,food,point_of_interest,establishment","Monday: Closed
Tuesday: 2:00 – 10:00 PM
Wednesday: 12:00 – 10:00 PM
Thursday: 12:00 – 10:00 PM
Friday: 12:00 – 10:00 PM
Saturday: 12:00 – 10:00 PM
Sunday: 12:00 – 10:00 PM",1,,,,,,,,,,,,,,,180,9GF6CPXV+H9
ChIJF5bqH7qVkkYR08EgYVnR8v8,Charlie's Corner,"Juhkentali tn 28, 10132 Tallinn, Estonia","Juhkentali tn 28, Tallinn",28,Juhkentali tänav,,Tallinn,Harju maakond,10132,Estonia,EE,59.42752780000001,24.764781499999998,https://maps.google.com/?cid=18443033605847433683&g_mp=Cilnb29nbGUubWFwcy5wbGFjZXMudjEuUGxhY2VzLlNlYXJjaE5lYXJieRACGAQgAA,,699 4499,+372 699 4499,4.1,123,2,$$,OPERATIONAL,restaurant,Restaurant,"restaurant,bar,food,point_of_interest,establishment","Monday: 12:00 – 10:00 PM
Tuesday: 12:00 – 10:00 PM
Wednesday: 12:00 – 10:00 PM
Thursday: 12:00 – 10:00 PM
Friday: 12:00 – 10:00 PM
Saturday: 12:00 – 10:00 PM
Sunday: 12:00 – 10:00 PM",1,,,,,,,,,,,,,,,180,9GF6CQH7+2W
ChIJs4UFOQuTkkYR8d-Gk6pqhoo,Cheat Meal,"Telliskivi tn 62, 10412 Tallinn, Estonia","Telliskivi tn 62, Tallinn",62,Telliskivi tänav,,Tallinn,Harju maakond,10412,Estonia,EE,59.44053509999999,24.7307269,https://maps.google.com/?cid=9981782904965357553&g_mp=Cilnb29nbGUubWFwcy5wbGFjZXMudjEuUGxhY2VzLlNlYXJjaE5lYXJieRACGAQgAA,,550 4007,+372 550 4007,4.1,237,2,$$,OPERATIONAL,fast_food_restaurant,Fast Food Restaurant,"fast_food_restaurant,restaurant,food,point_of_interest,establishment","Monday: 5:00 PM – 2:00 AM
Tuesday: 5:00 PM – 2:00 AM
Wednesday: 5:00 PM – 2:00 AM
Thursday: 5:00 PM – 2:00 AM
Friday: 5:00 PM – 2:00 AM
Saturday: 5:00 PM – 2:00 AM
Sunday: 5:00 PM – 2:00 AM",0,,,,,,,,,,,,,,,180,9GF6CPRJ+67
ChIJI8eyJgCVkkYRQSfUq2alzd0,Chef Lawash Mustamäe,"Artelli tn 19, 10621 Tallinn, Estonia","Artelli tn 19, Tallinn",19,Artelli tänav,,Tallinn,Harju maakond,10621,Estonia,EE,59.416943999999994,24.685751,https://maps.google.com/?cid=15982612512995813185&g_mp=Cilnb29nbGUubWFwcy5wbGFjZXMudjEuUGxhY2VzLlNlYXJjaE5lYXJieRACGAQgAA,https://cheflawash.ee/chef-lawash-mustamae,5604 5645,+372 5604 5645,3.4,39,1,$,OPERATIONAL,fast_food_restaurant,Fast Food Restaurant,"fast_food_restaurant,restaurant,food,point_of_interest,establishment","Monday: 11:00 AM – 3:00 AM
Tuesday: 11:00 AM – 3:00 AM
Wednesday: 11:00 AM – 3:00 AM
Thursday: 11:00 AM – 3:00 AM
Friday: 11:00 AM – 3:00 AM
Saturday: 11:00 AM – 3:00 AM
Sunday: 11:00 AM – 3:00 AM",1,,,,,,,,,,,,,,,180,9GF6CM8P+Q8
ChIJ6d8PK_-TkkYRMDgwhpahuSM,Chi & MySushi Viru,"Viru väljak 4-6, 10111 Tallinn, Estonia","Viru väljak 4-6, Tallinn",4,Viru väljak,,Tallinn,Harju maakond,10111,Estonia,EE,59.4359977,24.7546639,https://maps.google.com/?cid=2574266329887422512&g_mp=Cilnb29nbGUubWFwcy5wbGFjZXMudjEuUGxhY2VzLlNlYXJjaE5lYXJieRACGAQgAA,https://viru.mysushi.ee/,799 9977,+372 799 9977,3.0,376,2,$$,OPERATIONAL,sushi_restaurant,Sushi Restaurant,"sushi_restaurant,cafe,japanese_restaurant,meal_takeaway,restaurant,food,point_of_interest,establishment","Monday: 11:00 AM – 9:00 PM
Tuesday: 11:00 AM – 9:00 PM
Wednesday: 11:00 AM – 9:00 PM
Thursday: 11:00 AM – 9:00 PM
Friday: 11:00 AM – 11:00 PM
Saturday: 11:00 AM – 11:00 PM
Sunday: 11:00 AM – 9:00 PM",1,,,,,,,,,,,,,,,180,9GF6CQP3+9V
ChIJGyq-eWeTkkYRyQZFBkPYQZs,Chi Nautica,"Lootsi tn 12a, 10151 Tallinn, Estonia","Parking lot, Lootsi tn 12a, Tallinn",12a,Lootsi tänav,,Tallinn,Harju maakond,10151,Estonia,EE,59.441108799999995,24.761423000000004,https://maps.google.com/?cid=11187460731744618185&g_mp=Cilnb29nbGUubWFwcy5wbGFjZXMudjEuUGxhY2VzLlNlYXJjaE5lYXJieRACGAQgAA,https://www.chirestoran.ee/,631 1909,+372 631 1909,3.8,469,2,$$,OPERATIONAL,asian_restaurant,Asian Restaurant,"asian_restaurant,restaurant,food,point_of_interest,establishment","Monday: 10:00 AM – 9:00 PM
Tuesday: 10:00 AM – 9:00 PM
Wednesday: 10:00 AM – 9:00 PM
Thursday: 10:00 AM – 9:00 PM
Friday: 10:00 AM – 9:00 PM
Saturday: 10:00 AM – 9:00 PM
Sunday: 10:00 AM – 9:00 PM",1,,,,,,,,,,,,,,,180,9GF6CQR6+CH
ChIJT2xIklTrkkYR0Y1H7SeS_fU,Chi Restaurant,"Suur-Sõjamäe tn 4, 11415 Tallinn, Estonia","Suur-Sõjamäe tn 4, Tallinn",4,Suur-Sõjamäe tänav,,Tallinn,Harju maakond,11415,Estonia,EE,59.421678899999996,24.794487999999998,https://maps.google.com/?cid=17725484408582409681&g_mp=Cilnb29nbGUubWFwcy5wbGFjZXMudjEuUGxhY2VzLlNlYXJjaE5lYXJieRACGAQgAA,https://www.chirestoran.ee/,630 2363,+372 630 2363,3.4,327,2,$$,OPERATIONAL,asian_restaurant,Asian Restaurant,"asian_restaurant,restaurant,food,point_of_interest,establishment","Monday: 10:00 AM – 9:00 PM
Tuesday: 10:00 AM – 9:00 PM
Wednesday: 10:00 AM – 9:00 PM
Thursday: 10:00 AM – 9:00 PM
Friday: 10:00 AM – 9:00 PM
Saturday: 10:00 AM – 9:00 PM
Sunday: 10:00 AM – 8:00 PM",1,,,,,,,,,,,,,,,180,9GF6CQCV+MQ
ChIJ5YSSpGGTkkYRuRWHSIhc0aI,Chicago 1933,"Roseni tn 8, 10111 Tallinn, Estonia","Prooviveski, Roseni tn 8, Tallinn",8,Roseni tänav,,Tallinn,Harju maakond,10111,Estonia,EE,59.438987100000006,24.7558673,https://maps.google.com/?cid=11732260244678972857&g_mp=Cilnb29nbGUubWFwcy5wbGFjZXMudjEuUGxhY2VzLlNlYXJjaE5lYXJieRACGAQgAA,http://www.chicago.ee/,627 1266,+372 627 1266,4.4,3107,2,$$,OPERATIONAL,restaurant,Restaurant,"restaurant,food,point_of_interest,establishment","Monday: 11:00 AM – 11:00 PM
Tuesday: 11:00 AM – 11:00 PM
Wednesday: 11:00 AM – 12:00 AM
Thursday: 11:00 AM – 1:00 AM
Friday: 11:00 AM – 2:00 AM
Saturday: 11:00 AM – 2:00 AM
Sunday: 11:00 AM – 11:00 PM",1,,,,,,,,,,,,,,,180,9GF6CQQ4+H8
ChIJnyYnjWGTkkYRbeAZeUoqDZ0,China Inn Restaurant 四季美餐厅,"Viru 9, 10145 Tallinn, Estonia","Viru 9, Tallinn",9,Viru,,Tallinn,Harju maakond,10145,Estonia,EE,59.4368054,24.7485932,https://maps.google.com/?cid=11316747937999609965&g_mp=Cilnb29nbGUubWFwcy5wbGFjZXMudjEuUGxhY2VzLlNlYXJjaE5lYXJieRACGAQgAA,,648 4585,+372 648 4585,4.0,603,2,$$,OPERATIONAL,chinese_restaurant,Chinese Restaurant,"chinese_restaurant,restaurant,food,point_of_interest,establishment","Monday: 11:00 AM – 10:00 PM
Tuesday: 11:00 AM – 10:00 PM
Wednesday: 11:00 AM – 10:00 PM
Thursday: 11:00 AM – 10:00 PM
Friday: 11:00 AM – 10:00 PM
Saturday: 11:00 AM – 10:00 PM
Sunday: 11:00 AM – 10:00 PM",1,,,,,,,,,,,,,,,180,9GF6CPPX+PC
ChIJr7fznU2VkkYRjEzEXNSMdUI,China Wok,"Karjavälja tn 4, 12918 Tallinn, Estonia","Karjavälja tn 4, Tallinn",4,Karjavälja tänav,,Tallinn,Harju maakond,12918,Estonia,EE,59.41064069999999,24.681453299999998,https://maps.google.com/?cid=4788888622495714444&g_mp=Cilnb29nbGUubWFwcy5wbGFjZXMudjEuUGxhY2VzLlNlYXJjaE5lYXJieRACGAQgAA,http://chinawok.ee/,523 4738,+372 523 4738,4.6,60,2,$$,OPERATIONAL,asian_restaurant,Asian Restaurant,"asian_restaurant,restaurant,food,point_of_interest,establishment","Monday: 10:00 AM – 9:00 PM
Tuesday: 10:00 AM – 9:00 PM
Wednesday: 10:00 AM – 9:00 PM
Thursday: 10:00 AM – 9:00 PM
Friday: 10:00 AM – 9:00 PM
Saturday: 10:00 AM – 9:00 PM
Sunday: 10:00 AM – 7:00 PM",1,,,,,,,,,,,,,,,180,9GF6CM6J+7H
ChIJ4ZPNnxqVkkYRmIOEwb6socM,CHOOYU Asian Restaurant,"Katusepapi tn 4-1, 11412 Tallinn, Estonia","Katusepapi tn 4-1, Tallinn",4,Katusepapi tänav,,Tallinn,Harju maakond,11412,Estonia,EE,59.4275501,24.782858599999997,https://maps.google.com/?cid=14096738243936813976&g_mp=Cilnb29nbGUubWFwcy5wbGFjZXMudjEuUGxhY2VzLlNlYXJjaE5lYXJieRACGAQgAA,http://chooyu.ee/,671 9077,+372 671 9077,4.7,197,2,$$,OPERATIONAL,restaurant,Restaurant,"restaurant,food,point_of_interest,establishment","Monday: 10:00 AM – 10:00 PM
Tuesday: 10:00 AM – 10:00 PM
Wednesday: 10:00 AM – 10:00 PM
Thursday: 10:00 AM – 10:00 PM
Friday: 10:00 AM – 10:00 PM
Saturday: 10:00 AM – 10:00 PM
Sunday: 10:00 AM – 10:00 PM",1,,,,,,,,,,,,,,,180,9GF6CQHM+24
ChIJ76LHsfyUkkYR-rHO5yGqgnE,Chopsticks,"Sõpruse pst 201/203, 13419 Tallinn, Estonia","Parking lot, Sõpruse pst 201/203, Tallinn",201/203,Sõpruse puiestee,,Tallinn,Harju maakond,13419,Estonia,EE,59.40147219999999,24.697729,https://maps.google.com/?cid=8179286935857967610&g_mp=Cilnb29nbGUubWFwcy5wbGFjZXMudjEuUGxhY2VzLlNlYXJjaE5lYXJieRACGAQgAA,http://chopsticks.ee/en/address/tallinn-magistrali/,676 6471,+372 676 6471,3.9,269,2,$$,OPERATIONAL,chinese_restaurant,Chinese Restaurant,"chinese_restaurant,fast_food_restaurant,restaurant,food,point_of_interest,establishment","Monday: 10:00 AM – 9:00 PM
Tuesday: 10:00 AM – 9:00 PM
Wednesday: 10:00 AM – 9:00 PM
Thursday: 10:00 AM – 9:00 PM
Friday: 10:00 AM – 9:00 PM
Saturday: 10:00 AM – 9:00 PM
Sunday: 10:00 AM – 9:00 PM",1,,,,,,,,,,,,,,,180,9GF6CM2X+H3
ChIJD8GGW9-UkkYRvRlnb46fMyU,ChopSticks Järve keskus,"Pärnu mnt. 238, 11624 Tallinn, Estonia","Pärnu mnt. 238, Tallinn",238,Pärnu maantee,,Tallinn,Harju maakond,11624,Estonia,EE,59.3921629,24.7209504,https://maps.google.com/?cid=2680661637318777277&g_mp=Cilnb29nbGUubWFwcy5wbGFjZXMudjEuUGxhY2VzLlNlYXJjaE5lYXJieRACGAQgAA,http://www.chopsticks.ee/,622 9161,+372 622 9161,2.2,101,2,$$,OPERATIONAL,restaurant,Restaurant,"restaurant,food,point_of_interest,establishment","Monday: 10:00 AM – 9:00 PM
Tuesday: 10:00 AM – 9:00 PM
Wednesday: 10:00 AM – 9:00 PM
Thursday: 10:00 AM – 9:00 PM
Friday: 10:00 AM – 9:00 PM
Saturday: 10:00 AM – 9:00 PM
Sunday: 10:00 AM – 7:00 PM",1,,,,,,,,,,,,,,,180,9GF69PRC+V9
ChIJ5RNgtPmUkkYRy5LHWkFmFZc,Chopsticks Mustamäe Keskus,"A. H. Tammsaare tee 104a, 12918 Tallinn, Estonia","A. H. Tammsaare tee 104a, Tallinn",104a,A. H. Tammsaare tee,,Tallinn,Harju maakond,12918,Estonia,EE,59.408507099999994,24.689055399999997,https://maps.google.com/?cid=10886720105119978187&g_mp=Cilnb29nbGUubWFwcy5wbGFjZXMudjEuUGxhY2VzLlNlYXJjaE5lYXJieRACGAQgAA,http://www.chopsticks.ee/,602 3347,+372 602 3347,3.6,205,2,$$,OPERATIONAL,asian_restaurant,Asian Restaurant,"asian_restaurant,restaurant,food,point_of_interest,establishment","Monday: 10:00 AM – 9:00 PM
Tuesday: 10:00 AM – 9:00 PM
Wednesday: 10:00 AM – 9:00 PM
Thursday: 10:00 AM – 9:00 PM
Friday: 10:00 AM – 9:00 PM
Saturday: 10:00 AM – 9:00 PM
Sunday: 10:00 AM – 9:00 PM",1,,,,,,,,,,,,,,,180,9GF6CM5Q+CJ
ChIJoalc2jPtkkYRPEhsVNQssTE,Ciao Ragazzi Restoran,"Tähesaju tee 11, 13917 Tallinn, Estonia","Tähesaju tee 11, Tallinn",11,Tähesaju tee,,Tallinn,Harju maakond,13917,Estonia,EE,59.443061799999995,24.8560142,https://maps.google.com/?cid=3580692469197326396&g_mp=Cilnb29nbGUubWFwcy5wbGFjZXMudjEuUGxhY2VzLlNlYXJjaE5lYXJieRACGAQgAA,https://ragazziresto.ee/et,673 0720,+372 673 0720,4.7,863,2,$$,OPERATIONAL,italian_restaurant,Italian Restaurant,"italian_restaurant,european_restaurant,restaurant,food,point_of_interest,establishment","Monday: 12:00 – 9:00 PM
Tuesday: 12:00 – 9:00 PM
Wednesday: 12:00 – 9:00 PM
Thursday: 12:00 – 9:00 PM
Friday: 12:00 – 11:00 PM
Saturday: 12:00 – 11:00 PM
Sunday: 12:00 – 9:00 PM",0,,,,,,,,,,,,,,,180,9GF6CVV4+6C
ChIJMds32VGTkkYRGPiqLtWyhcI,Cinnamon Restoran,"Pikk tn 14, Mündi tn 4, 10123 Tallinn, Estonia","Pikk tn 14, Mündi tn 4, Tallinn",4,Mündi tänav,,Tallinn,Harju maakond,10123,Estonia,EE,59.4379578,24.7452786,https://maps.google.com/?cid=14016806043941271576&g_mp=Cilnb29nbGUubWFwcy5wbGFjZXMudjEuUGxhY2VzLlNlYXJjaE5lYXJieRACGAQgAA,https://www.cinnamonrestoran.com/,5695 6092,+372 5695 6092,3.9,705,2,$$,OPERATIONAL,restaurant,Restaurant,"restaurant,food,point_of_interest,establishment","Monday: 11:00 AM – 11:00 PM
Tuesday: 11:00 AM – 11:00 PM
Wednesday: 11:00 AM – 11:00 PM
Thursday: 11:00 AM – 11:00 PM
Friday: 11:00 AM – 12:00 AM
Saturday: 11:00 AM – 12:00 AM
Sunday: 11:00 AM – 11:00 PM",1,,,,,,,,,,,,,,,180,9GF6CPQW+54
ChIJM_Uh0_iTkkYR8an8t77IZpA,City Grill House,"A. Laikmaa tn 5, 10145 Tallinn, Estonia","A. Laikmaa tn 5, Tallinn",5,A. Laikmaa tänav,,Tallinn,Harju maakond,10145,Estonia,EE,59.4363262,24.7577903,https://maps.google.com/?cid=10405224710542240241&g_mp=Cilnb29nbGUubWFwcy5wbGFjZXMudjEuUGxhY2VzLlNlYXJjaE5lYXJieRACGAQgAA,http://tallinkhotels.com/en/tallink-city-hotel/city-grill-house,630 0818,+372 630 0818,4.6,297,2,$$,OPERATIONAL,barbecue_restaurant,Barbecue Restaurant,"barbecue_restaurant,restaurant,food,point_of_interest,establishment","Monday: 12:00 – 11:00 PM
Tuesday: 12:00 – 11:00 PM
Wednesday: 12:00 – 11:00 PM
Thursday: 12:00 – 11:00 PM
Friday: 12:00 – 11:00 PM
Saturday: 12:00 – 11:00 PM
Sunday: 12:00 – 11:00 PM",1,,,,,,,,,,,,,,,180,9GF6CQP5+G4
ChIJbXAHLgCTkkYRZZakJTd6xnw,Como restoran & pizzeria,"Narva mnt 36, 10120 Tallinn, Estonia","Narva mnt 36, Tallinn",36,Narva maantee,,Tallinn,Harju maakond,10120,Estonia,EE,59.43820100000001,24.7715095,https://maps.google.com/?cid=8991008083365107301&g_mp=Cilnb29nbGUubWFwcy5wbGFjZXMudjEuUGxhY2VzLlNlYXJjaE5lYXJieRACGAQgAA,http://www.comorestoran.ee/,554 1451,+372 554 1451,4.8,307,2,$$,OPERATIONAL,italian_restaurant,Italian Restaurant,"italian_restaurant,european_restaurant,pizza_restaurant,restaurant,point_of_interest,food,establishment","Monday: 12:00 – 10:00 PM
Tuesday: 12:00 – 10:00 PM
Wednesday: 12:00 – 10:00 PM
Thursday: 12:00 – 10:00 PM
Friday: 12:00 PM – 12:00 AM
Saturday: 12:00 PM – 12:00 AM
Sunday: 12:00 – 10:00 PM",1,,,,,,,,,,,,,,,180,9GF6CQQC+7J
ChIJjVZssLWTkkYRbAjy8tZXunI,Crock & Crumb Restaurant & Bakery,"Pikk tn 31, 10133 Tallinn, Estonia","Pikk tn 31, Tallinn",31,Pikk tänav,,Tallinn,Harju maakond,10133,Estonia,EE,59.4389585,24.746304199999997,https://maps.google.com/?cid=8267016646702532716&g_mp=Cilnb29nbGUubWFwcy5wbGFjZXMudjEuUGxhY2VzLlNlYXJjaE5lYXJieRACGAQgAA,,,,4.6,153,1,$,OPERATIONAL,restaurant,Restaurant,"restaurant,food,point_of_interest,establishment","Monday: 11:00 AM – 8:00 PM
Tuesday: 10:00 AM – 8:00 PM
Wednesday: 10:00 AM – 8:00 PM
Thursday: 10:00 AM – 8:00 PM
Friday: 10:00 AM – 8:00 PM
Saturday: 10:00 AM – 8:30 PM
Sunday: 10:00 AM – 7:00 PM",1,,,,,,,,,,,,,,,180,9GF6CPQW+HG
ChIJx57XAACVkkYRqp7wpUNgpNM,Da Vinci Ristorante & Cafeteria - Solaris,"Estonia pst 9, 11314 Tallinn, Estonia","Estonia pst 9, Tallinn",9,Estonia puiestee,,Tallinn,Harju maakond,11314,Estonia,EE,59.4331739,24.7516186,https://maps.google.com/?cid=15250420081846427306&g_mp=Cilnb29nbGUubWFwcy5wbGFjZXMudjEuUGxhY2VzLlNlYXJjaE5lYXJieRACGAQgAA,https://davinci.ee/cafeteria/,5199 3339,+372 5199 3339,4.0,146,2,$$,OPERATIONAL,restaurant,Restaurant,"restaurant,food,point_of_interest,establishment","Monday: 10:00 AM – 9:00 PM
Tuesday: 10:00 AM – 11:30 PM
Wednesday: 10:00 AM – 11:30 PM
Thursday: 10:00 AM – 11:30 PM
Friday: 10:00 AM – 11:30 PM
Saturday: 10:00 AM – 11:30 PM
Sunday: 10:00 AM – 8:00 PM",1,,,,,,,,,,,,,,,180,9GF6CQM2+7J
ChIJsy9WD2CTkkYRbxYcRHVQ1pk,Damak Döner & Kebab,"Kaubamaja tn 6, 10143 Tallinn, Estonia","Kaubamaja tn 6, Tallinn",6,Kaubamaja tänav,,Tallinn,Harju maakond,10143,Estonia,EE,59.434598599999994,24.7554612,https://maps.google.com/?cid=11085135997403141743&g_mp=Cilnb29nbGUubWFwcy5wbGFjZXMudjEuUGxhY2VzLlNlYXJjaE5lYXJieRACGAQgAA,https://damakrestoran.com/,5607 1227,+372 5607 1227,4.2,998,1,$,OPERATIONAL,halal_restaurant,Halal Restaurant,"halal_restaurant,pakistani_restaurant,indian_restaurant,turkish_restaurant,fast_food_restaurant,restaurant,point_of_interest,food,establishment","Monday: 11:30 AM – 11:55 PM
Tuesday: 11:30 AM – 11:55 PM
Wednesday: 11:30 AM – 11:55 PM
Thursday: 11:30 AM – 1:30 AM
Friday: Closed
Saturday: 11:30 AM – 1:55 AM
Sunday: 11:30 AM – 11:55 PM",1,,,,,,,,,,,,,,,180,9GF6CQM4+R5
ChIJk1WdcQCTkkYRGolUww3DYtU,Dawat kebab restaurant,"Narva mnt 31, 10120 Tallinn, Estonia","Narva mnt 31, Tallinn",31,Narva maantee,,Tallinn,Harju maakond,10120,Estonia,EE,59.4390068,24.773935299999998,https://maps.google.com/?cid=15376066541675383066&g_mp=Cilnb29nbGUubWFwcy5wbGFjZXMudjEuUGxhY2VzLlNlYXJjaE5lYXJieRACGAQgAA,,5461 3077,+372 5461 3077,4.5,181,1,$,OPERATIONAL,restaurant,Restaurant,"restaurant,point_of_interest,food,establishment","Monday: 11:30 AM – 2:00 AM
Tuesday: 11:30 AM – 2:00 AM
Wednesday: 11:30 AM – 2:00 AM
Thursday: 11:30 AM – 3:00 AM
Friday: 11:30 AM – 3:00 AM
Saturday: 11:30 AM – 3:00 AM
Sunday: 11:30 AM – 2:00 AM",1,,,,,,,,,,,,,,,180,9GF6CQQF+JH
ChIJpdaVxouTkkYRbnie4PI1Lto,Delicia,"Lai 32, 10133 Tallinn, Estonia","Lai 32, Tallinn",32,Lai,,Tallinn,Harju maakond,10133,Estonia,EE,59.4396231,24.745682499999997,https://maps.google.com/?cid=15721562666463819886&g_mp=Cilnb29nbGUubWFwcy5wbGFjZXMudjEuUGxhY2VzLlNlYXJjaE5lYXJieRACGAQgAA,https://www.facebook.com/DeliciaItalianRestoran,5350 1686,+372 5350 1686,4.7,315,2,$$,OPERATIONAL,italian_restaurant,Italian Restaurant,"italian_restaurant,european_restaurant,restaurant,food,point_of_interest,establishment","Monday: 12:00 – 11:00 PM
Tuesday: 12:00 – 11:00 PM
Wednesday: 12:00 – 11:00 PM
Thursday: 12:00 – 11:00 PM
Friday: 12:00 – 11:00 PM
Saturday: 12:00 – 11:00 PM
Sunday: 12:00 – 11:00 PM",1,,,,,,,,,,,,,,,180,9GF6CPQW+R7
ChIJ-9IeN8OUkkYRLZRj3YbnTEE,Delta Cafe & Bistro,"Pärnu mnt. 141, 11314 Tallinn, Estonia","Pärnu mnt. 141, Tallinn",141,Pärnu maantee,,Tallinn,Harju maakond,11314,Estonia,EE,59.40255699999999,24.7306156,https://maps.google.com/?cid=4705390277121250349&g_mp=Cilnb29nbGUubWFwcy5wbGFjZXMudjEuUGxhY2VzLlNlYXJjaE5lYXJieRACGAQgAA,http://www.bistrood.ee/,5332 5091,+372 5332 5091,4.4,213,1,$,OPERATIONAL,bistro,Bistro,"bistro,restaurant,food,point_of_interest,establishment","Monday: 8:30 AM – 3:00 PM
Tuesday: 8:30 AM – 3:00 PM
Wednesday: 8:30 AM – 3:00 PM
Thursday: 8:30 AM – 3:00 PM
Friday: 8:30 AM – 3:00 PM
Saturday: Closed
Sunday: Closed",1,,,,,,,,,,,,,,,180,9GF6CP3J+26
ChIJc924RwyVkkYR-fk6lnlJPPE,Dodo Pizza,"Sõpruse pst 211a, 13422 Tallinn, Estonia","Sõpruse pst 211a, Tallinn",211a,Sõpruse puiestee,,Tallinn,Harju maakond,13422,Estonia,EE,59.399965300000005,24.693624699999997,https://maps.google.com/?cid=17382849448303589881&g_mp=Cilnb29nbGUubWFwcy5wbGFjZXMudjEuUGxhY2VzLlNlYXJjaE5lYXJieRACGAQgAA,https://www.dodopizza.ee/,629 9209,+372 629 9209,4.6,893,2,$$,OPERATIONAL,pizza_restaurant,Pizza Restaurant,"pizza_restaurant,restaurant,food,point_of_interest,establishment","Monday: 9:00 AM – 12:00 AM
Tuesday: 9:00 AM – 12:00 AM
Wednesday: 9:00 AM – 12:00 AM
Thursday: 9:00 AM – 12:00 AM
Friday: 9:00 AM – 2:00 AM
Saturday: 10:00 AM – 2:00 AM
Sunday: 10:00 AM – 12:00 AM",1,,,,,,,,,,,,,,,180,9GF69MXV+XC
ChIJc36xJ2CTkkYR6j3nSfQ2krI,Dodo Pizza,"Gonsiori tn 10, 10117 Tallinn, Estonia","Gonsiori tn 10, Tallinn",10,Gonsiori tänav,,Tallinn,Harju maakond,10117,Estonia,EE,59.4350706,24.7608765,https://maps.google.com/?cid=12867407508190739946&g_mp=Cilnb29nbGUubWFwcy5wbGFjZXMudjEuUGxhY2VzLlNlYXJjaE5lYXJieRACGAQgAA,http://www.dodopizza.ee/,629 9209,+372 629 9209,4.4,1923,2,$$,OPERATIONAL,pizza_restaurant,Pizza Restaurant,"pizza_restaurant,fast_food_restaurant,restaurant,food,point_of_interest,establishment","Monday: 9:00 AM – 12:00 AM
Tuesday: 9:00 AM – 12:00 AM
Wednesday: 9:00 AM – 12:00 AM
Thursday: 9:00 AM – 12:00 AM
Friday: 9:00 AM – 2:00 AM
Saturday: 10:00 AM – 2:00 AM
Sunday: 10:00 AM – 12:00 AM",1,,,,,,,,,,,,,,,180,9GF6CQP6+29
ChIJHxVgcJ2UkkYRvMv-Tcewn4w,Domberg Restaurant,"Piiskopi tn 1, 10130 Tallinn, Estonia","Piiskopi tn 1, Tallinn",1,Piiskopi tänav,,Tallinn,Harju maakond,10130,Estonia,EE,59.436202699999996,24.7395043,https://maps.google.com/?cid=10133012056660429756&g_mp=Cilnb29nbGUubWFwcy5wbGFjZXMudjEuUGxhY2VzLlNlYXJjaE5lYXJieRACGAQgAA,,644 6076,+372 644 6076,3.9,258,2,$$,OPERATIONAL,restaurant,Restaurant,"restaurant,food,point_of_interest,establishment","Monday: 10:00 AM – 10:00 PM
Tuesday: 10:00 AM – 10:00 PM
Wednesday: 10:00 AM – 10:00 PM
Thursday: 10:00 AM – 10:00 PM
Friday: 10:00 AM – 10:00 PM
Saturday: 10:00 AM – 10:05 PM
Sunday: 10:00 AM – 7:00 PM",1,,,,,,,,,,,,,,,180,9GF6CPPQ+FR
ChIJ0z6sQaaVkkYRMUGta6b6l-I,Domino's Pizza Mustamäe Keskus,"A. H. Tammsaare tee 104a, 12918 Tallinn, Estonia","A. H. Tammsaare tee 104a, Tallinn",104a,A. H. Tammsaare tee,,Tallinn,Harju maakond,12918,Estonia,EE,59.4082726,24.6897058,https://maps.google.com/?cid=16327794566733054257&g_mp=Cilnb29nbGUubWFwcy5wbGFjZXMudjEuUGxhY2VzLlNlYXJjaE5lYXJieRACGAQgAA,https://dominospizza.ee/et/tallinn/,633 3303,+372 633 3303,3.8,809,2,$$,OPERATIONAL,pizza_restaurant,Pizza Restaurant,"pizza_restaurant,fast_food_restaurant,restaurant,food,point_of_interest,establishment","Monday: 10:00 AM – 10:00 PM
Tuesday: 10:00 AM – 10:00 PM
Wednesday: 10:00 AM – 10:00 PM
Thursday: 10:00 AM – 10:00 PM
Friday: 10:00 AM – 11:00 PM
Saturday: 10:00 AM – 11:00 PM
Sunday: 10:00 AM – 10:00 PM",1,,,,,,,,,,,,,,,180,9GF6CM5Q+8V
ChIJMS3wbSiVkkYR7RKCeJW0dYE,Don Kartashon,"C. R. Jakobsoni tn 4, 10128 Tallinn, Estonia","C. R. Jakobsoni tn 4, Tallinn",4,C. R. Jakobsoni tänav,,Tallinn,Harju maakond,10128,Estonia,EE,59.431937700000006,24.7694202,https://maps.google.com/?cid=9328560757232767725&g_mp=Cilnb29nbGUubWFwcy5wbGFjZXMudjEuUGxhY2VzLlNlYXJjaE5lYXJieRACGAQgAA,https://donkartashon.eu/,5346 9342,+372 5346 9342,5.0,26,2,$$,OPERATIONAL,bar,Bar,"bar,fast_food_restaurant,restaurant,food,point_of_interest,establishment","Monday: Closed
Tuesday: 12:00 – 8:00 PM
Wednesday: 12:00 – 8:00 PM
Thursday: 12:00 – 8:00 PM
Friday: 12:00 – 10:00 PM
Saturday: 12:00 – 10:00 PM
Sunday: Closed",1,,,,,,,,,,,,,,,180,9GF6CQJ9+QQ
ChIJv3WeAQXtkkYRtFZt7xhYfPg,Drumsticks restoran,"Kadaka tee 177A, 12615 Tallinn, Estonia","Kadaka tee 177A, Tallinn",177A,Kadaka tee,,Tallinn,Harju maakond,12615,Estonia,EE,59.4048009,24.657266699999997,https://maps.google.com/?cid=17905283082637629108&g_mp=Cilnb29nbGUubWFwcy5wbGFjZXMudjEuUGxhY2VzLlNlYXJjaE5lYXJieRACGAQgAA,http://www.drumsticks.ee/?y_source=1_ODc5Mzk4NS03MTUtbG9jYXRpb24ud2Vic2l0ZQ==,677 5662,+372 677 5662,4.2,693,2,$$,OPERATIONAL,asian_restaurant,Asian Restaurant,"asian_restaurant,catering_service,fast_food_restaurant,food_delivery,restaurant,food,point_of_interest,service,establishment","Monday: 11:00 AM – 10:00 PM
Tuesday: 11:00 AM – 10:00 PM
Wednesday: 11:00 AM – 10:00 PM
Thursday: 11:00 AM – 10:00 PM
Friday: 11:00 AM – 10:00 PM
Saturday: 12:00 – 10:00 PM
Sunday: 12:00 – 10:00 PM",1,,,,,,,,,,,,,,,180,9GF6CM34+WW
ChIJ87gTW--TkkYRx84DufhAmmU,DVIN,"Kopli tn 71, 11713 Tallinn, Estonia","Kopli tn 71, Tallinn",71,Kopli tänav,,Tallinn,Harju maakond,11713,Estonia,EE,59.455383600000005,24.679977299999997,https://maps.google.com/?cid=7321235581244264135&g_mp=Cilnb29nbGUubWFwcy5wbGFjZXMudjEuUGxhY2VzLlNlYXJjaE5lYXJieRACGAQgAA,,5814 6100,+372 5814 6100,4.9,136,2,$$,OPERATIONAL,restaurant,Restaurant,"restaurant,food,point_of_interest,establishment","Monday: 11:00 AM – 10:00 PM
Tuesday: 11:00 AM – 10:00 PM
Wednesday: 11:00 AM – 10:00 PM
Thursday: 11:00 AM – 10:00 PM
Friday: 11:00 AM – 11:00 PM
Saturday: 11:00 AM – 11:00 PM
Sunday: 11:00 AM – 11:00 PM",1,,,,,,,,,,,,,,,180,9GF6FM4H+5X
ChIJizreojqVkkYR59HyRWlw2rk,Dzingel Buffet Restaurant,"Männiku tee 89, 11213 Tallinn, Estonia","Männiku tee 89, Tallinn",89,Männiku tee,,Tallinn,Harju maakond,11213,Estonia,EE,59.3782778,24.7187679,https://maps.google.com/?cid=13392140039387009511&g_mp=Cilnb29nbGUubWFwcy5wbGFjZXMudjEuUGxhY2VzLlNlYXJjaE5lYXJieRACGAQgAA,https://dzingel.ee/restoran?y_source=1_MTAxMzU2MzMzMi03MTUtbG9jYXRpb24ud2Vic2l0ZQ%3D%3D,610 5263,+372 610 5263,4.5,286,,,OPERATIONAL,restaurant,Restaurant,"restaurant,catering_service,food_delivery,food,service,point_of_interest,establishment","Monday: 7:00 AM – 9:00 PM
Tuesday: 7:00 AM – 9:00 PM
Wednesday: 7:00 AM – 9:00 PM
Thursday: 7:00 AM – 9:00 PM
Friday: 7:00 AM – 9:00 PM
Saturday: 7:00 AM – 9:00 PM
Sunday: 7:00 AM – 9:00 PM",1,,,,,,,,,,,,,,,180,9GF69PH9+8G
ChIJ59jB77iTkkYRr9IzZvNZ7q4,Döner Kebab,"Aia tn 7, 10111 Tallinn, Estonia","Aia tn 7, Tallinn",7,Aia tänav,,Tallinn,Harju maakond,10111,Estonia,EE,59.4380995,24.7510302,https://maps.google.com/?cid=12605111308983194287&g_mp=Cilnb29nbGUubWFwcy5wbGFjZXMudjEuUGxhY2VzLlNlYXJjaE5lYXJieRACGAQgAA,,,,4.4,127,1,$,OPERATIONAL,turkish_restaurant,Turkish Restaurant,"turkish_restaurant,restaurant,food,point_of_interest,establishment","Monday: Closed
Tuesday: 10:00 AM – 11:30 PM
Wednesday: 10:00 AM – 11:30 PM
Thursday: 10:00 AM – 11:30 PM
Friday: Open 24 hours
Saturday: Open 24 hours
Sunday: 10:00 AM – 11:30 PM",1,,,,,,,,,,,,,,,180,9GF6CQQ2+6C
ChIJj4biifmVkkYRPxnWQQCZEWE,Eho Sushi Tallinn,"Sõpruse pst 209, 13419 Tallinn, Estonia","Sõpruse pst 209, Tallinn",209,Sõpruse puiestee,,Tallinn,Harju maakond,13419,Estonia,EE,59.400236400000004,24.694596000000004,https://maps.google.com/?cid=6994539922666690879&g_mp=Cilnb29nbGUubWFwcy5wbGFjZXMudjEuUGxhY2VzLlNlYXJjaE5lYXJieRACGAQgAA,http://www.ehosushi.ee/,522 7555,+372 522 7555,4.7,728,2,$$,OPERATIONAL,sushi_restaurant,Sushi Restaurant,"sushi_restaurant,meal_delivery,food_delivery,japanese_restaurant,restaurant,food,point_of_interest,establishment","Monday: 12:00 – 10:00 PM
Tuesday: 12:00 – 10:00 PM
Wednesday: 12:00 – 10:00 PM
Thursday: 12:00 – 10:00 PM
Friday: 12:00 – 10:00 PM
Saturday: 12:00 – 10:00 PM
Sunday: 12:00 – 10:00 PM",0,,,,,,,,,,,,,,,180,9GF6CM2V+3R
ChIJ46uad2ztkkYR6g5DHEmC_ic,Einela,"Suur-Sõjamäe tn 30, 11415 Tallinn, Estonia","Suur-Sõjamäe tn 30, Tallinn",30,Suur-Sõjamäe tänav,,Tallinn,Harju maakond,11415,Estonia,EE,59.4210463,24.8241911,https://maps.google.com/?cid=2881884062082076394&g_mp=Cilnb29nbGUubWFwcy5wbGFjZXMudjEuUGxhY2VzLlNlYXJjaE5lYXJieRACGAQgAA,https://päevapakkumised.ee/tallinn/einela,5461 9390,+372 5461 9390,4.5,63,1,$,OPERATIONAL,restaurant,Restaurant,"restaurant,food,point_of_interest,establishment","Monday: 10:00 AM – 3:00 PM
Tuesday: 10:00 AM – 3:00 PM
Wednesday: 10:00 AM – 3:00 PM
Thursday: 10:00 AM – 3:00 PM
Friday: 10:00 AM – 3:00 PM
Saturday: Closed
Sunday: Closed",1,,,,,,,,,,,,,,,180,9GF6CRCF+CM
ChIJedIK9E2TkkYRjEDodsdqTtc,El Camino Taco bar,"Malmi tn 3-2, 10412 Tallinn, Estonia","Malmi tn 3-2, Tallinn",3,Malmi tänav,,Tallinn,Harju maakond,10412,Estonia,EE,59.4421166,24.731996499999997,https://maps.google.com/?cid=15514455171263905932&g_mp=Cilnb29nbGUubWFwcy5wbGFjZXMudjEuUGxhY2VzLlNlYXJjaE5lYXJieRACGAQgAA,https://elcaminotaco.bar/,5883 0802,+372 5883 0802,4.7,281,2,$$,CLOSED_TEMPORARILY,taco_restaurant,Taco Restaurant,"taco_restaurant,restaurant,food,point_of_interest,establishment",,,,,,,,,,,,,,,,,180,9GF6CPRJ+RQ
ChIJO0fGI2KTkkYR-7Gs-IelRgo,Elevant resto,"Vene tn 5, 10123 Tallinn, Estonia","Õpetajate Maja, Vene tn 5, Tallinn",5,Vene tänav,,Tallinn,Harju maakond,10123,Estonia,EE,59.437380299999994,24.7467699,https://maps.google.com/?cid=740461192160260603&g_mp=Cilnb29nbGUubWFwcy5wbGFjZXMudjEuUGxhY2VzLlNlYXJjaE5lYXJieRACGAQgAA,http://www.elevant.ee/,631 3132,+372 631 3132,4.5,1028,2,$$,OPERATIONAL,indian_restaurant,Indian Restaurant,"indian_restaurant,vegetarian_restaurant,meal_takeaway,restaurant,food,point_of_interest,establishment","Monday: 12:00 – 11:00 PM
Tuesday: 12:00 – 11:00 PM
Wednesday: 12:00 – 11:00 PM
Thursday: 12:00 – 11:00 PM
Friday: 12:00 PM – 12:00 AM
Saturday: 12:00 PM – 12:00 AM
Sunday: 12:00 – 10:00 PM",1,,,,,,,,,,,,,,,180,9GF6CPPW+XP
ChIJ--NPDdSTkkYRWjEU6yQjXnM,Elmans Bite's,"Kopli tn 4, 10411 Tallinn, Estonia","Kopli tn 4, Tallinn",4,Kopli tänav,,Tallinn,Harju maakond,10411,Estonia,EE,59.441621999999995,24.737449599999998,https://maps.google.com/?cid=8313120603642278234&g_mp=Cilnb29nbGUubWFwcy5wbGFjZXMudjEuUGxhY2VzLlNlYXJjaE5lYXJieRACGAQgAA,https://www.facebook.com/profile.php?id=61576176623275&sk=about,5382 6600,+372 5382 6600,4.9,28,1,$,OPERATIONAL,restaurant,Restaurant,"restaurant,food,point_of_interest,establishment","Monday: Closed
Tuesday: Closed
Wednesday: 2:00 PM – 12:00 AM
Thursday: 2:00 PM – 2:30 AM
Friday: 2:00 PM – 4:00 AM
Saturday: 4:00 PM – 4:00 AM
Sunday: 1:00 PM – 12:00 AM",0,,,,,,,,,,,,,,,180,9GF6CPRP+JX
ChIJbyfv652UkkYRF0Z4ueUaamY,Estburger,"Harju tn 40a, 10130 Tallinn, Estonia","Harju tn 40a, Tallinn",40a,Harju tänav,,Tallinn,Harju maakond,10130,Estonia,EE,59.43500830000001,24.742845499999998,https://maps.google.com/?cid=7379740513361479191&g_mp=Cilnb29nbGUubWFwcy5wbGFjZXMudjEuUGxhY2VzLlNlYXJjaE5lYXJieRACGAQgAA,,5556 2032,+372 5556 2032,3.0,74,1,$,CLOSED_TEMPORARILY,restaurant,Restaurant,"restaurant,food,point_of_interest,establishment",,,,,,,,,,,,,,,,,180,9GF6CPPV+24
ChIJJ30KX6eVkkYRFRSW9xlTs3E,Estonia restoran,"Estonia pst 4, 10148 Tallinn, Estonia","Estonia National Opera, Estonia pst 4, Tallinn",4,Estonia puiestee,,Tallinn,Harju maakond,10148,Estonia,EE,59.4345397,24.7508563,https://maps.google.com/?cid=8192983518110159893&g_mp=Cilnb29nbGUubWFwcy5wbGFjZXMudjEuUGxhY2VzLlNlYXJjaE5lYXJieRACGAQgAA,https://estonia-digital-charm.lovable.app/,5305 1595,+372 5305 1595,4.8,35,,,OPERATIONAL,restaurant,Restaurant,"restaurant,food,point_of_interest,establishment","Monday: Closed
Tuesday: Closed
Wednesday: 4:00 – 9:00 PM
Thursday: 4:00 – 9:00 PM
Friday: 4:00 – 9:00 PM
Saturday: 12:00 – 9:00 PM
Sunday: Closed",0,,,,,,,,,,,,,,,180,9GF6CQM2+R8
ChIJM-kDR2iTkkYRxRGbEcEkhsc,Estonian Burger Factory,"Lootsi tn 10, 10151 Tallinn, Estonia","Lootsi tn 10, Tallinn",10,Lootsi tänav,,Tallinn,Harju maakond,10151,Estonia,EE,59.441560100000004,24.765315899999997,https://maps.google.com/?cid=14377219272069550533&g_mp=Cilnb29nbGUubWFwcy5wbGFjZXMudjEuUGxhY2VzLlNlYXJjaE5lYXJieRACGAQgAA,http://www.ebf.ee/,5908 2626,+372 5908 2626,4.5,3367,2,$$,OPERATIONAL,hamburger_restaurant,Hamburger Restaurant,"hamburger_restaurant,american_restaurant,restaurant,food,point_of_interest,establishment","Monday: 12:00 – 10:00 PM
Tuesday: 12:00 – 10:00 PM
Wednesday: 12:00 – 10:00 PM
Thursday: 12:00 – 10:00 PM
Friday: 12:00 – 10:00 PM
Saturday: 12:00 – 10:00 PM
Sunday: 12:00 – 10:00 PM",1,,,,,,,,,,,,,,,180,9GF6CQR8+J4
ChIJi9EUURqTkkYRg5znnH2hf8w,Everest Grill & Restro,"Narva mnt 15, 10120 Tallinn, Estonia","Narva mnt 15, Tallinn",15,Narva maantee,,Tallinn,Harju maakond,10120,Estonia,EE,59.438049400000004,24.767362,https://maps.google.com/?cid=14735674066654960771&g_mp=Cilnb29nbGUubWFwcy5wbGFjZXMudjEuUGxhY2VzLlNlYXJjaE5lYXJieRACGAQgAA,https://everestgrill.ee/,5450 2301,+372 5450 2301,4.6,433,2,$$,OPERATIONAL,indian_restaurant,Indian Restaurant,"indian_restaurant,chinese_restaurant,restaurant,food,point_of_interest,establishment","Monday: 11:00 AM – 12:30 AM
Tuesday: 11:00 AM – 12:30 AM
Wednesday: 11:00 AM – 12:30 AM
Thursday: 11:00 AM – 12:30 AM
Friday: 11:00 AM – 1:00 AM
Saturday: 11:00 AM – 1:00 AM
Sunday: 11:00 AM – 12:30 AM",1,,,,,,,,,,,,,,,180,9GF6CQQ8+6W
ChIJQZ7mwn2TkkYRt6ZGdLFe0Wg,F-Hoone,"Telliskivi tn 60a-4, 10412 Tallinn, Estonia","Telliskivi tn 60a-4, Tallinn",60a,Telliskivi tänav,,Tallinn,Harju maakond,10412,Estonia,EE,59.4397095,24.7292113,https://maps.google.com/?cid=7552922166330042039&g_mp=Cilnb29nbGUubWFwcy5wbGFjZXMudjEuUGxhY2VzLlNlYXJjaE5lYXJieRACGAQgAA,http://www.fhoone.ee/,5322 6855,+372 5322 6855,4.4,6498,2,$$,OPERATIONAL,restaurant,Restaurant,"restaurant,food,point_of_interest,establishment","Monday: 10:00 AM – 11:00 PM
Tuesday: 10:00 AM – 11:00 PM
Wednesday: 10:00 AM – 11:00 PM
Thursday: 10:00 AM – 11:00 PM
Friday: 10:00 AM – 12:00 AM
Saturday: 10:00 AM – 12:00 AM
Sunday: 10:00 AM – 10:00 PM",1,,,,,,,,,,,,,,,180,9GF6CPQH+VM
ChIJqQ62g-OTkkYRb1mUK3r7rTc,F. M. Dostojevski pubi-restoran,"Kopliranna tn 1, 11713 Tallinn, Estonia","Kopliranna tn 1, Tallinn",1,Kopliranna tänav,,Tallinn,Harju maakond,11713,Estonia,EE,59.4498576,24.6833918,https://maps.google.com/?cid=4012139345192704367&g_mp=Cilnb29nbGUubWFwcy5wbGFjZXMudjEuUGxhY2VzLlNlYXJjaE5lYXJieRACGAQgAA,http://dostojevski.ee/,661 1166,+372 661 1166,4.0,1332,2,$$,OPERATIONAL,pub,Pub,"pub,bar,restaurant,food,point_of_interest,establishment","Monday: 12:00 – 10:00 PM
Tuesday: 12:00 – 10:00 PM
Wednesday: 12:00 – 10:00 PM
Thursday: 12:00 – 10:00 PM
Friday: 12:00 – 10:00 PM
Saturday: 12:00 – 10:00 PM
Sunday: 12:00 – 10:00 PM",0,,,,,,,,,,,,,,,180,9GF6CMXM+W9
ChIJUfYMCRDtkkYRpU5KBnnw__E,F.Burger,"Viru väljak 4-6, 10111 Tallinn, Estonia","Viru väljak 4-6, Tallinn",4,Viru väljak,,Tallinn,Harju maakond,10111,Estonia,EE,59.436232999999994,24.755768,https://maps.google.com/?cid=17437920684789092005&g_mp=Cilnb29nbGUubWFwcy5wbGFjZXMudjEuUGxhY2VzLlNlYXJjaE5lYXJieRACGAQgAA,http://fburger.ee/,5345 5542,+372 5345 5542,3.8,351,2,$$,OPERATIONAL,hamburger_restaurant,Hamburger Restaurant,"hamburger_restaurant,fine_dining_restaurant,coffee_shop,cafe,american_restaurant,food_store,store,restaurant,food,point_of_interest,establishment","Monday: 11:00 AM – 9:00 PM
Tuesday: 11:00 AM – 9:00 PM
Wednesday: 11:00 AM – 9:00 PM
Thursday: 11:00 AM – 9:00 PM
Friday: 11:00 AM – 10:00 PM
Saturday: 11:00 AM – 10:00 PM
Sunday: 11:00 AM – 8:00 PM",1,,,,,,,,,,,,,,,180,9GF6CQP4+F8
ChIJmRp9egCTkkYRMSgXle_xze8,F.Resto,"Võrgu tn 3, 10415 Tallinn, Estonia","Võrgu tn 3, Tallinn",3,Võrgu tänav,,Tallinn,Harju maakond,10415,Estonia,EE,59.4451707,24.7477828,https://maps.google.com/?cid=17279733356591261745&g_mp=Cilnb29nbGUubWFwcy5wbGFjZXMudjEuUGxhY2VzLlNlYXJjaE5lYXJieRACGAQgAA,http://www.fresto.ee/,5385 5502,+372 5385 5502,4.9,64,2,$$,OPERATIONAL,restaurant,Restaurant,"restaurant,food,point_of_interest,establishment","Monday: Closed
Tuesday: 5:00 – 11:00 PM
Wednesday: 5:00 – 11:00 PM
Thursday: 5:00 – 11:00 PM
Friday: 5:00 – 11:00 PM
Saturday: 11:00 AM – 11:00 PM
Sunday: 11:00 AM – 7:00 PM",0,,,,,,,,,,,,,,,180,9GF6CPWX+34
ChIJK6-wrVuTkkYRcWVmnTPV-3E,Faeton Restaurant,"J. Köleri tn 2, 10150 Tallinn, Estonia","Köleri 2, J. Köleri tn 2, Tallinn",2,J. Köleri tänav,,Tallinn,Harju maakond,10150,Estonia,EE,59.438498800000005,24.775239799999998,https://maps.google.com/?cid=8213392763101013361&g_mp=Cilnb29nbGUubWFwcy5wbGFjZXMudjEuUGxhY2VzLlNlYXJjaE5lYXJieRACGAQgAA,http://faetonrestaurant.ee/,687 2125,+372 687 2125,4.3,495,2,$$,OPERATIONAL,restaurant,Restaurant,"restaurant,meal_takeaway,point_of_interest,food,establishment","Monday: 12:00 – 11:00 PM
Tuesday: 12:00 – 11:00 PM
Wednesday: 12:00 – 11:00 PM
Thursday: 12:00 – 11:00 PM
Friday: 12:00 – 11:00 PM
Saturday: 12:00 – 11:00 PM
Sunday: 12:00 – 11:00 PM",1,,,,,,,,,,,,,,,180,9GF6CQQG+93
ChIJJzA8kmGTkkYR5G2b_8EeLDA,Farm,"Müürivahe 27b, 10140 Tallinn, Estonia","Müürivahe 27b, Tallinn",27b,Müürivahe,,Tallinn,Harju maakond,10140,Estonia,EE,59.436968400000005,24.749351599999997,https://maps.google.com/?cid=3471183231361707492&g_mp=Cilnb29nbGUubWFwcy5wbGFjZXMudjEuUGxhY2VzLlNlYXJjaE5lYXJieRACGAQgAA,http://restaurant.farm/,5482 0333,+372 5482 0333,4.6,1580,3,$$$,OPERATIONAL,european_restaurant,European Restaurant,"european_restaurant,scandinavian_restaurant,eastern_european_restaurant,restaurant,food,point_of_interest,establishment","Monday: 5:00 – 10:00 PM
Tuesday: 5:00 – 10:00 PM
Wednesday: 5:00 – 10:00 PM
Thursday: 5:00 – 10:00 PM
Friday: 5:00 – 11:00 PM
Saturday: 3:00 – 11:00 PM
Sunday: 3:00 – 10:00 PM",0,,,,,,,,,,,,,,,180,9GF6CPPX+QP
ChIJuen6Zm2TkkYRiU2DeCiR25Q,FERMENT,"Peetri tn 6, 10414 Tallinn, Estonia","Peetri tn 6, Tallinn",6,Peetri tänav,,Tallinn,Harju maakond,10414,Estonia,EE,59.450694899999995,24.7285009,https://maps.google.com/?cid=10726326540519558537&g_mp=Cilnb29nbGUubWFwcy5wbGFjZXMudjEuUGxhY2VzLlNlYXJjaE5lYXJieRACGAQgAA,https://ferment.ee/,,,4.4,63,2,$$,OPERATIONAL,restaurant,Restaurant,"restaurant,food,point_of_interest,establishment","Monday: Closed
Tuesday: Closed
Wednesday: 3:00 – 10:00 PM
Thursday: 3:00 – 11:30 PM
Friday: 3:00 – 11:30 PM
Saturday: 3:00 – 11:30 PM
Sunday: 1:00 – 7:00 PM",0,,,,,,,,,,,,,,,180,9GF6FP2H+7C
ChIJR_gpk2KTkkYRZtTvu6OrDyU,Fersen -Tallin Patkuli vaateplats,"Rahukohtu tn 5, 10130 Tallinn, Estonia","Rahukohtu tn 5, Tallinn",5,Rahukohtu tänav,,Tallinn,Harju maakond,10130,Estonia,EE,59.43832469999999,24.7410972,https://maps.google.com/?cid=2670541823775069286&g_mp=Cilnb29nbGUubWFwcy5wbGFjZXMudjEuUGxhY2VzLlNlYXJjaE5lYXJieRACGAQgAA,http://fersen.ee/,660 6425,+372 660 6425,4.5,391,2,$$,OPERATIONAL,restaurant,Restaurant,"restaurant,food,point_of_interest,establishment","Monday: 10:00 AM – 10:00 PM
Tuesday: 10:00 AM – 10:00 PM
Wednesday: 10:00 AM – 10:00 PM
Thursday: 10:00 AM – 10:00 PM
Friday: 10:00 AM – 11:00 PM
Saturday: 10:00 AM – 11:00 PM
Sunday: 10:00 AM – 8:00 PM",1,,,,,,,,,,,,,,,180,9GF6CPQR+8C
ChIJbQHyZ6iUkkYR6SBl22oWSiA,Foodstop OÜ,"Lastekodu tn 46, 10112 Tallinn, Estonia","Lastekodu tn 46, Tallinn",46,Lastekodu tänav,,Tallinn,Harju maakond,10112,Estonia,EE,59.4274085,24.7740136,https://maps.google.com/?cid=2326696805693464809&g_mp=Cilnb29nbGUubWFwcy5wbGFjZXMudjEuUGxhY2VzLlNlYXJjaE5lYXJieRACGAQgAA,,514 0554,+372 514 0554,3.9,28,1,$,OPERATIONAL,restaurant,Restaurant,"restaurant,food,point_of_interest,establishment","Monday: 7:30 AM – 8:00 PM
Tuesday: 7:30 AM – 8:00 PM
Wednesday: 7:30 AM – 8:00 PM
Thursday: 7:30 AM – 8:00 PM
Friday: 7:30 AM – 8:00 PM
Saturday: 7:30 AM – 8:00 PM
Sunday: 7:30 AM – 8:00 PM",1,,,,,,,,,,,,,,,180,9GF6CQGF+XJ
ChIJqwOvNmeTkkYR0yQIUSx3jSY,Foodstudio Kitchen OÜ,"Telliskivi tn 60a-7, 10142 Tallinn, Estonia","Telliskivi tn 60a-7, Tallinn",60a,Telliskivi tänav,,Tallinn,Harju maakond,10142,Estonia,EE,59.4385847,24.7281405,https://maps.google.com/?cid=2778007577379218643&g_mp=Cilnb29nbGUubWFwcy5wbGFjZXMudjEuUGxhY2VzLlNlYXJjaE5lYXJieRACGAQgAA,https://foodstudio.ee/,655 6300,+372 655 6300,4.9,104,,,OPERATIONAL,restaurant,Restaurant,"restaurant,food,point_of_interest,establishment",,,,,,,,,,,,,,,,,180,9GF6CPQH+C7
ChIJA05L6qKUkkYRi1Xw19c5Xq4,Fork,"Veerenni tn 24, 10135 Tallinn, Estonia","Veerenni tn 24, Tallinn",24,Veerenni tänav,,Tallinn,Harju maakond,10135,Estonia,EE,59.42405050000001,24.748605299999998,https://maps.google.com/?cid=12564543609613866379&g_mp=Cilnb29nbGUubWFwcy5wbGFjZXMudjEuUGxhY2VzLlNlYXJjaE5lYXJieRACGAQgAA,https://www.facebook.com/FORKresto,5669 0749,+372 5669 0749,4.5,473,1,$,OPERATIONAL,restaurant,Restaurant,"restaurant,food,point_of_interest,establishment","Monday: 8:00 AM – 3:00 PM
Tuesday: 8:00 AM – 3:00 PM
Wednesday: 8:00 AM – 3:00 PM
Thursday: 8:00 AM – 3:00 PM
Friday: 8:00 AM – 3:00 PM
Saturday: Closed
Sunday: Closed",1,,,,,,,,,,,,,,,180,9GF6CPFX+JC
ChIJ-1KlnkqVkkYRwwa95lJCABk,Fotografiska Tallinn Restaurant & Rooftop Bar,"Telliskivi tn 60a-8, 10412 Tallinn, Estonia","Telliskivi tn 60a-8, Tallinn",60a,Telliskivi tänav,,Tallinn,Harju maakond,10412,Estonia,EE,59.4383561,24.728440799999998,https://maps.google.com/?cid=1801512774774097603&g_mp=Cilnb29nbGUubWFwcy5wbGFjZXMudjEuUGxhY2VzLlNlYXJjaE5lYXJieRACGAQgAA,https://tallinn.fotografiska.com/en/restaurants/fotografiska-restaurant,5745 0922,+372 5745 0922,4.4,618,,,OPERATIONAL,restaurant,Restaurant,"restaurant,food,point_of_interest,establishment","Monday: Closed
Tuesday: 6:00 PM – 12:00 AM
Wednesday: 6:00 PM – 12:00 AM
Thursday: 6:00 PM – 12:00 AM
Friday: 12:00 PM – 1:00 AM
Saturday: 12:00 PM – 1:00 AM
Sunday: 12:00 – 6:00 PM",0,,,,,,,,,,,,,,,180,9GF6CPQH+89
ChIJ3655K4GUkkYRFOz5_zlaUW0,François Boulangerie,"Härjapea tn 17, 10320 Tallinn, Estonia","Härjapea tn 17, Tallinn",17,Härjapea tänav,,Tallinn,Harju maakond,10320,Estonia,EE,59.4376932,24.7162062,https://maps.google.com/?cid=7877176428401912852&g_mp=Cilnb29nbGUubWFwcy5wbGFjZXMudjEuUGxhY2VzLlNlYXJjaE5lYXJieRACGAQgAA,https://www.francois.ee/,5591 3909,+372 5591 3909,4.8,63,1,$,OPERATIONAL,bakery,Bakery,"bakery,meal_takeaway,food_store,store,restaurant,food,point_of_interest,establishment","Monday: Closed
Tuesday: Closed
Wednesday: Closed
Thursday: Closed
Friday: Closed
Saturday: 10:00 AM – 1:00 PM
Sunday: Closed",0,,,,,,,,,,,,,,,180,9GF6CPQ8+3F
ChIJq6orjgXrkkYRHiyVYSrnP74,Fredo Öpik,"Valukoja tn 8, 11415 Tallinn, Estonia","Öpiku maja, Ülemiste City, Valukoja tn 8, Tallinn",8,Valukoja tänav,,Tallinn,Harju maakond,11415,Estonia,EE,59.4200831,24.804786099999998,https://maps.google.com/?cid=13708929959950887966&g_mp=Cilnb29nbGUubWFwcy5wbGFjZXMudjEuUGxhY2VzLlNlYXJjaE5lYXJieRACGAQgAA,https://fredo.ee/opik,5354 1564,+372 5354 1564,4.3,90,1,$,OPERATIONAL,restaurant,Restaurant,"restaurant,food,point_of_interest,establishment","Monday: 7:30 AM – 4:00 PM
Tuesday: 7:30 AM – 4:00 PM
Wednesday: 7:30 AM – 4:00 PM
Thursday: 7:30 AM – 4:00 PM
Friday: 7:30 AM – 4:00 PM
Saturday: Closed
Sunday: Closed",1,,,,,,,,,,,,,,,180,9GF6CRC3+2W
ChIJE74t8H2TkkYRlfOIUXNLIP0,Frenchy Bistro,"Telliskivi tn 60a, 10412 Tallinn, Estonia","Telliskivi tn 60a, Tallinn",60a,Telliskivi tänav,,Tallinn,Harju maakond,10412,Estonia,EE,59.4383072,24.7292171,https://maps.google.com/?cid=18239661449511760789&g_mp=Cilnb29nbGUubWFwcy5wbGFjZXMudjEuUGxhY2VzLlNlYXJjaE5lYXJieRACGAQgAA,https://frenchybistro.wixsite.com/mysite,5604 8262,+372 5604 8262,4.5,1084,2,$$,OPERATIONAL,french_restaurant,French Restaurant,"french_restaurant,european_restaurant,restaurant,food,point_of_interest,establishment","Monday: 12:00 – 11:00 PM
Tuesday: 12:00 – 11:00 PM
Wednesday: 12:00 – 11:00 PM
Thursday: 12:00 – 11:00 PM
Friday: 12:00 PM – 12:00 AM
Saturday: 12:00 PM – 12:00 AM
Sunday: Closed",1,,,,,,,,,,,,,,,180,9GF6CPQH+8M
ChIJMZqaU4TrkkYR3w3F1GcMmic,Freya Foodbar Ülemiste,"Sepise tn 7, 11415 Tallinn, Estonia","Ülemiste City, Sepise tn 7, Tallinn",7,Sepise tänav,,Tallinn,Harju maakond,11415,Estonia,EE,59.41904289999999,24.805135999999997,https://maps.google.com/?cid=2853606953983479263&g_mp=Cilnb29nbGUubWFwcy5wbGFjZXMudjEuUGxhY2VzLlNlYXJjaE5lYXJieRACGAQgAA,http://www.freyafoodbar.ee/,5447 0884,+372 5447 0884,4.4,46,2,$$,OPERATIONAL,restaurant,Restaurant,"restaurant,food,point_of_interest,establishment","Monday: 11:30 AM – 3:00 PM
Tuesday: 11:30 AM – 3:00 PM
Wednesday: 11:30 AM – 3:00 PM
Thursday: 11:30 AM – 3:00 PM
Friday: 11:30 AM – 3:00 PM
Saturday: Closed
Sunday: Closed",1,,,,,,,,,,,,,,,180,9GF6CR94+J3
ChIJ3RYqJIuTkkYRO5dC6POAe6U,Fries kiosk,"Aia tn 8, 10111 Tallinn, Estonia","Aia tn 8, Tallinn",8,Aia tänav,,Tallinn,Harju maakond,10111,Estonia,EE,59.43806129999999,24.751552099999998,https://maps.google.com/?cid=11924266223455606587&g_mp=Cilnb29nbGUubWFwcy5wbGFjZXMudjEuUGxhY2VzLlNlYXJjaE5lYXJieRACGAQgAA,,5376 5836,+372 5376 5836,4.6,54,2,$$,OPERATIONAL,hamburger_restaurant,Hamburger Restaurant,"hamburger_restaurant,american_restaurant,restaurant,food,point_of_interest,establishment","Monday: 11:00 AM – 9:00 PM
Tuesday: 11:00 AM – 9:00 PM
Wednesday: 11:00 AM – 9:00 PM
Thursday: 11:00 AM – 9:00 PM
Friday: 11:00 AM – 11:00 PM
Saturday: 11:00 AM – 11:00 PM
Sunday: 11:00 AM – 9:00 PM",1,,,,,,,,,,,,,,,180,9GF6CQQ2+6J
ChIJMcfu-ueTkkYRnTW9K2Pz788,FUME Restoran,"Ahtri 6, 10117 Tallinn, Estonia","Parking lot, Ahtri 6, Tallinn",6,Ahtri,,Tallinn,Harju maakond,10117,Estonia,EE,59.4400455,24.75744,https://maps.google.com/?cid=14983462092546061725&g_mp=Cilnb29nbGUubWFwcy5wbGFjZXMudjEuUGxhY2VzLlNlYXJjaE5lYXJieRACGAQgAA,https://fumeresto.ee/,5558 9880,+372 5558 9880,4.5,201,,,OPERATIONAL,restaurant,Restaurant,"restaurant,cocktail_bar,bar_and_grill,bar,fine_dining_restaurant,european_restaurant,food,point_of_interest,establishment","Monday: 12:00 – 11:00 PM
Tuesday: 12:00 – 11:00 PM
Wednesday: 12:00 – 11:00 PM
Thursday: 12:00 – 11:00 PM
Friday: 12:00 PM – 12:00 AM
Saturday: 12:00 PM – 12:00 AM
Sunday: 12:00 – 11:00 PM",1,,,,,,,,,,,,,,,180,9GF6CQR4+2X
ChIJIbc9VcfskkYR_m1iPF_aRfk,Fusion Sushi,"Virbi tn 10-13622, 13629 Tallinn, Estonia","Virbi tn 10-13622, Tallinn",10,Virbi tänav,,Tallinn,Harju maakond,13629,Estonia,EE,59.4406999,24.843336599999997,https://maps.google.com/?cid=17962002791406923262&g_mp=Cilnb29nbGUubWFwcy5wbGFjZXMudjEuUGxhY2VzLlNlYXJjaE5lYXJieRACGAQgAA,http://fusionsushi.ee/,5855 2637,+372 5855 2637,4.6,135,2,$$,OPERATIONAL,sushi_restaurant,Sushi Restaurant,"sushi_restaurant,japanese_restaurant,restaurant,food,point_of_interest,establishment","Monday: 11:00 AM – 10:00 PM
Tuesday: 11:00 AM – 10:00 PM
Wednesday: 11:00 AM – 10:00 PM
Thursday: 11:00 AM – 10:00 PM
Friday: 11:00 AM – 10:00 PM
Saturday: 11:00 AM – 10:00 PM
Sunday: 11:00 AM – 10:00 PM",1,,,,,,,,,,,,,,,180,9GF6CRRV+78
ChIJjdSHeamUkkYRTlmIGaGqa44,Gala Sushi,"Lõõtsa tn 4, 11415 Tallinn, Estonia","Johannes Käis Building, Ülemiste City, Lõõtsa tn 4, Tallinn",4,Lõõtsa tänav,,Tallinn,Harju maakond,11415,Estonia,EE,59.4220629,24.8017868,https://maps.google.com/?cid=10262483784788629838&g_mp=Cilnb29nbGUubWFwcy5wbGFjZXMudjEuUGxhY2VzLlNlYXJjaE5lYXJieRACGAQgAA,https://gala.ee/?utm_source=google&utm_medium=organic&utm_campaign=gbp,646 4558,+372 646 4558,4.5,134,2,$$,OPERATIONAL,sushi_restaurant,Sushi Restaurant,"sushi_restaurant,catering_service,meal_delivery,food_delivery,japanese_restaurant,meal_takeaway,restaurant,food,service,point_of_interest,establishment","Monday: 10:00 AM – 9:00 PM
Tuesday: 10:00 AM – 9:00 PM
Wednesday: 10:00 AM – 9:00 PM
Thursday: 10:00 AM – 9:00 PM
Friday: 10:00 AM – 9:00 PM
Saturday: 12:00 – 9:00 PM
Sunday: 12:00 – 9:00 PM",1,,,,,,,,,,,,,,,180,9GF6CRC2+RP
ChIJheJcPImTkkYRoyZ-VGx-Dn0,Gallery Cafe,"Rotermanni tn 6, 10111 Tallinn, Estonia","Vana jahuladu, Rotermanni tn 6, Tallinn",6,Rotermanni tänav,,Tallinn,Harju maakond,10111,Estonia,EE,59.43862769999999,24.7571084,https://maps.google.com/?cid=9011278908154062499&g_mp=Cilnb29nbGUubWFwcy5wbGFjZXMudjEuUGxhY2VzLlNlYXJjaE5lYXJieRACGAQgAA,https://gallerycafe.ee/,5353 3123,+372 5353 3123,4.5,1251,2,$$,OPERATIONAL,brunch_restaurant,Brunch Restaurant,"brunch_restaurant,cafe,restaurant,food,point_of_interest,establishment","Monday: 8:30 AM – 7:00 PM
Tuesday: 8:30 AM – 7:00 PM
Wednesday: 8:30 AM – 7:00 PM
Thursday: 8:30 AM – 7:00 PM
Friday: 8:30 AM – 7:00 PM
Saturday: 9:30 AM – 8:00 PM
Sunday: 9:30 AM – 8:00 PM",1,,,,,,,,,,,,,,,180,9GF6CQQ4+FR
ChIJu0KfZUCTkkYR-7DXhYddtHw,Garden Cafe,"Vana-Kalamaja tn 7a, 10412 Tallinn, Estonia","Vana-Kalamaja tn 7a, Tallinn",7a,Vana-Kalamaja tänav,,Tallinn,Harju maakond,10412,Estonia,EE,59.4425109,24.7379958,https://maps.google.com/?cid=8985909993158455547&g_mp=Cilnb29nbGUubWFwcy5wbGFjZXMudjEuUGxhY2VzLlNlYXJjaE5lYXJieRACGAQgAA,http://www.flowergarden.ee/,550 4900,+372 550 4900,4.8,389,2,$$,OPERATIONAL,restaurant,Restaurant,"restaurant,cafe,food,point_of_interest,establishment","Monday: Closed
Tuesday: 12:00 – 9:00 PM
Wednesday: 10:00 AM – 9:00 PM
Thursday: 10:00 AM – 9:00 PM
Friday: 10:00 AM – 10:00 PM
Saturday: 10:00 AM – 10:00 PM
Sunday: 11:00 AM – 7:00 PM",1,,,,,,,,,,,,,,,180,9GF6CPVQ+25
ChIJbWKUfISTkkYRovzw55zQEro,Ginger Arsenal,"Erika tn 14, 10416 Tallinn, Estonia","Erika tn 14, Tallinn",14,Erika tänav,,Tallinn,Harju maakond,10416,Estonia,EE,59.45164630000001,24.716815999999998,https://maps.google.com/?cid=13408008412960193698&g_mp=Cilnb29nbGUubWFwcy5wbGFjZXMudjEuUGxhY2VzLlNlYXJjaE5lYXJieRACGAQgAA,http://www.gingercafe.ee/,660 8880,+372 660 8880,4.4,520,2,$$,OPERATIONAL,indian_restaurant,Indian Restaurant,"indian_restaurant,restaurant,food,point_of_interest,establishment","Monday: 11:00 AM – 9:00 PM
Tuesday: 11:00 AM – 9:00 PM
Wednesday: 11:00 AM – 9:00 PM
Thursday: 11:00 AM – 9:00 PM
Friday: 11:00 AM – 9:00 PM
Saturday: 12:00 – 9:00 PM
Sunday: 12:00 – 9:00 PM",1,,,,,,,,,,,,,,,180,9GF6FP28+MP
ChIJ1V1EwoKUkkYRJPMLN7WPGIk,Ginger Toompuiestee,"Toompuiestee 29, 10149 Tallinn, Estonia","Toompuiestee 29, Tallinn",29,Toompuiestee,,Tallinn,Harju maakond,10149,Estonia,EE,59.436367600000004,24.732448899999998,https://maps.google.com/?cid=9878803791112565540&g_mp=Cilnb29nbGUubWFwcy5wbGFjZXMudjEuUGxhY2VzLlNlYXJjaE5lYXJieRACGAQgAA,http://www.gingercafe.ee/,656 6661,+372 656 6661,4.6,1315,2,$$,OPERATIONAL,asian_restaurant,Asian Restaurant,"asian_restaurant,indian_restaurant,restaurant,food,point_of_interest,establishment","Monday: 11:00 AM – 10:00 PM
Tuesday: 11:00 AM – 10:00 PM
Wednesday: 11:00 AM – 10:00 PM
Thursday: 11:00 AM – 10:00 PM
Friday: 11:00 AM – 10:00 PM
Saturday: 12:00 – 10:00 PM
Sunday: 12:00 – 9:00 PM",1,,,,,,,,,,,,,,,180,9GF6CPPJ+GX
ChIJkwTD4J2UkkYRlVWDHIu0x5M,Gloria restaurant,"Müürivahe 2, 10130 Tallinn, Estonia","Müürivahe 2, Tallinn",2,Müürivahe,,Tallinn,Harju maakond,10130,Estonia,EE,59.4346185,24.7437822,https://maps.google.com/?cid=10648678353512650133&g_mp=Cilnb29nbGUubWFwcy5wbGFjZXMudjEuUGxhY2VzLlNlYXJjaE5lYXJieRACGAQgAA,https://www.gloria.ee/,640 6800,+372 640 6800,4.6,177,,,OPERATIONAL,restaurant,Restaurant,"restaurant,food,point_of_interest,establishment","Monday: Closed
Tuesday: 2:00 – 11:00 PM
Wednesday: 2:00 – 11:00 PM
Thursday: 2:00 – 11:00 PM
Friday: 2:00 – 11:00 PM
Saturday: 2:00 – 11:00 PM
Sunday: Closed",0,,,,,,,,,,,,,,,180,9GF6CPMV+RG
ChIJEa2h552UkkYRd0Hh3oigzE8,Gloria Veinikelder,"Müürivahe 2, 10130 Tallinn, Estonia","Müürivahe 2, Tallinn",2,Müürivahe,,Tallinn,Harju maakond,10130,Estonia,EE,59.43468669999999,24.7437919,https://maps.google.com/?cid=5750147333960581495&g_mp=Cilnb29nbGUubWFwcy5wbGFjZXMudjEuUGxhY2VzLlNlYXJjaE5lYXJieRACGAQgAA,http://gloriaveinikelder.ee/en/,640 6804,+372 640 6804,4.6,183,,,CLOSED_TEMPORARILY,restaurant,Restaurant,"restaurant,food,point_of_interest,establishment",,,,,,,,,,,,,,,,,180,9GF6CPMV+VG
ChIJO-MupjeTkkYRfj2ay9x0Clc,Gläm Telliskivi,"Telliskivi tn 60-4, 10412 Tallinn, Estonia","Telliskivi tn 60-4, Tallinn",60,Telliskivi tänav,,Tallinn,Harju maakond,10412,Estonia,EE,59.43998679999999,24.731327999999998,https://maps.google.com/?cid=6271953922724347262&g_mp=Cilnb29nbGUubWFwcy5wbGFjZXMudjEuUGxhY2VzLlNlYXJjaE5lYXJieRACGAQgAA,https://www.glamtelliskivi.ee/,601 7770,+372 601 7770,4.1,80,2,$$,OPERATIONAL,restaurant,Restaurant,"restaurant,food,point_of_interest,establishment","Monday: 12:00 – 10:00 PM
Tuesday: 12:00 – 11:00 PM
Wednesday: 12:00 – 11:00 PM
Thursday: 12:00 – 11:00 PM
Friday: 12:00 PM – 3:00 AM
Saturday: 12:00 PM – 3:00 AM
Sunday: 12:00 – 10:00 PM",1,,,,,,,,,,,,,,,180,9GF6CPQJ+XG
ChIJN2SxHWWTkkYRs4udr8h0KMo,Goa Restoran kesklinn,"Suur-Patarei tn 2, 10415 Tallinn, Estonia","Suur-Patarei tn 2, Tallinn",2,Suur-Patarei tänav,,Tallinn,Harju maakond,10415,Estonia,EE,59.444768399999994,24.7478849,https://maps.google.com/?cid=14567021400018488243&g_mp=Cilnb29nbGUubWFwcy5wbGFjZXMudjEuUGxhY2VzLlNlYXJjaE5lYXJieRACGAQgAA,https://goarestoran.ee/,5780 0017,+372 5780 0017,4.5,506,2,$$,OPERATIONAL,indian_restaurant,Indian Restaurant,"indian_restaurant,thai_restaurant,restaurant,food,point_of_interest,establishment","Monday: 11:00 AM – 10:30 PM
Tuesday: 11:00 AM – 10:30 PM
Wednesday: 11:00 AM – 10:30 PM
Thursday: 11:00 AM – 10:30 PM
Friday: 11:00 AM – 10:30 PM
Saturday: 11:00 AM – 10:30 PM
Sunday: 12:00 – 10:00 PM",1,,,,,,,,,,,,,,,180,9GF6CPVX+W5
ChIJofGOoaCTkkYRN218DMRRQd0,Gobi,"Rotermanni tn 14, 10111 Tallinn, Estonia","Rotermanni tn 14, Tallinn",14,Rotermanni tänav,,Tallinn,Harju maakond,10111,Estonia,EE,59.43898170000001,24.7576905,https://maps.google.com/?cid=15943114058333187383&g_mp=Cilnb29nbGUubWFwcy5wbGFjZXMudjEuUGxhY2VzLlNlYXJjaE5lYXJieRACGAQgAA,http://www.gobi.ee/,5554 4990,+372 5554 4990,4.7,865,3,$$$,OPERATIONAL,eastern_european_restaurant,Eastern European Restaurant,"eastern_european_restaurant,european_restaurant,restaurant,food,point_of_interest,establishment","Monday: 12:00 PM – 12:00 AM
Tuesday: 12:00 PM – 12:00 AM
Wednesday: 12:00 PM – 12:00 AM
Thursday: 12:00 PM – 12:00 AM
Friday: 12:00 PM – 12:00 AM
Saturday: 12:00 PM – 12:00 AM
Sunday: 12:00 PM – 12:00 AM",1,,,,,,,,,,,,,,,180,9GF6CQQ5+H3
ChIJ33bQlGGTkkYRykoUBVB9pBg,Goodwin The Steak House,"Viru 22, 10140 Tallinn, Estonia","Viru 22, Tallinn",22,Viru,,Tallinn,Harju maakond,10140,Estonia,EE,59.436540099999995,24.7491785,https://maps.google.com/?cid=1775681935726889674&g_mp=Cilnb29nbGUubWFwcy5wbGFjZXMudjEuUGxhY2VzLlNlYXJjaE5lYXJieRACGAQgAA,http://www.steak.ee/,661 5518,+372 661 5518,4.3,2089,3,$$$,OPERATIONAL,steak_house,Steak House,"steak_house,restaurant,food,point_of_interest,establishment","Monday: 12:00 – 11:00 PM
Tuesday: 12:00 – 11:00 PM
Wednesday: 12:00 – 11:00 PM
Thursday: 12:00 – 11:00 PM
Friday: 12:00 – 11:00 PM
Saturday: 12:00 – 11:00 PM
Sunday: 12:00 – 11:00 PM",1,,,,,,,,,,,,,,,180,9GF6CPPX+JM
ChIJOxoZNpiUkkYRzjFdO3yqz0M,Gotsu Kyuho's Kitchen,"Pärnu mnt. 62a, 10135 Tallinn, Estonia","Pärnu mnt. 62a, Tallinn",62a,Pärnu maantee,,Tallinn,Harju maakond,10135,Estonia,EE,59.4257277,24.7420539,https://maps.google.com/?cid=4886311571268907470&g_mp=Cilnb29nbGUubWFwcy5wbGFjZXMudjEuUGxhY2VzLlNlYXJjaE5lYXJieRACGAQgAA,http://www.gotsu.ee/,614 0022,+372 614 0022,4.7,1004,2,$$,OPERATIONAL,korean_restaurant,Korean Restaurant,"korean_restaurant,restaurant,food,point_of_interest,establishment","Monday: 11:15 AM – 8:00 PM
Tuesday: 11:15 AM – 8:00 PM
Wednesday: 11:15 AM – 8:00 PM
Thursday: 11:15 AM – 8:00 PM
Friday: 11:15 AM – 8:00 PM
Saturday: Closed
Sunday: Closed",1,,,,,,,,,,,,,,,180,9GF6CPGR+7R
ChIJw4KBYYOTkkYRoSXl_UPuvCE,Gourmet Club,"Erika tn 14, 10416 Tallinn, Estonia","Erika tn 14, Tallinn",14,Erika tänav,,Tallinn,Harju maakond,10416,Estonia,EE,59.451684199999995,24.7176577,https://maps.google.com/?cid=2431079874663097761&g_mp=Cilnb29nbGUubWFwcy5wbGFjZXMudjEuUGxhY2VzLlNlYXJjaE5lYXJieRACGAQgAA,https://www.gourmetclub.ee/,5344 2472,+372 5344 2472,4.5,165,2,$$,OPERATIONAL,cafeteria,Cafeteria,"cafeteria,pizza_restaurant,meal_takeaway,restaurant,food,point_of_interest,establishment","Monday: 10:00 AM – 8:00 PM
Tuesday: 10:00 AM – 8:00 PM
Wednesday: 10:00 AM – 8:00 PM
Thursday: 10:00 AM – 8:00 PM
Friday: 10:00 AM – 8:00 PM
Saturday: 10:00 AM – 8:00 PM
Sunday: 11:00 AM – 6:00 PM",1,,,,,,,,,,,,,,,180,9GF6FP29+M3
ChIJcQIweVCTkkYRZi0y-o4yPiM,Gourmet Coffee,"L. Koidula tn 13a, 10125 Tallinn, Estonia","L. Koidula tn 13a, Tallinn",13a,L. Koidula tänav,,Tallinn,Harju maakond,10125,Estonia,EE,59.4377838,24.782917599999998,https://maps.google.com/?cid=2539522829547875686&g_mp=Cilnb29nbGUubWFwcy5wbGFjZXMudjEuUGxhY2VzLlNlYXJjaE5lYXJieRACGAQgAA,http://gourmetcoffee.ee/,5300 1042,+372 5300 1042,4.5,1099,2,$$,OPERATIONAL,restaurant,Restaurant,"restaurant,coffee_shop,cafe,food_store,store,food,point_of_interest,establishment","Monday: 8:30 AM – 10:00 PM
Tuesday: 8:30 AM – 10:00 PM
Wednesday: 8:30 AM – 10:00 PM
Thursday: 8:30 AM – 10:00 PM
Friday: 8:30 AM – 10:00 PM
Saturday: 9:00 AM – 10:00 PM
Sunday: 9:00 AM – 10:00 PM",1,,,,,,,,,,,,,,,180,9GF6CQQM+45
ChIJcezlipeUkkYRX8WVCXvnUGg,Grenka,"Pärnu mnt. 76, 10131 Tallinn, Estonia","Pärnu mnt. 76, Tallinn",76,Pärnu maantee,,Tallinn,Harju maakond,10131,Estonia,EE,59.4238964,24.7421623,https://maps.google.com/?cid=7516762293709161823&g_mp=Cilnb29nbGUubWFwcy5wbGFjZXMudjEuUGxhY2VzLlNlYXJjaE5lYXJieRACGAQgAA,https://www.grenka.ee/,655 5514,+372 655 5514,4.6,2986,2,$$,OPERATIONAL,cafe,Cafe,"cafe,restaurant,food,point_of_interest,establishment","Monday: 9:00 AM – 8:00 PM
Tuesday: 9:00 AM – 8:00 PM
Wednesday: 9:00 AM – 8:00 PM
Thursday: 9:00 AM – 9:00 PM
Friday: 9:00 AM – 9:00 PM
Saturday: 9:00 AM – 9:00 PM
Sunday: 9:00 AM – 6:00 PM",1,,,,,,,,,,,,,,,180,9GF6CPFR+HV
ChIJpUvTfUaTkkYRTkZzGPsT1Q0,Grill ja Pruul Vanalinn,"Inseneri tn 2, 10111 Tallinn, Estonia","Inseneri tn 2, Tallinn",2,Inseneri tänav,,Tallinn,Harju maakond,10111,Estonia,EE,59.43805869999999,24.7515154,https://maps.google.com/?cid=996724861700359758&g_mp=Cilnb29nbGUubWFwcy5wbGFjZXMudjEuUGxhY2VzLlNlYXJjaE5lYXJieRACGAQgAA,https://www.facebook.com/grillpruul/,5911 1905,+372 5911 1905,4.7,891,2,$$,OPERATIONAL,hamburger_restaurant,Hamburger Restaurant,"hamburger_restaurant,brewpub,pub,bar,american_restaurant,restaurant,food,point_of_interest,establishment","Monday: 11:00 AM – 10:30 PM
Tuesday: 11:00 AM – 10:30 PM
Wednesday: 11:00 AM – 10:30 PM
Thursday: 11:00 AM – 10:30 PM
Friday: 11:00 AM – 11:00 PM
Saturday: 11:00 AM – 11:00 PM
Sunday: 1:00 – 10:30 PM",1,,,,,,,,,,,,,,,180,9GF6CQQ2+6J
ChIJD4VVyk-UkkYR1Hi0GcHfVgA,Grillbaas OÜ,"Parkla, Ehitajate tee 112, 13517 Tallinn, Estonia","Parking lot, Ehitajate tee 112, Tallinn",112,Ehitajate tee,,Tallinn,Harju maakond,13517,Estonia,EE,59.41304119999999,24.6622538,https://maps.google.com/?cid=24452868450056404&g_mp=Cilnb29nbGUubWFwcy5wbGFjZXMudjEuUGxhY2VzLlNlYXJjaE5lYXJieRACGAQgAA,https://www.facebook.com/grillbaas/,5757 0033,+372 5757 0033,4.3,335,1,$,OPERATIONAL,restaurant,Restaurant,"restaurant,food,point_of_interest,establishment","Monday: 10:00 AM – 8:00 PM
Tuesday: 10:00 AM – 8:00 PM
Wednesday: 10:00 AM – 8:00 PM
Thursday: 10:00 AM – 8:00 PM
Friday: 10:00 AM – 8:00 PM
Saturday: 11:00 AM – 8:00 PM
Sunday: Closed",1,,,,,,,,,,,,,,,180,9GF6CM76+6W
ChIJd2x_a56UkkYR2tOpgMlmP70,GrillStop 24h,"Vabaduse väljak 2b, 10146 Tallinn, Estonia","Vabaduse väljak 2b, Tallinn",2b,Vabaduse väljak,,Tallinn,Harju maakond,10146,Estonia,EE,59.4339253,24.746152199999997,https://maps.google.com/?cid=13636731212334224346&g_mp=Cilnb29nbGUubWFwcy5wbGFjZXMudjEuUGxhY2VzLlNlYXJjaE5lYXJieRACGAQgAA,http://www.grillstop.ee/,,,4.0,338,1,$,OPERATIONAL,fast_food_restaurant,Fast Food Restaurant,"fast_food_restaurant,hamburger_restaurant,american_restaurant,restaurant,food,point_of_interest,establishment","Monday: Open 24 hours
Tuesday: Open 24 hours
Wednesday: Open 24 hours
Thursday: Open 24 hours
Friday: Open 24 hours
Saturday: Open 24 hours
Sunday: Open 24 hours",1,,,,,,,,,,,,,,,180,9GF6CPMW+HF
ChIJ39s361WUkkYRXeJ9BRDeKRA,GrillStop Vilde,"E. Vilde tee 84a, 12917 Tallinn, Estonia","E. Vilde tee 84a, Tallinn",84a,Eduard Vilde tee,,Tallinn,Harju maakond,12917,Estonia,EE,59.405108,24.6770686,https://maps.google.com/?cid=1164706139044962909&g_mp=Cilnb29nbGUubWFwcy5wbGFjZXMudjEuUGxhY2VzLlNlYXJjaE5lYXJieRACGAQgAA,http://www.grillstop.ee/,5836 6756,+372 5836 6756,4.1,471,1,$,OPERATIONAL,fast_food_restaurant,Fast Food Restaurant,"fast_food_restaurant,hamburger_restaurant,american_restaurant,restaurant,food,point_of_interest,establishment","Monday: Open 24 hours
Tuesday: Open 24 hours
Wednesday: Open 24 hours
Thursday: Open 24 hours
Friday: Open 24 hours
Saturday: Open 24 hours
Sunday: Open 24 hours",1,,,,,,,,,,,,,,,180,9GF6CM4G+2R
ChIJs2xWQLKVkkYR3Rm0tjxIt78,Grüne Resto,"Meistri tn 14, 13517 Tallinn, Estonia","Meistri tn 14, Tallinn",14,Meistri tänav,,Tallinn,Harju maakond,13517,Estonia,EE,59.414291,24.6615088,https://maps.google.com/?cid=13814589807582779869&g_mp=Cilnb29nbGUubWFwcy5wbGFjZXMudjEuUGxhY2VzLlNlYXJjaE5lYXJieRACGAQgAA,https://restogryne.ee/,5668 0540,+372 5668 0540,5.0,45,1,$,OPERATIONAL,restaurant,Restaurant,"restaurant,wedding_venue,event_venue,food,service,point_of_interest,establishment","Monday: 8:30 AM – 3:30 PM
Tuesday: 8:30 AM – 3:30 PM
Wednesday: 8:30 AM – 3:30 PM
Thursday: 8:30 AM – 3:30 PM
Friday: 8:30 AM – 3:30 PM
Saturday: Closed
Sunday: Closed",1,,,,,,,,,,,,,,,180,9GF6CM76+PJ
ChIJ2dpQq5KTkkYRwma3Y2u_OEw,Guru Restoran,"Aia 10A, 10111 Tallinn, Estonia","Aia 10A, Tallinn",10A,Aia,,Tallinn,Harju maakond,10111,Estonia,EE,59.438516,24.7514687,https://maps.google.com/?cid=5492350213533689538&g_mp=Cilnb29nbGUubWFwcy5wbGFjZXMudjEuUGxhY2VzLlNlYXJjaE5lYXJieRACGAQgAA,https://restoranguru.ee/,611 8018,+372 611 8018,4.6,856,2,$$,OPERATIONAL,indian_restaurant,Indian Restaurant,"indian_restaurant,restaurant,food,point_of_interest,establishment","Monday: 12:00 – 10:00 PM
Tuesday: 12:00 – 10:00 PM
Wednesday: 12:00 – 10:00 PM
Thursday: 12:00 – 10:00 PM
Friday: 12:00 – 11:00 PM
Saturday: 12:00 – 11:00 PM
Sunday: 1:00 – 10:00 PM",1,,,,,,,,,,,,,,,180,9GF6CQQ2+CH
ChIJuS8aixfrkkYRQXybOgkZQ7k,Güllüzadem Kebab & Pizza & Baklava,"Teatri v 1, 10143 Tallinn, Estonia","Teatri v 1, Tallinn",1,Teatri väljak,,Tallinn,Harju maakond,10143,Estonia,EE,59.434230799999995,24.7524868,https://maps.google.com/?cid=13349541247884950593&g_mp=Cilnb29nbGUubWFwcy5wbGFjZXMudjEuUGxhY2VzLlNlYXJjaE5lYXJieRACGAQgAA,https://grandbazaar.ee/,,,4.6,495,1,$,OPERATIONAL,turkish_restaurant,Turkish Restaurant,"turkish_restaurant,restaurant,food,point_of_interest,establishment","Monday: 12:00 – 11:00 PM
Tuesday: 12:00 – 11:00 PM
Wednesday: 12:00 – 11:00 PM
Thursday: 12:00 – 11:00 PM
Friday: 12:00 – 11:00 PM
Saturday: 12:00 – 11:00 PM
Sunday: 12:00 – 11:00 PM",1,,,,,,,,,,,,,,,180,9GF6CQM2+MX
ChIJgSWijWmUkkYR369ZuNSaWhE,Haabersti Pizzakiosk,"Ehitajate tee 148, 13517 Tallinn, Estonia","Ehitajate tee 148, Tallinn",148,Ehitajate tee,,Tallinn,Harju maakond,13517,Estonia,EE,59.421202799999996,24.6508467,https://maps.google.com/?cid=1250482084965363679&g_mp=Cilnb29nbGUubWFwcy5wbGFjZXMudjEuUGxhY2VzLlNlYXJjaE5lYXJieRACGAQgAA,https://www.pizzakiosk.ee/,5342 7724,+372 5342 7724,4.4,221,2,$$,OPERATIONAL,meal_takeaway,Takeout Restaurant,"meal_takeaway,restaurant,food,point_of_interest,establishment","Monday: 11:00 AM – 9:00 PM
Tuesday: 11:00 AM – 9:00 PM
Wednesday: 11:00 AM – 9:00 PM
Thursday: 11:00 AM – 9:00 PM
Friday: 11:00 AM – 9:00 PM
Saturday: 12:00 – 9:00 PM
Sunday: 12:00 – 8:00 PM",1,,,,,,,,,,,,,,,180,9GF6CMC2+F8
ChIJyWotmKGVkkYRMXILAUMwzHg,HalaLish Hermanni,"K. A. Hermanni tänav 2, 10121 Tallinn, Estonia","K. A. Hermanni tänav 2, Tallinn",2,K. A. Hermanni tänav,,Tallinn,Harju maakond,10121,Estonia,EE,59.429520999999994,24.7746228,https://maps.google.com/?cid=8704385244138795569&g_mp=Cilnb29nbGUubWFwcy5wbGFjZXMudjEuUGxhY2VzLlNlYXJjaE5lYXJieRACGAQgAA,,5835 7478,+372 5835 7478,4.4,40,2,$$,CLOSED_TEMPORARILY,meal_takeaway,Takeout Restaurant,"meal_takeaway,restaurant,food,point_of_interest,establishment",,,,,,,,,,,,,,,,,180,9GF6CQHF+RR
ChIJsU62_W6VkkYR59D3EaBez5w,HalaLish Telliskivi,"Telliskivi tn 24, 10611 Tallinn, Estonia","Telliskivi tn 24, Tallinn",24,Telliskivi tänav,,Tallinn,Harju maakond,10611,Estonia,EE,59.4358971,24.7209513,https://maps.google.com/?cid=11299354031685095655&g_mp=Cilnb29nbGUubWFwcy5wbGFjZXMudjEuUGxhY2VzLlNlYXJjaE5lYXJieRACGAQgAA,https://halalish.ee/,5835 7478,+372 5835 7478,4.9,241,2,$$,OPERATIONAL,fast_food_restaurant,Fast Food Restaurant,"fast_food_restaurant,restaurant,food,point_of_interest,establishment","Monday: 12:00 PM – 12:00 AM
Tuesday: 12:00 PM – 12:00 AM
Wednesday: 12:00 PM – 12:00 AM
Thursday: 12:00 PM – 12:00 AM
Friday: 12:00 PM – 1:00 AM
Saturday: 12:00 PM – 1:00 AM
Sunday: 12:00 PM – 12:00 AM",1,,,,,,,,,,,,,,,180,9GF6CPPC+99
ChIJ24B18LmVkkYRIQaQ8S1vwR0,HAN's Restoran,"A. Lauteri tn 5, 10114 Tallinn, Estonia","A. Lauteri tn 5, Tallinn",5,A. Lauteri tänav,,Tallinn,Harju maakond,10114,Estonia,EE,59.431471599999995,24.757719200000004,https://maps.google.com/?cid=2144117140722026017&g_mp=Cilnb29nbGUubWFwcy5wbGFjZXMudjEuUGxhY2VzLlNlYXJjaE5lYXJieRACGAQgAA,http://www.hansresto.ee/,5687 6979,+372 5687 6979,4.3,535,2,$$,OPERATIONAL,chinese_restaurant,Chinese Restaurant,"chinese_restaurant,asian_restaurant,restaurant,food,point_of_interest,establishment","Monday: 12:00 – 9:30 PM
Tuesday: 12:00 – 9:30 PM
Wednesday: 12:00 – 9:30 PM
Thursday: 12:00 – 9:30 PM
Friday: 12:00 – 10:00 PM
Saturday: 12:30 – 10:00 PM
Sunday: 12:30 – 9:30 PM",1,,,,,,,,,,,,,,,180,9GF6CQJ5+H3
ChIJ64RDduGVkkYRewh8DXyRpLg,Hanköök,"Tartu mnt 13, 10145 Tallinn, Estonia","Tartu mnt 13, Tallinn",13,Tartu maantee,,Tallinn,Harju maakond,10145,Estonia,EE,59.43444759999999,24.7611922,https://maps.google.com/?cid=13304919161147492475&g_mp=Cilnb29nbGUubWFwcy5wbGFjZXMudjEuUGxhY2VzLlNlYXJjaE5lYXJieRACGAQgAA,https://www.facebook.com/HankookKoreanRestaurant/,5360 9630,+372 5360 9630,4.7,545,2,$$,OPERATIONAL,korean_restaurant,Korean Restaurant,"korean_restaurant,restaurant,food,point_of_interest,establishment","Monday: 11:30 AM – 3:00 PM
Tuesday: 11:30 AM – 6:00 PM
Wednesday: 11:00 AM – 6:00 PM
Thursday: 11:30 AM – 6:00 PM
Friday: 11:30 AM – 6:00 PM
Saturday: Closed
Sunday: Closed",1,,,,,,,,,,,,,,,180,9GF6CQM6+QF
ChIJ1fbG_TWTkkYRHLe3ldMyl9c,HAN’s Street Food BALTI,"Kopli tn 1, 10412 Tallinn, Estonia","Kopli tn 1, Tallinn",1,Kopli tänav,,Tallinn,Harju maakond,10412,Estonia,EE,59.4412416,24.7349081,https://maps.google.com/?cid=15534941323969148700&g_mp=Cilnb29nbGUubWFwcy5wbGFjZXMudjEuUGxhY2VzLlNlYXJjaE5lYXJieRACGAQgAA,https://www.instagram.com/hans_streetfood,,,4.5,91,2,$$,OPERATIONAL,chinese_restaurant,Chinese Restaurant,"chinese_restaurant,restaurant,food,point_of_interest,establishment","Monday: 9:00 AM – 8:00 PM
Tuesday: 9:00 AM – 8:00 PM
Wednesday: 9:00 AM – 8:00 PM
Thursday: 9:00 AM – 8:00 PM
Friday: 9:00 AM – 8:00 PM
Saturday: 9:00 AM – 8:00 PM
Sunday: 9:00 AM – 6:00 PM",1,,,,,,,,,,,,,,,180,9GF6CPRM+FX
ChIJXdUYBACTkkYRMNFRiXZrPCI,HAN’s Street Food VIRU,"Viru väljak 4, 10111 Tallinn, Estonia","Viru väljak 4, Tallinn",4,Viru väljak,,Tallinn,Harju maakond,10111,Estonia,EE,59.4358471,24.7553123,https://maps.google.com/?cid=2466964852746342704&g_mp=Cilnb29nbGUubWFwcy5wbGFjZXMudjEuUGxhY2VzLlNlYXJjaE5lYXJieRACGAQgAA,,503 7448,+372 503 7448,4.0,313,2,$$,OPERATIONAL,chinese_restaurant,Chinese Restaurant,"chinese_restaurant,asian_restaurant,restaurant,food,point_of_interest,establishment","Monday: 11:00 AM – 9:00 PM
Tuesday: 11:00 AM – 9:00 PM
Wednesday: 11:00 AM – 9:00 PM
Thursday: 11:00 AM – 9:00 PM
Friday: 11:00 AM – 10:00 PM
Saturday: 11:00 AM – 10:00 PM
Sunday: 11:00 AM – 9:00 PM",1,,,,,,,,,,,,,,,180,9GF6CQP4+84
ChIJdTJUEaKVkkYRFr-kuUcHto8,Hawaii Davai,"Tartu mnt 87, 11412 Tallinn, Estonia","Parking lot, Tartu mnt 87, Tallinn",87,Tartu maantee,,Tallinn,Harju maakond,11412,Estonia,EE,59.426400699999995,24.7836626,https://maps.google.com/?cid=10355472397823688470&g_mp=Cilnb29nbGUubWFwcy5wbGFjZXMudjEuUGxhY2VzLlNlYXJjaE5lYXJieRACGAQgAA,https://hawaiidavai.ee/,5360 0184,+372 5360 0184,4.4,112,2,$$,OPERATIONAL,restaurant,Restaurant,"restaurant,fast_food_restaurant,catering_service,food_delivery,food,service,point_of_interest,establishment","Monday: 11:00 AM – 8:00 PM
Tuesday: 11:00 AM – 8:00 PM
Wednesday: 11:00 AM – 8:00 PM
Thursday: 11:00 AM – 8:00 PM
Friday: 11:00 AM – 8:00 PM
Saturday: 12:00 – 8:00 PM
Sunday: 12:00 – 8:00 PM",1,,,,,,,,,,,,,,,180,9GF6CQGM+HF
ChIJW7X_xcCTkkYRjBNo7Gxb5Ks,Healthy Sweets by Polina,"Vana-Kalamaja tn 6, 10412 Tallinn, Estonia","Vana-Kalamaja tn 6, Tallinn",6,Vana-Kalamaja tänav,,Tallinn,Harju maakond,10412,Estonia,EE,59.44183169999999,24.738531899999998,https://maps.google.com/?cid=12386125398556545932&g_mp=Cilnb29nbGUubWFwcy5wbGFjZXMudjEuUGxhY2VzLlNlYXJjaE5lYXJieRACGAQgAA,https://healthysweets.ee/,5561 6966,+372 5561 6966,4.5,132,1,$,OPERATIONAL,cafe,Cafe,"cafe,dessert_shop,confectionery,food_store,store,restaurant,food,point_of_interest,establishment","Monday: Closed
Tuesday: 9:00 AM – 7:00 PM
Wednesday: 9:00 AM – 7:00 PM
Thursday: 9:00 AM – 7:00 PM
Friday: 9:00 AM – 7:00 PM
Saturday: 10:00 AM – 7:00 PM
Sunday: 10:00 AM – 7:00 PM",1,,,,,,,,,,,,,,,180,9GF6CPRQ+PC
ChIJiQk2nK6VkkYRBpLHQjKVv0I,Helios Kohvik,"Mäealuse tn 2-4, 12618 Tallinn, Estonia","Mäealuse tn 2-4, Tallinn",2,Mäealuse tänav,,Tallinn,Harju maakond,12618,Estonia,EE,59.3969831,24.6577193,https://maps.google.com/?cid=4809726970156257798&g_mp=Cilnb29nbGUubWFwcy5wbGFjZXMudjEuUGxhY2VzLlNlYXJjaE5lYXJieRACGAQgAA,http://helioskohvik.ee/,655 6200,+372 655 6200,4.4,282,1,$,OPERATIONAL,restaurant,Restaurant,"restaurant,cafe,food,point_of_interest,establishment","Monday: 9:00 AM – 5:00 PM
Tuesday: 9:00 AM – 5:00 PM
Wednesday: 9:00 AM – 5:00 PM
Thursday: 9:00 AM – 5:00 PM
Friday: 9:00 AM – 5:00 PM
Saturday: Closed
Sunday: Closed",1,,,,,,,,,,,,,,,180,9GF69MW5+Q3
ChIJ58NfTDyVkkYRJpK1tLw6uJc,Hem koduresto & aed,"Telliskivi tn 21, 10611 Tallinn, Estonia","Telliskivi tn 21, Tallinn",21,Telliskivi tänav,,Tallinn,Harju maakond,10611,Estonia,EE,59.436341999999996,24.7209178,https://maps.google.com/?cid=10932552677601940006&g_mp=Cilnb29nbGUubWFwcy5wbGFjZXMudjEuUGxhY2VzLlNlYXJjaE5lYXJieRACGAQgAA,https://www.instagram.com/hem_koduresto/,510 0271,+372 510 0271,4.6,135,3,$$$,OPERATIONAL,restaurant,Restaurant,"restaurant,food,point_of_interest,establishment","Monday: 4:00 – 10:00 PM
Tuesday: 4:00 – 10:00 PM
Wednesday: 4:00 – 10:00 PM
Thursday: 4:00 – 10:00 PM
Friday: 4:00 – 11:00 PM
Saturday: 4:00 – 11:00 PM
Sunday: Closed",0,,,,,,,,,,,,,,,180,9GF6CPPC+G9
ChIJxdnzV6GVkkYRTxbIhA2RLs4,Hesburger Kristiine keskus,"Endla tn 45, 10615 Tallinn, Estonia","Parking lot, Endla tn 45, Tallinn",45,Endla tänav,,Tallinn,Harju maakond,10615,Estonia,EE,59.426973200000006,24.7227894,https://maps.google.com/?cid=14856971707990152783&g_mp=Cilnb29nbGUubWFwcy5wbGFjZXMudjEuUGxhY2VzLlNlYXJjaE5lYXJieRACGAQgAA,https://www.hesburger.ee/restoranid?tid=1397,520 9674,+372 520 9674,3.1,120,,,OPERATIONAL,hamburger_restaurant,Hamburger Restaurant,"hamburger_restaurant,fast_food_restaurant,meal_takeaway,american_restaurant,restaurant,food,point_of_interest,establishment","Monday: 8:00 AM – 10:00 PM
Tuesday: 8:00 AM – 10:00 PM
Wednesday: 8:00 AM – 10:00 PM
Thursday: 8:00 AM – 10:00 PM
Friday: 8:00 AM – 10:00 PM
Saturday: 8:00 AM – 10:00 PM
Sunday: 8:00 AM – 10:00 PM",1,,,,,,,,,,,,,,,180,9GF6CPGF+Q4
ChIJQU6YxkHrkkYRhtwVvlghOP4,Hesburger Peetri Selver,"Veesaare tee 2, Peetri, 75312 Harju maakond, Estonia","Veesaare tee 2, Peetri",2,Veesaare tee,,Peetri,Harju maakond,75312,Estonia,EE,59.40206800000001,24.8117561,https://maps.google.com/?cid=18318428149359434886&g_mp=Cilnb29nbGUubWFwcy5wbGFjZXMudjEuUGxhY2VzLlNlYXJjaE5lYXJieRACGAQgAA,https://www.hesburger.ee/restoranid?tid=665,5553 7881,+372 5553 7881,3.2,149,,,OPERATIONAL,hamburger_restaurant,Hamburger Restaurant,"hamburger_restaurant,fast_food_restaurant,meal_takeaway,american_restaurant,restaurant,food,point_of_interest,establishment","Monday: 8:00 AM – 10:00 PM
Tuesday: 8:00 AM – 10:00 PM
Wednesday: 8:00 AM – 10:00 PM
Thursday: 8:00 AM – 10:00 PM
Friday: 8:00 AM – 10:00 PM
Saturday: 8:00 AM – 10:00 PM
Sunday: 8:00 AM – 10:00 PM",1,,,,,,,,,,,,,,,180,9GF6CR26+RP
ChIJbWKUfISTkkYRtXQAKZZZmTc,Hesburger Tallinn Arsenali keskus,"Erika tn 4, 10416 Tallinn, Estonia","Erika tn 4, Tallinn",4,Erika tänav,,Tallinn,Harju maakond,10416,Estonia,EE,59.4516128,24.7186234,https://maps.google.com/?cid=4006331844990629045&g_mp=Cilnb29nbGUubWFwcy5wbGFjZXMudjEuUGxhY2VzLlNlYXJjaE5lYXJieRACGAQgAA,https://www.hesburger.ee/restoranid?tid=1287,5556 7996,+372 5556 7996,3.9,406,,,OPERATIONAL,hamburger_restaurant,Hamburger Restaurant,"hamburger_restaurant,fast_food_restaurant,meal_takeaway,american_restaurant,restaurant,food,point_of_interest,establishment","Monday: 8:00 AM – 10:00 PM
Tuesday: 8:00 AM – 10:00 PM
Wednesday: 8:00 AM – 10:00 PM
Thursday: 8:00 AM – 10:00 PM
Friday: 8:00 AM – 10:00 PM
Saturday: 8:00 AM – 10:00 PM
Sunday: 8:00 AM – 10:00 PM",1,,,,,,,,,,,,,,,180,9GF6FP29+JC
ChIJeWkPNcOUkkYRdVJqmUPb1tA,Hesburger Tallinn Järve,"Tallinn–Pärnu–Ikla 141a, 11314 Tallinn, Estonia","Tallinn–Pärnu–Ikla 141a, Tallinn",141a,Tallinn–Pärnu–Ikla,,Tallinn,Harju maakond,11314,Estonia,EE,59.4021594,24.730487,https://maps.google.com/?cid=15048456288288264821&g_mp=Cilnb29nbGUubWFwcy5wbGFjZXMudjEuUGxhY2VzLlNlYXJjaE5lYXJieRACGAQgAA,https://www.hesburger.ee/restoranid?tid=439,5553 2646,+372 5553 2646,4.1,1124,1,$,OPERATIONAL,hamburger_restaurant,Hamburger Restaurant,"hamburger_restaurant,fast_food_restaurant,meal_takeaway,american_restaurant,restaurant,food,point_of_interest,establishment","Monday: 8:00 AM – 11:00 PM
Tuesday: 8:00 AM – 11:00 PM
Wednesday: 8:00 AM – 11:00 PM
Thursday: 8:00 AM – 11:00 PM
Friday: 8:00 AM – 11:00 PM
Saturday: 8:00 AM – 11:00 PM
Sunday: 8:00 AM – 11:00 PM",1,,,,,,,,,,,,,,,180,9GF6CP2J+V5
ChIJCUl_sLvskkYRcwSs4Mc6zl8,Hesburger Tallinn Lasnamäe Smuuli,"J. Smuuli tee 23, 13628 Tallinn, Estonia","Parking lot, J. Smuuli tee 23, Tallinn",23,J. Smuuli tee,,Tallinn,Harju maakond,13628,Estonia,EE,59.4349767,24.8315265,https://maps.google.com/?cid=6903519908947821683&g_mp=Cilnb29nbGUubWFwcy5wbGFjZXMudjEuUGxhY2VzLlNlYXJjaE5lYXJieRACGAQgAA,https://www.hesburger.ee/restoranid?tid=231,5850 1210,+372 5850 1210,4.1,2545,1,$,OPERATIONAL,hamburger_restaurant,Hamburger Restaurant,"hamburger_restaurant,fast_food_restaurant,meal_takeaway,american_restaurant,restaurant,food,point_of_interest,establishment","Monday: Open 24 hours
Tuesday: Open 24 hours
Wednesday: Open 24 hours
Thursday: Open 24 hours
Friday: Open 24 hours
Saturday: Open 24 hours
Sunday: Open 24 hours",1,,,,,,,,,,,,,,,180,9GF6CRMJ+XJ
ChIJ8-BLyPyUkkYRmZupI-QfBrY,Hesburger Tallinn Magistral,"Sõpruse pst 201, 13419 Tallinn, Estonia","Parking lot, Sõpruse pst 201, Tallinn",201,Sõpruse puiestee,,Tallinn,Harju maakond,13419,Estonia,EE,59.4014652,24.697449499999998,https://maps.google.com/?cid=13116206029474470809&g_mp=Cilnb29nbGUubWFwcy5wbGFjZXMudjEuUGxhY2VzLlNlYXJjaE5lYXJieRACGAQgAA,https://www.hesburger.ee/restoranid?tid=579,5558 3502,+372 5558 3502,3.9,847,,,OPERATIONAL,hamburger_restaurant,Hamburger Restaurant,"hamburger_restaurant,fast_food_restaurant,meal_takeaway,american_restaurant,restaurant,food,point_of_interest,establishment","Monday: 8:00 AM – 11:00 PM
Tuesday: 8:00 AM – 11:00 PM
Wednesday: 8:00 AM – 11:00 PM
Thursday: 8:00 AM – 11:00 PM
Friday: 8:00 AM – 11:00 PM
Saturday: 8:00 AM – 11:00 PM
Sunday: 8:00 AM – 11:00 PM",1,,,,,,,,,,,,,,,180,9GF6CM2W+HX
ChIJwTr_mGOUkkYRKmkO4jWNKpk,Hesburger Tallinn Merimetsa Selver,"Paldiski mnt 56, 10617 Tallinn, Estonia","Paldiski mnt 56, Tallinn",56,Paldiski maantee,,Tallinn,Harju maakond,10617,Estonia,EE,59.430171599999994,24.6977726,https://maps.google.com/?cid=11036789099390200106&g_mp=Cilnb29nbGUubWFwcy5wbGFjZXMudjEuUGxhY2VzLlNlYXJjaE5lYXJieRACGAQgAA,https://www.hesburger.ee/restoranid?tid=666,5558 8911,+372 5558 8911,4.0,55,,,OPERATIONAL,hamburger_restaurant,Hamburger Restaurant,"hamburger_restaurant,fast_food_restaurant,meal_takeaway,american_restaurant,restaurant,food,point_of_interest,establishment","Monday: 9:00 AM – 9:30 PM
Tuesday: 9:00 AM – 9:30 PM
Wednesday: 9:00 AM – 9:30 PM
Thursday: 9:00 AM – 9:30 PM
Friday: 9:00 AM – 9:30 PM
Saturday: 9:00 AM – 9:30 PM
Sunday: 9:00 AM – 9:30 PM",1,,,,,,,,,,,,,,,180,9GF6CMJX+34
ChIJ-UhEcviUkkYRuzjfXFjfaRc,Hesburger Tallinn Mustamäe,"Mustamäe tee 90A, 12916 Tallinn, Estonia","Mustamäe tee 90A, Tallinn",90A,Mustamäe tee,,Tallinn,Harju maakond,12916,Estonia,EE,59.409324600000005,24.6850834,https://maps.google.com/?cid=1687125106035210427&g_mp=Cilnb29nbGUubWFwcy5wbGFjZXMudjEuUGxhY2VzLlNlYXJjaE5lYXJieRACGAQgAA,https://www.hesburger.ee/restoranid?tid=232,5850 1211,+372 5850 1211,4.1,2316,,,OPERATIONAL,hamburger_restaurant,Hamburger Restaurant,"hamburger_restaurant,fast_food_restaurant,meal_takeaway,american_restaurant,restaurant,food,point_of_interest,establishment","Monday: 8:00 AM – 12:00 AM
Tuesday: 8:00 AM – 12:00 AM
Wednesday: 8:00 AM – 12:00 AM
Thursday: 8:00 AM – 12:00 AM
Friday: 8:00 AM – 12:00 AM
Saturday: 8:00 AM – 12:00 AM
Sunday: 8:00 AM – 12:00 AM",1,,,,,,,,,,,,,,,180,9GF6CM5P+P2
ChIJ03WADZ2TkkYRLvixckMJcCQ,Hesburger Tallinn Nautica Keskus,"Ahtri 9, 10151 Tallinn, Estonia","Parking lot, Ahtri 9, Tallinn",9,Ahtri,,Tallinn,Harju maakond,10151,Estonia,EE,59.440337500000005,24.7631031,https://maps.google.com/?cid=2625608768048724014&g_mp=Cilnb29nbGUubWFwcy5wbGFjZXMudjEuUGxhY2VzLlNlYXJjaE5lYXJieRACGAQgAA,https://www.hesburger.ee/restoranid?tid=238,5850 1218,+372 5850 1218,3.3,726,,,OPERATIONAL,hamburger_restaurant,Hamburger Restaurant,"hamburger_restaurant,fast_food_restaurant,meal_takeaway,american_restaurant,restaurant,food,point_of_interest,establishment","Monday: 8:00 AM – 10:00 PM
Tuesday: 8:00 AM – 10:00 PM
Wednesday: 8:00 AM – 10:00 PM
Thursday: 8:00 AM – 10:00 PM
Friday: 8:00 AM – 10:00 PM
Saturday: 8:00 AM – 10:00 PM
Sunday: 8:00 AM – 10:00 PM",1,,,,,,,,,,,,,,,180,9GF6CQR7+46
ChIJM5QrK0mUkkYRp8_t6rRKAUQ,Hesburger Tallinn Nurmenuku,"Järveotsa tee 71, 13511 Tallinn, Estonia","Järveotsa tee 71, Tallinn",71,Järveotsa tee,,Tallinn,Harju maakond,13511,Estonia,EE,59.413987,24.6543851,https://maps.google.com/?cid=4900280010451832743&g_mp=Cilnb29nbGUubWFwcy5wbGFjZXMudjEuUGxhY2VzLlNlYXJjaE5lYXJieRACGAQgAA,https://www.hesburger.ee/restoranid?tid=1242,5551 2809,+372 5551 2809,3.6,677,,,OPERATIONAL,hamburger_restaurant,Hamburger Restaurant,"hamburger_restaurant,fast_food_restaurant,meal_takeaway,american_restaurant,restaurant,food,point_of_interest,establishment","Monday: 8:00 AM – 9:00 PM
Tuesday: 8:00 AM – 9:00 PM
Wednesday: 8:00 AM – 9:00 PM
Thursday: 8:00 AM – 9:00 PM
Friday: 8:00 AM – 9:00 PM
Saturday: 8:00 AM – 9:00 PM
Sunday: 8:00 AM – 9:00 PM",1,,,,,,,,,,,,,,,180,9GF6CM73+HQ
ChIJUQCDPUCUkkYRJ013ExKnHso,Hesburger Tallinn Rocca Al Mare,"Paldiski mnt 98A, 13522 Tallinn, Estonia","Parking lot, Paldiski mnt 98A, Tallinn",98A,Paldiski maantee,,Tallinn,Harju maakond,13522,Estonia,EE,59.427499999999995,24.66,https://maps.google.com/?cid=14564261941040598311&g_mp=Cilnb29nbGUubWFwcy5wbGFjZXMudjEuUGxhY2VzLlNlYXJjaE5lYXJieRACGAQgAA,https://www.hesburger.ee/restoranid?tid=235,5850 1214,+372 5850 1214,3.9,1149,1,$,OPERATIONAL,hamburger_restaurant,Hamburger Restaurant,"hamburger_restaurant,fast_food_restaurant,american_restaurant,meal_takeaway,restaurant,food,point_of_interest,establishment","Monday: 8:00 AM – 11:00 PM
Tuesday: 8:00 AM – 11:00 PM
Wednesday: 8:00 AM – 11:00 PM
Thursday: 8:00 AM – 11:00 PM
Friday: 8:00 AM – 11:00 PM
Saturday: 8:00 AM – 11:00 PM
Sunday: 8:00 AM – 11:00 PM",1,,,,,,,,,,,,,,,180,9GF6CMH5+2X
ChIJYZEyi6mUkkYRQ-2_f7N7Ioc,Hesburger Tallinn Sikupilli,"Tartu mnt 87, 10112 Tallinn, Estonia","Parking lot, Tartu mnt 87, Tallinn",87,Tartu maantee,,Tallinn,Harju maakond,10112,Estonia,EE,59.4259819,24.782758899999997,https://maps.google.com/?cid=9737481355201080643&g_mp=Cilnb29nbGUubWFwcy5wbGFjZXMudjEuUGxhY2VzLlNlYXJjaE5lYXJieRACGAQgAA,https://www.hesburger.ee/restoranid?tid=237,5838 0272,+372 5838 0272,4.0,800,,,OPERATIONAL,hamburger_restaurant,Hamburger Restaurant,"hamburger_restaurant,fast_food_restaurant,meal_takeaway,american_restaurant,restaurant,food,point_of_interest,establishment","Monday: 8:00 AM – 10:00 PM
Tuesday: 8:00 AM – 10:00 PM
Wednesday: 8:00 AM – 10:00 PM
Thursday: 8:00 AM – 10:00 PM
Friday: 8:00 AM – 10:00 PM
Saturday: 8:00 AM – 10:00 PM
Sunday: 8:00 AM – 10:00 PM",1,,,,,,,,,,,,,,,180,9GF6CQGM+94
ChIJQ_pWwZ-UkkYRNg8KTNVTzYc,Hesburger Tallinn Solaris Keskus,"Estonia pst 9, 10143 Tallinn, Estonia","Estonia pst 9, Tallinn",9,Estonia puiestee,,Tallinn,Harju maakond,10143,Estonia,EE,59.4337139,24.7510475,https://maps.google.com/?cid=9785569740914822966&g_mp=Cilnb29nbGUubWFwcy5wbGFjZXMudjEuUGxhY2VzLlNlYXJjaE5lYXJieRACGAQgAA,https://www.hesburger.ee/restoranid?tid=436,5551 1237,+372 5551 1237,3.1,222,,,OPERATIONAL,hamburger_restaurant,Hamburger Restaurant,"hamburger_restaurant,fast_food_restaurant,meal_takeaway,american_restaurant,restaurant,food,point_of_interest,establishment","Monday: 10:00 AM – 9:00 PM
Tuesday: 10:00 AM – 9:00 PM
Wednesday: 10:00 AM – 9:00 PM
Thursday: 10:00 AM – 9:00 PM
Friday: 10:00 AM – 9:00 PM
Saturday: 10:00 AM – 9:00 PM
Sunday: 10:00 AM – 9:00 PM",1,,,,,,,,,,,,,,,180,9GF6CQM2+FC
ChIJnVKjfH6UkkYRjgTB0I01O1c,Hesburger Tallinn Sõle,"Sõle tn 25a-1, 10614 Tallinn, Estonia","Sõle tn 25a-1, Tallinn",25a,Sõle tänav,,Tallinn,Harju maakond,10614,Estonia,EE,59.437801799999995,24.708578199999998,https://maps.google.com/?cid=6285676588134630542&g_mp=Cilnb29nbGUubWFwcy5wbGFjZXMudjEuUGxhY2VzLlNlYXJjaE5lYXJieRACGAQgAA,https://www.hesburger.ee/restoranid?tid=1290,5553 7735,+372 5553 7735,3.8,1009,,,OPERATIONAL,hamburger_restaurant,Hamburger Restaurant,"hamburger_restaurant,fast_food_restaurant,meal_takeaway,american_restaurant,restaurant,food,point_of_interest,establishment","Monday: 8:00 AM – 11:00 PM
Tuesday: 8:00 AM – 11:00 PM
Wednesday: 8:00 AM – 11:00 PM
Thursday: 8:00 AM – 11:00 PM
Friday: 8:00 AM – 11:00 PM
Saturday: 8:00 AM – 11:00 PM
Sunday: 8:00 AM – 11:00 PM",1,,,,,,,,,,,,,,,180,9GF6CPQ5+4C
ChIJ-YBi7vGUkkYR_5weyvq1TUQ,Hesburger Tallinn Sõpruse,"Sõpruse pst 157a, 13424 Tallinn, Estonia","Sõpruse pst 157a, Tallinn",157a,Sõpruse puiestee,,Tallinn,Harju maakond,13424,Estonia,EE,59.4118396,24.7073333,https://maps.google.com/?cid=4921790056523275519&g_mp=Cilnb29nbGUubWFwcy5wbGFjZXMudjEuUGxhY2VzLlNlYXJjaE5lYXJieRACGAQgAA,https://www.hesburger.ee/restoranid?tid=1243,5551 2085,+372 5551 2085,4.0,850,1,$,OPERATIONAL,hamburger_restaurant,Hamburger Restaurant,"hamburger_restaurant,fast_food_restaurant,meal_takeaway,american_restaurant,restaurant,food,point_of_interest,establishment","Monday: Open 24 hours
Tuesday: Open 24 hours
Wednesday: Open 24 hours
Thursday: Open 24 hours
Friday: Open 24 hours
Saturday: Open 24 hours
Sunday: Open 24 hours",1,,,,,,,,,,,,,,,180,9GF6CP64+PW
ChIJIRAesmGTkkYREXvL0Enw5No,Hesburger Tallinn Viru tn.,"Viru 27A, 10148 Tallinn, Estonia","Viru 27A, Tallinn",27A,Viru,,Tallinn,Harju maakond,10148,Estonia,EE,59.4367409,24.7519413,https://maps.google.com/?cid=15772995994784594705&g_mp=Cilnb29nbGUubWFwcy5wbGFjZXMudjEuUGxhY2VzLlNlYXJjaE5lYXJieRACGAQgAA,https://www.hesburger.ee/restoranid?tid=233,5850 1212,+372 5850 1212,3.6,3418,,,OPERATIONAL,hamburger_restaurant,Hamburger Restaurant,"hamburger_restaurant,fast_food_restaurant,american_restaurant,meal_takeaway,restaurant,food,point_of_interest,establishment","Monday: 8:00 AM – 11:00 PM
Tuesday: 8:00 AM – 11:00 PM
Wednesday: 8:00 AM – 11:00 PM
Thursday: 8:00 AM – 11:00 PM
Friday: 8:00 AM – 7:00 AM
Saturday: 8:00 AM – 7:00 AM
Sunday: 8:00 AM – 11:00 PM",1,,,,,,,,,,,,,,,180,9GF6CQP2+MQ
ChIJk0YHQqWVkkYRf-J7sa90ytE,Hesburger Tallinn Õismäe Maxima,"Ehitajate tee 148, 13517 Tallinn, Estonia","Ehitajate tee 148, Tallinn",148,Ehitajate tee,,Tallinn,Harju maakond,13517,Estonia,EE,59.4210874,24.650617,https://maps.google.com/?cid=15117023397168276095&g_mp=Cilnb29nbGUubWFwcy5wbGFjZXMudjEuUGxhY2VzLlNlYXJjaE5lYXJieRACGAQgAA,https://www.hesburger.ee/restoranid?tid=1309,5196 8400,+372 5196 8400,3.0,67,,,OPERATIONAL,hamburger_restaurant,Hamburger Restaurant,"hamburger_restaurant,fast_food_restaurant,meal_takeaway,american_restaurant,restaurant,food,point_of_interest,establishment","Monday: 8:00 AM – 10:00 PM
Tuesday: 8:00 AM – 10:00 PM
Wednesday: 8:00 AM – 10:00 PM
Thursday: 8:00 AM – 10:00 PM
Friday: 8:00 AM – 10:00 PM
Saturday: 8:00 AM – 10:00 PM
Sunday: 8:00 AM – 10:00 PM",1,,,,,,,,,,,,,,,180,9GF6CMC2+C6
ChIJsZ3Qlg6VkkYRJ6651-ddnYo,Hiiu Pubi,"Pärnu mnt. 325, 11620 Tallinn, Estonia","Pärnu mnt. 325, Tallinn",325,Pärnu maantee,,Tallinn,Harju maakond,11620,Estonia,EE,59.3839744,24.6722342,https://maps.google.com/?cid=9988242798915726887&g_mp=Cilnb29nbGUubWFwcy5wbGFjZXMudjEuUGxhY2VzLlNlYXJjaE5lYXJieRACGAQgAA,https://hiiupubi.eu/,5911 5500,+372 5911 5500,4.4,1763,2,$$,OPERATIONAL,gastropub,Gastropub,"gastropub,sports_complex,bar,sports_activity_location,event_venue,restaurant,food,point_of_interest,establishment","Monday: 11:00 AM – 11:00 PM
Tuesday: 11:00 AM – 11:00 PM
Wednesday: 11:00 AM – 11:00 PM
Thursday: 11:00 AM – 12:00 AM
Friday: 11:00 AM – 12:00 AM
Saturday: 12:00 PM – 12:00 AM
Sunday: 12:00 – 11:00 PM",1,,,,,,,,,,,,,,,180,9GF69MMC+HV
ChIJM4R87PuVkkYR46WQads76yo,HIKARU SUSHI&WINE,"Virmalise tn 24, 10131 Tallinn, Estonia","Virmalise tn 24, Tallinn",24,Virmalise tänav,,Tallinn,Harju maakond,10131,Estonia,EE,59.4231504,24.7382328,https://maps.google.com/?cid=3092631382674941411&g_mp=Cilnb29nbGUubWFwcy5wbGFjZXMudjEuUGxhY2VzLlNlYXJjaE5lYXJieRACGAQgAA,https://hikaru.ee/,565 9899,+372 565 9899,4.7,406,2,$$,OPERATIONAL,restaurant,Restaurant,"restaurant,food,point_of_interest,establishment","Monday: 11:00 AM – 2:00 AM
Tuesday: 11:00 AM – 2:00 AM
Wednesday: 11:00 AM – 2:00 AM
Thursday: 11:00 AM – 2:00 AM
Friday: 11:00 AM – 2:00 AM
Saturday: Closed
Sunday: 11:00 AM – 2:00 AM",1,,,,,,,,,,,,,,,180,9GF6CPFQ+77
ChIJcywhm56UkkYRcjdw6cEhOiU,Hookah Palace,"Roosikrantsi tn 3, 10119 Tallinn, Estonia","Roosikrantsi tn 3, Tallinn",3,Roosikrantsi tänav,,Tallinn,Harju maakond,10119,Estonia,EE,59.4323552,24.743632899999998,https://maps.google.com/?cid=2682493644781401970&g_mp=Cilnb29nbGUubWFwcy5wbGFjZXMudjEuUGxhY2VzLlNlYXJjaE5lYXJieRACGAQgAA,http://www.hookahpalace.ee/,631 1911,+372 631 1911,4.1,552,2,$$,OPERATIONAL,hookah_bar,Hookah Bar,"hookah_bar,restaurant,food,point_of_interest,establishment","Monday: 1:00 PM – 2:00 AM
Tuesday: 1:00 PM – 2:00 AM
Wednesday: 1:00 PM – 2:00 AM
Thursday: 1:00 PM – 2:00 AM
Friday: 2:00 PM – 4:00 AM
Saturday: 2:00 PM – 4:00 AM
Sunday: 3:00 PM – 1:00 AM",0,,,,,,,,,,,,,,,180,9GF6CPJV+WF
ChIJo9sxkvGTkkYR8PYSoQgeakA,Hop&Hen,"Viru Keskus Food Hall, Viru väljak 4-6, 10111 Tallinn, Estonia","Viru Keskus Food Hall, Viru väljak 4-6, Tallinn",4,Viru väljak,,Tallinn,Harju maakond,10111,Estonia,EE,59.4362541,24.754890399999997,https://maps.google.com/?cid=4641555388369663728&g_mp=Cilnb29nbGUubWFwcy5wbGFjZXMudjEuUGxhY2VzLlNlYXJjaE5lYXJieRACGAQgAA,https://www.hopandhen.co/,5858 8525,+372 5858 8525,4.3,458,2,$$,OPERATIONAL,bar,Bar,"bar,restaurant,food,point_of_interest,establishment","Monday: 11:00 AM – 9:00 PM
Tuesday: 11:00 AM – 9:00 PM
Wednesday: 11:00 AM – 9:00 PM
Thursday: 11:00 AM – 9:00 PM
Friday: 11:00 AM – 11:00 PM
Saturday: 11:00 AM – 11:00 PM
Sunday: 11:00 AM – 9:00 PM",1,,,,,,,,,,,,,,,180,9GF6CQP3+GX
ChIJTSD3fF-TkkYRcFQiA5gfckI,HORISONT RESTAURANT & BAR,"Tornimäe tn 3, 10145 Tallinn, Estonia","Tornimäe tn 3, Tallinn",3,Tornimäe tänav,,Tallinn,Harju maakond,10145,Estonia,EE,59.432926900000005,24.7611928,https://maps.google.com/?cid=4787924091596330096&g_mp=Cilnb29nbGUubWFwcy5wbGFjZXMudjEuUGxhY2VzLlNlYXJjaE5lYXJieRACGAQgAA,https://horisontrestoran.ee/horisont-restaurant/?utm_source=google+Maps&utm_medium=seo+maps&utm_campaign=seo+maps,624 3000,+372 624 3000,4.6,620,,,OPERATIONAL,restaurant,Restaurant,"restaurant,bar,food,point_of_interest,establishment","Monday: 12:00 – 11:00 PM
Tuesday: 12:00 PM – 1:00 AM
Wednesday: 12:00 PM – 1:00 AM
Thursday: 12:00 PM – 1:00 AM
Friday: 12:00 PM – 1:00 AM
Saturday: 12:00 PM – 1:00 AM
Sunday: 12:00 – 11:00 PM",1,,,,,,,,,,,,,,,180,9GF6CQM6+5F
ChIJl0ckHX2TkkYRsDlCM6bDULY,Humalakoda Pub Restaurant Brewery,"Kopli tn 1, 10412 Tallinn, Estonia","Kopli tn 1, Tallinn",1,Kopli tänav,,Tallinn,Harju maakond,10412,Estonia,EE,59.440698399999995,24.735349199999998,https://maps.google.com/?cid=13137215231631702448&g_mp=Cilnb29nbGUubWFwcy5wbGFjZXMudjEuUGxhY2VzLlNlYXJjaE5lYXJieRACGAQgAA,http://www.humalakoda.ee/,699 9960,+372 699 9960,4.5,1825,2,$$,OPERATIONAL,restaurant,Restaurant,"restaurant,pub,brewery,gastropub,bar,manufacturer,service,food,point_of_interest,establishment","Monday: 12:00 – 10:00 PM
Tuesday: 12:00 – 10:00 PM
Wednesday: 12:00 PM – 12:00 AM
Thursday: 12:00 PM – 12:00 AM
Friday: 12:00 PM – 12:00 AM
Saturday: 12:00 PM – 12:00 AM
Sunday: 12:00 – 7:00 PM",1,,,,,,,,,,,,,,,180,9GF6CPRP+74
ChIJuaUoR5vtkkYRHWQqo5yP_rE,Hungry Papa,"Tähesaju tee 11, 13917 Tallinn, Estonia","Tähesaju tee 11, Tallinn",11,Tähesaju tee,,Tallinn,Harju maakond,13917,Estonia,EE,59.44298119999999,24.8557831,https://maps.google.com/?cid=12825846691712885789&g_mp=Cilnb29nbGUubWFwcy5wbGFjZXMudjEuUGxhY2VzLlNlYXJjaE5lYXJieRACGAQgAA,https://hungrypapa.choiceqr.com/delivery/section:menuu-ja-tellimine,5605 0130,+372 5605 0130,4.8,158,2,$$,OPERATIONAL,hamburger_restaurant,Hamburger Restaurant,"hamburger_restaurant,bar,american_restaurant,restaurant,food,point_of_interest,establishment","Monday: Closed
Tuesday: 11:00 AM – 10:00 PM
Wednesday: 11:00 AM – 10:00 PM
Thursday: 11:00 AM – 10:00 PM
Friday: 12:00 – 10:55 PM
Saturday: 12:00 – 10:55 PM
Sunday: 12:00 – 10:55 PM",1,,,,,,,,,,,,,,,180,9GF6CVV4+58
ChIJ2bf2lzSVkkYRK1ZgvVw8TEQ,Hutorok trahter,"Mustamäe tee 116, 12911 Tallinn, Estonia","Mustamäe tee 116, Tallinn",116,Mustamäe tee,,Tallinn,Harju maakond,12911,Estonia,EE,59.403759,24.6793847,https://maps.google.com/?cid=4921374861820974635&g_mp=Cilnb29nbGUubWFwcy5wbGFjZXMudjEuUGxhY2VzLlNlYXJjaE5lYXJieRACGAQgAA,https://www.facebook.com/HutorokTallinn/,5594 9522,+372 5594 9522,4.4,417,2,$$,OPERATIONAL,restaurant,Restaurant,"restaurant,food,point_of_interest,establishment","Monday: 12:00 – 10:00 PM
Tuesday: 12:00 – 10:00 PM
Wednesday: 12:00 – 10:00 PM
Thursday: 12:00 – 10:00 PM
Friday: 12:00 – 11:00 PM
Saturday: 12:00 – 11:00 PM
Sunday: 12:00 – 10:00 PM",0,,,,,,,,,,,,,,,180,9GF6CM3H+GQ
ChIJoy8bFGKTkkYRjBYZQausPGY,III Draakon,"Raekoja plats, 10146 Tallinn, Estonia","Tallinna raekoda, Raekoja plats, Tallinn",,Raekoja plats,,Tallinn,Harju maakond,10146,Estonia,EE,59.437010799999996,24.7455782,https://maps.google.com/?cid=7366952942002837132&g_mp=Cilnb29nbGUubWFwcy5wbGFjZXMudjEuUGxhY2VzLlNlYXJjaE5lYXJieRACGAQgAA,https://www.instagram.com/kolmasdraakon/,,,4.1,4933,2,$$,OPERATIONAL,restaurant,Restaurant,"restaurant,food,point_of_interest,establishment","Monday: 11:00 AM – 10:00 PM
Tuesday: 11:00 AM – 10:00 PM
Wednesday: 11:00 AM – 10:00 PM
Thursday: 11:00 AM – 10:00 PM
Friday: 11:00 AM – 11:00 PM
Saturday: 11:00 AM – 11:00 PM
Sunday: 11:00 AM – 10:00 PM",1,,,,,,,,,,,,,,,180,9GF6CPPW+R6
ChIJu7F7qVvtkkYR2UHIPwzDUj4,iL FORNO Peterburi tee,"Peterburi tee 49, 11415 Tallinn, Estonia","Peterburi tee 49, Tallinn",49,Peterburi tee,,Tallinn,Harju maakond,11415,Estonia,EE,59.427337599999994,24.8134494,https://maps.google.com/?cid=4490866235818918361&g_mp=Cilnb29nbGUubWFwcy5wbGFjZXMudjEuUGxhY2VzLlNlYXJjaE5lYXJieRACGAQgAA,http://www.ilforno.ee/,515 6269,+372 515 6269,4.7,225,2,$$,OPERATIONAL,italian_restaurant,Italian Restaurant,"italian_restaurant,european_restaurant,restaurant,food,point_of_interest,establishment","Monday: 11:00 AM – 9:00 PM
Tuesday: 11:00 AM – 9:00 PM
Wednesday: 11:00 AM – 9:00 PM
Thursday: 11:00 AM – 9:00 PM
Friday: 11:00 AM – 10:00 PM
Saturday: 12:00 – 10:00 PM
Sunday: 12:00 – 8:00 PM",1,,,,,,,,,,,,,,,180,9GF6CRG7+W9
ChIJ9R32ZFCVkkYR9ZsBsxRrF5A,iL FORNO Pärnu mnt.,"Pärnu mnt. 20, 10141 Tallinn, Estonia","Pärnu mnt. 20, Tallinn",20,Pärnu maantee,,Tallinn,Harju maakond,10141,Estonia,EE,59.4318605,24.7453361,https://maps.google.com/?cid=10382885202572712949&g_mp=Cilnb29nbGUubWFwcy5wbGFjZXMudjEuUGxhY2VzLlNlYXJjaE5lYXJieRACGAQgAA,http://ilforno.ee/,5432 0500,+372 5432 0500,4.6,561,2,$$,OPERATIONAL,italian_restaurant,Italian Restaurant,"italian_restaurant,european_restaurant,restaurant,food,point_of_interest,establishment","Monday: 11:00 AM – 9:00 PM
Tuesday: 11:00 AM – 9:00 PM
Wednesday: 11:00 AM – 9:00 PM
Thursday: 11:00 AM – 9:00 PM
Friday: 11:00 AM – 10:00 PM
Saturday: 12:00 – 10:00 PM
Sunday: 12:00 – 8:00 PM",1,,,,,,,,,,,,,,,180,9GF6CPJW+P4
ChIJHYfk4bqTkkYRLzpItaf1KwY,In The 372 - Malaysian Kitchen - A Hidden Food Paradise,"West Annex, Kopli tn 4, 10416 Tallinn, Estonia","West Annex, Kopli tn 4, Tallinn",4,Kopli tänav,,Tallinn,Harju maakond,10416,Estonia,EE,59.4412262,24.7373868,https://maps.google.com/?cid=444719088875878959&g_mp=Cilnb29nbGUubWFwcy5wbGFjZXMudjEuUGxhY2VzLlNlYXJjaE5lYXJieRACGAQgAA,https://www.inthe372.ee/,5851 2800,+372 5851 2800,4.8,513,2,$$,OPERATIONAL,malaysian_restaurant,Malaysian Restaurant,"malaysian_restaurant,bistro,restaurant,food,point_of_interest,establishment","Monday: Closed
Tuesday: 5:00 – 9:30 PM
Wednesday: 4:00 – 9:30 PM
Thursday: 5:00 – 9:30 PM
Friday: 5:00 – 9:30 PM
Saturday: 1:00 – 9:30 PM
Sunday: 1:00 – 9:30 PM",0,,,,,,,,,,,,,,,180,9GF6CPRP+FX
ChIJBVdeP2KTkkYRA49gLc7EVo0,Irish Pub Mad Murphy's,"Mündi tn 2, 10146 Tallinn, Estonia","Mündi tn 2, Tallinn",2,Mündi tänav,,Tallinn,Harju maakond,10146,Estonia,EE,59.4377119,24.745230199999998,https://maps.google.com/?cid=10184543997148565251&g_mp=Cilnb29nbGUubWFwcy5wbGFjZXMudjEuUGxhY2VzLlNlYXJjaE5lYXJieRACGAQgAA,https://facebook.com/MadMurphysIrishBar/,601 1070,+372 601 1070,4.2,2267,2,$$,OPERATIONAL,irish_pub,Irish Pub,"irish_pub,pub,bar,european_restaurant,restaurant,food,point_of_interest,establishment","Monday: 12:00 PM – 2:00 AM
Tuesday: 12:00 PM – 2:00 AM
Wednesday: 12:00 PM – 2:00 AM
Thursday: 12:00 PM – 2:00 AM
Friday: 12:00 PM – 3:00 AM
Saturday: 12:00 PM – 3:00 AM
Sunday: 12:00 PM – 3:00 AM",1,,,,,,,,,,,,,,,180,9GF6CPQW+33
ChIJzTwYLUWTkkYRthd-Jmp_j3k,Irish Stroomi,"Tuulemaa tn 20, 10315 Tallinn, Estonia","Tuulemaa tn 20, Tallinn",20,Tuulemaa tänav,,Tallinn,Harju maakond,10315,Estonia,EE,59.447053999999994,24.6923495,https://maps.google.com/?cid=8759359894147962806&g_mp=Cilnb29nbGUubWFwcy5wbGFjZXMudjEuUGxhY2VzLlNlYXJjaE5lYXJieRACGAQgAA,https://irishstroomi.ee/,5333 5900,+372 5333 5900,4.1,115,2,$$,OPERATIONAL,restaurant,Restaurant,"restaurant,food,point_of_interest,establishment","Monday: 11:00 AM – 9:00 PM
Tuesday: 11:00 AM – 9:00 PM
Wednesday: 11:00 AM – 9:00 PM
Thursday: 11:00 AM – 9:00 PM
Friday: 11:00 AM – 10:00 PM
Saturday: 11:00 AM – 10:00 PM
Sunday: 11:00 AM – 9:00 PM",1,,,,,,,,,,,,,,,180,9GF6CMWR+RW
ChIJkSINCsKTkkYRJMbZYQBkvRk,ISSEI Tallinn - Rooftop Restaurant & Sky Bar,"Rävala Street 3, 10143 Tallinn, Estonia","Parking lot, Rävala Street 3, Tallinn",3,Rävala Street,,Tallinn,Harju maakond,10143,Estonia,EE,59.433695900000004,24.7577507,https://maps.google.com/?cid=1854748574350951972&g_mp=Cilnb29nbGUubWFwcy5wbGFjZXMudjEuUGxhY2VzLlNlYXJjaE5lYXJieRACGAQgAA,https://isseitallinn.ee/,682 3025,+372 682 3025,4.5,902,,,OPERATIONAL,restaurant,Restaurant,"restaurant,point_of_interest,food,establishment","Monday: 5:00 PM – 12:00 AM
Tuesday: 5:00 PM – 12:00 AM
Wednesday: 5:00 PM – 12:00 AM
Thursday: 5:00 PM – 12:00 AM
Friday: 5:00 PM – 2:00 AM
Saturday: 5:00 PM – 2:00 AM
Sunday: 5:00 PM – 12:00 AM",0,,,,,,,,,,,,,,,180,9GF6CQM5+F4
ChIJtS1BS6CTkkYRS56PVRNky6o,IZAKAYA TARO Tallinn,"Müürivahe 31, 10140 Tallinn, Estonia","Müürivahe 31, Tallinn",31,Müürivahe,,Tallinn,Harju maakond,10140,Estonia,EE,59.43722479999999,24.7493633,https://maps.google.com/?cid=12307040440922644043&g_mp=Cilnb29nbGUubWFwcy5wbGFjZXMudjEuUGxhY2VzLlNlYXJjaE5lYXJieRACGAQgAA,,,,4.7,271,2,$$,OPERATIONAL,japanese_izakaya_restaurant,Izakaya Restaurant,"japanese_izakaya_restaurant,ramen_restaurant,japanese_restaurant,restaurant,food,point_of_interest,establishment","Monday: 3:00 – 10:00 PM
Tuesday: 3:00 – 10:00 PM
Wednesday: 3:00 – 10:00 PM
Thursday: 3:00 – 10:00 PM
Friday: 3:00 – 10:00 PM
Saturday: 12:00 – 10:00 PM
Sunday: 12:00 – 10:00 PM",0,,,,,,,,,,,,,,,180,9GF6CPPX+VP
ChIJ1U0TcGmTkkYRGIIAD2SdJbU,Jaapani toit Yui Kalamaja,"Tööstuse tn 47b, 10416 Tallinn, Estonia","Tööstuse tn 47b, Tallinn",47b,Tööstuse tänav,,Tallinn,Harju maakond,10416,Estonia,EE,59.449253,24.7246894,https://maps.google.com/?cid=13053012148077232664&g_mp=Cilnb29nbGUubWFwcy5wbGFjZXMudjEuUGxhY2VzLlNlYXJjaE5lYXJieRACGAQgAA,http://www.yuiresto.ee/,335 7766,+372 335 7766,4.5,537,2,$$,OPERATIONAL,ramen_restaurant,Ramen Restaurant,"ramen_restaurant,sushi_restaurant,japanese_restaurant,restaurant,food,point_of_interest,establishment","Monday: 12:00 – 9:00 PM
Tuesday: 12:00 – 9:00 PM
Wednesday: 12:00 – 9:00 PM
Thursday: 12:00 – 9:00 PM
Friday: 12:00 – 9:00 PM
Saturday: 12:00 – 9:00 PM
Sunday: 12:00 – 9:00 PM",1,,,,,,,,,,,,,,,180,9GF6CPXF+PV
ChIJU0VJYdqVkkYRCz8ULmJ1k9k,Jahu Pizza,"Lahepea tn 11, 10617 Tallinn, Estonia","Lahepea tn 11, Tallinn",11,Lahepea tänav,,Tallinn,Harju maakond,10617,Estonia,EE,59.4332271,24.6849153,https://maps.google.com/?cid=15678003792347152139&g_mp=Cilnb29nbGUubWFwcy5wbGFjZXMudjEuUGxhY2VzLlNlYXJjaE5lYXJieRACGAQgAA,,5690 0596,+372 5690 0596,4.6,256,2,$$,OPERATIONAL,pizza_restaurant,Pizza Restaurant,"pizza_restaurant,restaurant,food,point_of_interest,establishment","Monday: 12:00 – 10:00 PM
Tuesday: 12:00 – 10:00 PM
Wednesday: 12:00 – 10:00 PM
Thursday: 12:00 – 10:00 PM
Friday: 12:00 – 11:00 PM
Saturday: 12:00 – 11:00 PM
Sunday: 12:00 – 10:00 PM",0,,,,,,,,,,,,,,,180,9GF6CMMM+7X
ChIJceX3zKeUkkYRq-JT_o3OCAo,Japosha sushi,"Jakobi tn 22, 10144 Tallinn, Estonia","Jakobi tn 22, Tallinn",22,Jakobi tänav,,Tallinn,Harju maakond,10144,Estonia,EE,59.4279763,24.770064599999998,https://maps.google.com/?cid=723054849445585579&g_mp=Cilnb29nbGUubWFwcy5wbGFjZXMudjEuUGxhY2VzLlNlYXJjaE5lYXJieRACGAQgAA,http://www.japosha.ee/,552 8730,+372 552 8730,4.6,243,2,$$,OPERATIONAL,meal_takeaway,Takeout Restaurant,"meal_takeaway,restaurant,food,point_of_interest,establishment","Monday: 11:00 AM – 10:00 PM
Tuesday: 11:00 AM – 10:00 PM
Wednesday: 11:00 AM – 10:00 PM
Thursday: 11:00 AM – 10:00 PM
Friday: 11:00 AM – 10:00 PM
Saturday: 11:00 AM – 10:00 PM
Sunday: 11:00 AM – 10:00 PM",1,,,,,,,,,,,,,,,180,9GF6CQHC+52
ChIJAdTEId2TkkYRE1L69ZZe6As,JENK BBQ,"Rotermanni tn 14, 10111 Tallinn, Estonia","Rotermanni tn 14, Tallinn",14,Rotermanni tänav,,Tallinn,Harju maakond,10111,Estonia,EE,59.439013499999994,24.757129499999998,https://maps.google.com/?cid=858039731479007763&g_mp=Cilnb29nbGUubWFwcy5wbGFjZXMudjEuUGxhY2VzLlNlYXJjaE5lYXJieRACGAQgAA,https://www.jenkbbq.ee/,5377 1108,+372 5377 1108,4.4,234,3,$$$,OPERATIONAL,restaurant,Restaurant,"restaurant,food,point_of_interest,establishment","Monday: 5:00 PM – 12:00 AM
Tuesday: 5:00 PM – 12:00 AM
Wednesday: 5:00 PM – 12:00 AM
Thursday: 5:00 PM – 12:00 AM
Friday: 5:00 PM – 1:00 AM
Saturday: 5:00 PM – 1:00 AM
Sunday: Closed",0,,,,,,,,,,,,,,,180,9GF6CQQ4+JV
ChIJiY3l-YeTkkYRQuSNjYkYuZA,JETI's Tallinn,"Kuninga tn 8, 10146 Tallinn, Estonia","Kuninga tn 8, Tallinn",8,Kuninga tänav,,Tallinn,Harju maakond,10146,Estonia,EE,59.43650849999999,24.744895399999997,https://maps.google.com/?cid=10428393391217566786&g_mp=Cilnb29nbGUubWFwcy5wbGFjZXMudjEuUGxhY2VzLlNlYXJjaE5lYXJieRACGAQgAA,,655 7500,+372 655 7500,3.6,63,,,OPERATIONAL,restaurant,Restaurant,"restaurant,food,point_of_interest,establishment","Monday: 11:00 AM – 9:00 PM
Tuesday: 11:00 AM – 9:00 PM
Wednesday: 11:00 AM – 9:00 PM
Thursday: 11:00 AM – 9:00 PM
Friday: 11:00 AM – 9:00 PM
Saturday: 11:00 AM – 9:00 PM
Sunday: 11:00 AM – 9:00 PM",1,,,,,,,,,,,,,,,180,9GF6CPPV+JX
ChIJA0TqDt-UkkYRrM7MxgP2b1Y,Järve Da Vinci Pasta ja Pizza,"Pärnu mnt. 238, 11624 Tallinn, Estonia","Pärnu mnt. 238, Tallinn",238,Pärnu maantee,,Tallinn,Harju maakond,11624,Estonia,EE,59.3938387,24.7200091,https://maps.google.com/?cid=6228467305757331116&g_mp=Cilnb29nbGUubWFwcy5wbGFjZXMudjEuUGxhY2VzLlNlYXJjaE5lYXJieRACGAQgAA,http://davincifood.ee/,603 3100,+372 603 3100,4.5,541,2,$$,OPERATIONAL,italian_restaurant,Italian Restaurant,"italian_restaurant,european_restaurant,restaurant,food,point_of_interest,establishment","Monday: 10:00 AM – 9:00 PM
Tuesday: 10:00 AM – 9:00 PM
Wednesday: 10:00 AM – 9:00 PM
Thursday: 10:00 AM – 9:00 PM
Friday: 10:00 AM – 9:00 PM
Saturday: 10:00 AM – 9:00 PM
Sunday: 10:00 AM – 7:00 PM",1,,,,,,,,,,,,,,,180,9GF69PVC+G2
ChIJs6bf9diUkkYRA4Ly9hRHQvY,Järve Resto & Grill,"Viljandi mnt 3, 11214 Tallinn, Estonia","Viljandi mnt 3, Tallinn",3,Viljandi maantee,,Tallinn,Harju maakond,11214,Estonia,EE,59.3920173,24.728441099999998,https://maps.google.com/?cid=17744823637161181699&g_mp=Cilnb29nbGUubWFwcy5wbGFjZXMudjEuUGxhY2VzLlNlYXJjaE5lYXJieRACGAQgAA,http://www.facebook.com/jarveresto,671 4163,+372 671 4163,4.6,508,2,$$,OPERATIONAL,restaurant,Restaurant,"restaurant,food,point_of_interest,establishment","Monday: 11:00 AM – 10:00 PM
Tuesday: 11:00 AM – 10:00 PM
Wednesday: 11:00 AM – 10:00 PM
Thursday: 11:00 AM – 10:00 PM
Friday: 11:00 AM – 10:00 PM
Saturday: 12:00 – 10:00 PM
Sunday: 12:00 – 10:00 PM",1,,,,,,,,,,,,,,,180,9GF69PRH+R9
ChIJN_ETXACTkkYRhv5Ktdf7gMo,K-Town Telliskivi,"Telliskivi tn 62a, 10412 Tallinn, Estonia","Telliskivi tn 62a, Tallinn",62a,Telliskivi tänav,,Tallinn,Harju maakond,10412,Estonia,EE,59.440544499999994,24.730324099999997,https://maps.google.com/?cid=14591939696558538374&g_mp=Cilnb29nbGUubWFwcy5wbGFjZXMudjEuUGxhY2VzLlNlYXJjaE5lYXJieRACGAQgAA,,,,2.3,74,2,$$,OPERATIONAL,korean_restaurant,Korean Restaurant,"korean_restaurant,restaurant,food,point_of_interest,establishment","Monday: 11:00 AM – 11:00 PM
Tuesday: 11:00 AM – 11:00 PM
Wednesday: 11:00 AM – 11:00 PM
Thursday: 11:00 AM – 11:00 PM
Friday: 12:00 PM – 3:00 AM
Saturday: 12:00 PM – 3:00 AM
Sunday: 11:00 AM – 11:00 PM",1,,,,,,,,,,,,,,,180,9GF6CPRJ+64
ChIJDZzj2lGTkkYRBgwFCFxbzTg,Kadrioru Lossikohvik,"A. Weizenbergi tn 37, 10127 Tallinn, Estonia","A. Weizenbergi tn 37, Tallinn",37,A. Weizenbergi tänav,,Tallinn,Harju maakond,10127,Estonia,EE,59.438394499999994,24.7907962,https://maps.google.com/?cid=4093028087179316230&g_mp=Cilnb29nbGUubWFwcy5wbGFjZXMudjEuUGxhY2VzLlNlYXJjaE5lYXJieRACGAQgAA,http://www.lossikohvikud.ee/,522 2986,+372 522 2986,4.2,125,1,$,OPERATIONAL,restaurant,Restaurant,"restaurant,food,point_of_interest,establishment","Monday: Closed
Tuesday: 10:00 AM – 6:00 PM
Wednesday: 10:00 AM – 8:00 PM
Thursday: 10:00 AM – 6:00 PM
Friday: 10:00 AM – 6:00 PM
Saturday: 10:00 AM – 6:00 PM
Sunday: 10:00 AM – 6:00 PM",1,,,,,,,,,,,,,,,180,9GF6CQQR+98
ChIJR_GevaWTkkYRaIRTQq2fSLQ,Kagerou Ramen Restaurant and Bar,"Uus tn 33, 10111 Tallinn, Estonia","Uus tn 33, Tallinn",33,Uus tänav,,Tallinn,Harju maakond,10111,Estonia,EE,59.441149800000005,24.7495697,https://maps.google.com/?cid=12990808691641123944&g_mp=Cilnb29nbGUubWFwcy5wbGFjZXMudjEuUGxhY2VzLlNlYXJjaE5lYXJieRACGAQgAA,https://www.kagerouramen.com/,5624 4302,+372 5624 4302,4.0,789,2,$$,OPERATIONAL,japanese_restaurant,Japanese Restaurant,"japanese_restaurant,wine_bar,sushi_restaurant,bar,pizza_restaurant,restaurant,food,point_of_interest,establishment","Monday: 11:30 AM – 11:00 PM
Tuesday: 11:30 AM – 11:00 PM
Wednesday: 11:30 AM – 11:00 PM
Thursday: 11:30 AM – 11:55 PM
Friday: 11:30 AM – 11:55 PM
Saturday: 11:30 AM – 11:55 PM
Sunday: 11:30 AM – 11:00 PM",1,,,,,,,,,,,,,,,180,9GF6CPRX+FR
ChIJU9O32D2TkkYReKBQHejViVA,Kaheksa,"Suur-Karja tn 8, 10140 Tallinn, Estonia","Suur-Karja tn 8, Tallinn",8,Suur-Karja tänav,,Tallinn,Harju maakond,10140,Estonia,EE,59.4357091,24.746088,https://maps.google.com/?cid=5803404787744546936&g_mp=Cilnb29nbGUubWFwcy5wbGFjZXMudjEuUGxhY2VzLlNlYXJjaE5lYXJieRACGAQgAA,http://www.kaheksas.ee/,5886 8213,+372 5886 8213,4.8,211,2,$$,OPERATIONAL,tapas_restaurant,Tapas Restaurant,"tapas_restaurant,spanish_restaurant,european_restaurant,event_venue,restaurant,food,point_of_interest,establishment","Monday: 12:00 – 11:00 PM
Tuesday: 12:00 – 11:00 PM
Wednesday: 12:00 – 11:00 PM
Thursday: 12:00 – 11:00 PM
Friday: 12:00 PM – 12:00 AM
Saturday: 12:00 PM – 12:00 AM
Sunday: 12:00 – 10:00 PM",1,,,,,,,,,,,,,,,180,9GF6CPPW+7C
ChIJNWPMs3GTkkYRiSDnBLSg15E,KAI Estonia,"Mere pst 20c, 10111 Tallinn, Estonia","Mere pst 20c, Tallinn",20c,Mere puiestee,,Tallinn,Harju maakond,10111,Estonia,EE,59.448160200000004,24.7533025,https://maps.google.com/?cid=10509044950529155209&g_mp=Cilnb29nbGUubWFwcy5wbGFjZXMudjEuUGxhY2VzLlNlYXJjaE5lYXJieRACGAQgAA,http://kairesto.ee/,755 6000,+372 755 6000,4.5,736,2,$$,CLOSED_TEMPORARILY,restaurant,Restaurant,"restaurant,hookah_bar,sushi_restaurant,cocktail_bar,japanese_restaurant,bar,association_or_organization,food,point_of_interest,establishment",,,,,,,,,,,,,,,,,180,9GF6CQX3+78
ChIJvU1yboCUkkYRQEQ3zQWYemo,Kaja Pizza Köök,"Õle tn 33, 10319 Tallinn, Estonia","Õle tn 33, Tallinn",33,Õle tänav,,Tallinn,Harju maakond,10319,Estonia,EE,59.4395799,24.7172368,https://maps.google.com/?cid=7672612065864270912&g_mp=Cilnb29nbGUubWFwcy5wbGFjZXMudjEuUGxhY2VzLlNlYXJjaE5lYXJieRACGAQgAA,http://kajapizza.ee/,660 1611,+372 660 1611,4.7,2477,2,$$,OPERATIONAL,pizza_restaurant,Pizza Restaurant,"pizza_restaurant,restaurant,food,point_of_interest,establishment","Monday: 11:30 AM – 7:00 PM
Tuesday: 11:30 AM – 7:00 PM
Wednesday: 11:30 AM – 7:00 PM
Thursday: 11:30 AM – 7:00 PM
Friday: 11:30 AM – 7:00 PM
Saturday: 11:30 AM – 7:00 PM
Sunday: 11:30 AM – 7:00 PM",1,,,,,,,,,,,,,,,180,9GF6CPQ8+RV
ChIJ070a_ZGVkkYRJE9QfjjCPSk,Kaja Pizza Köök Punane Uks,"Rahumäe tee 27, 11614 Tallinn, Estonia","Rahumäe tee 27, Tallinn",27,Rahumäe tee,,Tallinn,Harju maakond,11614,Estonia,EE,59.388832300000004,24.702973399999998,https://maps.google.com/?cid=2971744877027544868&g_mp=Cilnb29nbGUubWFwcy5wbGFjZXMudjEuUGxhY2VzLlNlYXJjaE5lYXJieRACGAQgAA,https://kajapizza.ee/,5648 0114,+372 5648 0114,4.7,100,2,$$,OPERATIONAL,pizza_restaurant,Pizza Restaurant,"pizza_restaurant,restaurant,food,point_of_interest,establishment","Monday: 12:00 – 8:00 PM
Tuesday: 12:00 – 8:00 PM
Wednesday: 12:00 – 8:00 PM
Thursday: 12:00 – 8:00 PM
Friday: 12:00 – 8:00 PM
Saturday: 12:00 – 8:00 PM
Sunday: 12:00 – 8:00 PM",0,,,,,,,,,,,,,,,180,9GF69PQ3+G5
ChIJpfP9BAiTkkYR75ho_9srqR8,Kajakas,"Pirita tee 20a-1, 12011 Tallinn, Estonia","Pirita tee 20a-1, Tallinn",20a,Pirita tee,,Tallinn,Harju maakond,12011,Estonia,EE,59.4464381,24.8037681,https://maps.google.com/?cid=2281402910122744047&g_mp=Cilnb29nbGUubWFwcy5wbGFjZXMudjEuUGxhY2VzLlNlYXJjaE5lYXJieRACGAQgAA,https://kajakaspizza.ee/,5377 1990,+372 5377 1990,4.5,418,2,$$,OPERATIONAL,restaurant,Restaurant,"restaurant,food,point_of_interest,establishment","Monday: 9:00 AM – 9:00 PM
Tuesday: 9:00 AM – 9:00 PM
Wednesday: 9:00 AM – 9:00 PM
Thursday: 9:00 AM – 9:00 PM
Friday: 9:00 AM – 10:00 PM
Saturday: 10:00 AM – 10:00 PM
Sunday: 10:00 AM – 9:00 PM",1,,,,,,,,,,,,,,,180,9GF6CRW3+HG
ChIJFeM8AmfzkkYR0ESVTqRgdKA,Kaks Kokapoissi,"Telliskivi tn 62, 10412 Tallinn, Estonia","Telliskivi tn 62, Tallinn",62,Telliskivi tänav,,Tallinn,Harju maakond,10412,Estonia,EE,59.4405277,24.730594099999998,https://maps.google.com/?cid=11561972402176214224&g_mp=Cilnb29nbGUubWFwcy5wbGFjZXMudjEuUGxhY2VzLlNlYXJjaE5lYXJieRACGAQgAA,https://kakskokapoissi.ee/online-menu,5569 7578,+372 5569 7578,4.8,98,1,$,OPERATIONAL,hamburger_restaurant,Hamburger Restaurant,"hamburger_restaurant,american_restaurant,restaurant,food,point_of_interest,establishment","Monday: 3:00 – 11:00 PM
Tuesday: 3:00 – 11:00 PM
Wednesday: 3:00 – 11:00 PM
Thursday: 3:00 – 11:00 PM
Friday: 3:00 – 11:00 PM
Saturday: 3:00 – 11:00 PM
Sunday: 3:00 – 11:00 PM",0,,,,,,,,,,,,,,,180,9GF6CPRJ+66
ChIJs0HygeeTkkYRLcwyxiYId_c,Kalaranna Cafe Resto,"Kalaranna tn 8-27, 10415 Tallinn, Estonia","Kalaranna tn 8-27, Tallinn",8,Kalaranna tänav,,Tallinn,Harju maakond,10415,Estonia,EE,59.4463943,24.747234499999998,https://maps.google.com/?cid=17831730212223765549&g_mp=Cilnb29nbGUubWFwcy5wbGFjZXMudjEuUGxhY2VzLlNlYXJjaE5lYXJieRACGAQgAA,https://kalarannaresto.ee/,5816 1630,+372 5816 1630,4.5,330,2,$$,OPERATIONAL,restaurant,Restaurant,"restaurant,apartment_building,food,service,point_of_interest,establishment","Monday: 10:00 AM – 9:00 PM
Tuesday: 10:00 AM – 9:00 PM
Wednesday: 10:00 AM – 9:00 PM
Thursday: 10:00 AM – 9:00 PM
Friday: 10:00 AM – 9:00 PM
Saturday: 11:00 AM – 9:00 PM
Sunday: 11:00 AM – 8:00 PM",1,,,,,,,,,,,,,,,180,9GF6CPWW+HV
ChIJh_qn-yqTkkYRl1boTNS8wZk,Kalevi Jahtklubi resto,"17 Pirita tee Tallinn Eesti Vabariik, Pirita tee 17, 11911 Tallinn, Estonia","17 Pirita tee Tallinn Eesti Vabariik, Pirita tee 17, Tallinn",17,Pirita tee,,Tallinn,Harju maakond,11911,Estonia,EE,59.4654075,24.8300301,https://maps.google.com/?cid=11079344178317514391&g_mp=Cilnb29nbGUubWFwcy5wbGFjZXMudjEuUGxhY2VzLlNlYXJjaE5lYXJieRACGAQgAA,http://www.jahtklubiresto.ee/,623 9158,+372 623 9158,4.6,1317,2,$$,OPERATIONAL,restaurant,Restaurant,"restaurant,food,point_of_interest,establishment","Monday: 11:00 AM – 11:00 PM
Tuesday: 11:00 AM – 11:00 PM
Wednesday: 11:00 AM – 11:00 PM
Thursday: 11:00 AM – 11:00 PM
Friday: 11:00 AM – 11:00 PM
Saturday: 11:00 AM – 11:00 PM
Sunday: 12:00 – 10:00 PM",1,,,,,,,,,,,,,,,180,9GF6FR8J+52
ChIJhW4WcIqUkkYRGu2qzEgAX7o,Kamikadze Restaurant,"Mustamäe tee 31, 10616 Tallinn, Estonia","Mustamäe tee 31, Tallinn",31,Mustamäe tee,,Tallinn,Harju maakond,10616,Estonia,EE,59.4241907,24.7007232,https://maps.google.com/?cid=13429452926513507610&g_mp=Cilnb29nbGUubWFwcy5wbGFjZXMudjEuUGxhY2VzLlNlYXJjaE5lYXJieRACGAQgAA,http://www.kamikadze.ee/,657 2377,+372 657 2377,4.6,3114,2,$$,OPERATIONAL,european_restaurant,European Restaurant,"european_restaurant,banquet_hall,bar,event_venue,restaurant,food,point_of_interest,establishment","Monday: 11:00 AM – 11:00 PM
Tuesday: 11:00 AM – 11:00 PM
Wednesday: 11:00 AM – 11:00 PM
Thursday: 11:00 AM – 11:00 PM
Friday: 11:00 AM – 12:00 AM
Saturday: 11:00 AM – 12:00 AM
Sunday: 11:00 AM – 11:00 PM",1,,,,,,,,,,,,,,,180,9GF6CPF2+M7
ChIJrfIVA0STkkYR9nBHtw96qzs,Kanuti Ramen Bar,"Aia tn 10a-1, 10111 Tallinn, Estonia","Aia tn 10a-1, Tallinn",10a,Aia tänav,,Tallinn,Harju maakond,10111,Estonia,EE,59.4385944,24.7516465,https://maps.google.com/?cid=4299664477173281014&g_mp=Cilnb29nbGUubWFwcy5wbGFjZXMudjEuUGxhY2VzLlNlYXJjaE5lYXJieRACGAQgAA,https://www.facebook.com/Kanuti-Ramen-102080842036790/,5415 4004,+372 5415 4004,4.7,1115,2,$$,OPERATIONAL,ramen_restaurant,Ramen Restaurant,"ramen_restaurant,wine_bar,sushi_restaurant,dumpling_restaurant,bar,japanese_restaurant,restaurant,food,point_of_interest,establishment","Monday: 12:00 – 10:00 PM
Tuesday: 12:00 – 10:00 PM
Wednesday: 12:00 – 10:00 PM
Thursday: 12:00 – 10:00 PM
Friday: 12:00 – 10:00 PM
Saturday: 12:00 – 10:00 PM
Sunday: 12:00 – 10:00 PM",1,,,,,,,,,,,,,,,180,9GF6CQQ2+CM
ChIJhXS3G36TkkYRrHh4Ztp0kBk,Kanuti Resto,"Mere pst 6 e, 10111 Tallinn, Estonia","Mere pst 6 e, Tallinn",6 e,Mere puiestee,,Tallinn,Harju maakond,10111,Estonia,EE,59.4398598,24.7541126,https://maps.google.com/?cid=1842100728965396652&g_mp=Cilnb29nbGUubWFwcy5wbGFjZXMudjEuUGxhY2VzLlNlYXJjaE5lYXJieRACGAQgAA,https://www.kanutiresto.ee/,5627 1114,+372 5627 1114,4.6,104,2,$$,CLOSED_TEMPORARILY,restaurant,Restaurant,"restaurant,food,point_of_interest,establishment",,,,,,,,,,,,,,,,,180,9GF6CQQ3+WJ
ChIJS2PX_Y6TkkYRyCr1I1IKuV0,Kartul,"Kopli tn 16, 10412 Tallinn, Estonia","Kopli tn 16, Tallinn",16,Kopli tänav,,Tallinn,Harju maakond,10412,Estonia,EE,59.4418266,24.7332385,https://maps.google.com/?cid=6753440464125635272&g_mp=Cilnb29nbGUubWFwcy5wbGFjZXMudjEuUGxhY2VzLlNlYXJjaE5lYXJieRACGAQgAA,https://kartul.space/,529 2456,+372 529 2456,5.0,101,1,$,OPERATIONAL,restaurant,Restaurant,"restaurant,cafe,bar,food,point_of_interest,establishment","Monday: Closed
Tuesday: Closed
Wednesday: 12:00 – 8:00 PM
Thursday: 12:00 – 8:00 PM
Friday: 12:00 – 11:00 PM
Saturday: 12:00 – 11:00 PM
Sunday: 12:00 – 8:00 PM",1,,,,,,,,,,,,,,,180,9GF6CPRM+P7
ChIJMQWjSTOVkkYR0H3w4u-UL20,Kaukaasia Grill,"Parkla, Ristiku tn 59, 10320 Tallinn, Estonia","Parking lot, Ristiku tn 59, Tallinn",59,Ristiku tänav,,Tallinn,Harju maakond,10320,Estonia,EE,59.441196999999995,24.7135902,https://maps.google.com/?cid=7867670832065052112&g_mp=Cilnb29nbGUubWFwcy5wbGFjZXMudjEuUGxhY2VzLlNlYXJjaE5lYXJieRACGAQgAA,https://m.facebook.com/_apetiit_-104793857894233/,5191 9372,+372 5191 9372,4.5,79,2,$$,OPERATIONAL,restaurant,Restaurant,"restaurant,point_of_interest,food,establishment","Monday: 10:00 AM – 10:00 PM
Tuesday: 10:00 AM – 10:00 PM
Wednesday: 10:00 AM – 10:00 PM
Thursday: 10:00 AM – 10:00 PM
Friday: 10:00 AM – 10:00 PM
Saturday: 10:00 AM – 10:00 PM
Sunday: 10:00 AM – 10:00 PM",1,,,,,,,,,,,,,,,180,9GF6CPR7+FC
ChIJpfzCmjqTkkYRrVn_rVSh_cM,KAUSS Balti Jaam,"Kopli tn 1, 10149 Tallinn, Estonia","Kopli tn 1, Tallinn",1,Kopli tänav,,Tallinn,Harju maakond,10149,Estonia,EE,59.4410457,24.736252699999998,https://maps.google.com/?cid=14122621391572261293&g_mp=Cilnb29nbGUubWFwcy5wbGFjZXMudjEuUGxhY2VzLlNlYXJjaE5lYXJieRACGAQgAA,https://www.facebook.com/KAUSSpoke/,501 9450,+372 501 9450,4.3,46,2,$$,OPERATIONAL,hawaiian_restaurant,Hawaiian Restaurant,"hawaiian_restaurant,american_restaurant,restaurant,food,point_of_interest,establishment","Monday: 10:00 AM – 7:00 PM
Tuesday: 10:00 AM – 7:00 PM
Wednesday: 10:00 AM – 7:00 PM
Thursday: 10:00 AM – 7:00 PM
Friday: 10:00 AM – 7:00 PM
Saturday: 10:00 AM – 7:00 PM
Sunday: 10:00 AM – 5:00 PM",1,,,,,,,,,,,,,,,180,9GF6CPRP+CG
ChIJO9seBl-TkkYRab6s-pvJ5GY,Kebab House (حلال),"Gonsiori tn 12, 10117 Tallinn, Estonia","Gonsiori tn 12, Tallinn",12,Gonsiori tänav,,Tallinn,Harju maakond,10117,Estonia,EE,59.43473129999999,24.7625584,https://maps.google.com/?cid=7414272558321417833&g_mp=Cilnb29nbGUubWFwcy5wbGFjZXMudjEuUGxhY2VzLlNlYXJjaE5lYXJieRACGAQgAA,https://www.facebook.com/KebabHousetallinn/,653 1952,+372 653 1952,4.3,634,1,$,OPERATIONAL,kebab_shop,Kebab Shop,"kebab_shop,restaurant,food,point_of_interest,establishment","Monday: 12:00 – 11:00 PM
Tuesday: 12:00 – 11:00 PM
Wednesday: 12:00 – 11:00 PM
Thursday: 12:00 – 11:00 PM
Friday: 12:00 – 11:00 PM
Saturday: 12:00 – 11:00 PM
Sunday: 12:10 – 10:00 PM",1,,,,,,,,,,,,,,,180,9GF6CQM7+V2
ChIJe2lxTQCVkkYRRBt1B7VGm9c,Kebabi Plaza Liivalaia,"Liivalaia tn 32, 10118 Tallinn, Estonia","Liivalaia tn 32, Tallinn",32,Liivalaia tänav,,Tallinn,Harju maakond,10118,Estonia,EE,59.4289722,24.7557778,https://maps.google.com/?cid=15536089082872798020&g_mp=Cilnb29nbGUubWFwcy5wbGFjZXMudjEuUGxhY2VzLlNlYXJjaE5lYXJieRACGAQgAA,https://www.instagram.com/kebabiplaza/,,,4.9,35,1,$,OPERATIONAL,kebab_shop,Kebab Shop,"kebab_shop,fast_food_restaurant,turkish_restaurant,restaurant,food,point_of_interest,establishment","Monday: 10:00 AM – 7:00 PM
Tuesday: 10:00 AM – 7:00 PM
Wednesday: 10:00 AM – 7:00 PM
Thursday: 10:00 AM – 7:00 PM
Friday: 10:00 AM – 7:00 PM
Saturday: Closed
Sunday: Closed",1,,,,,,,,,,,,,,,180,9GF6CQH4+H8
ChIJiY6dZIOTkkYRhGYk1rq95pU,Kebabi Wabrik Arsenali Keskuses,"Erika tn 14, 10416 Tallinn, Estonia","Erika tn 14, Tallinn",14,Erika tänav,,Tallinn,Harju maakond,10416,Estonia,EE,59.4515022,24.716556999999998,https://maps.google.com/?cid=10801529366448989828&g_mp=Cilnb29nbGUubWFwcy5wbGFjZXMudjEuUGxhY2VzLlNlYXJjaE5lYXJieRACGAQgAA,https://www.facebook.com/kebabiwabrik,5323 0077,+372 5323 0077,4.1,162,2,$$,OPERATIONAL,kebab_shop,Kebab Shop,"kebab_shop,restaurant,food,point_of_interest,establishment","Monday: 11:00 AM – 9:00 PM
Tuesday: 11:00 AM – 9:00 PM
Wednesday: 11:00 AM – 9:00 PM
Thursday: 11:00 AM – 9:00 PM
Friday: 11:00 AM – 9:00 PM
Saturday: 11:00 AM – 9:00 PM
Sunday: 11:00 AM – 8:00 PM",1,,,,,,,,,,,,,,,180,9GF6FP28+JJ
ChIJ8_dF74CTkkYR_WT4YzsPtw0,Kebaboom Balti Jaam,"Kopli tn 1, 10149 Tallinn, Estonia","Kopli tn 1, Tallinn",1,Kopli tänav,,Tallinn,Harju maakond,10149,Estonia,EE,59.441069999999996,24.735312399999998,https://maps.google.com/?cid=988275390985823485&g_mp=Cilnb29nbGUubWFwcy5wbGFjZXMudjEuUGxhY2VzLlNlYXJjaE5lYXJieRACGAQgAA,https://kebaboom.ee/,5880 4568,+372 5880 4568,3.9,223,1,$,OPERATIONAL,kebab_shop,Kebab Shop,"kebab_shop,restaurant,food,point_of_interest,establishment","Monday: 10:30 AM – 8:00 PM
Tuesday: 10:30 AM – 8:00 PM
Wednesday: 10:30 AM – 8:00 PM
Thursday: 10:30 AM – 8:00 PM
Friday: 10:30 AM – 8:00 PM
Saturday: 10:30 AM – 8:00 PM
Sunday: 10:30 AM – 6:00 PM",1,,,,,,,,,,,,,,,180,9GF6CPRP+C4
ChIJbef6lD2VkkYRNNOb2wWkg6c,Kebaboom Järve Keskus,"Pärnu mnt. 238, 11624 Tallinn, Estonia","Pärnu mnt. 238, Tallinn",238,Pärnu maantee,,Tallinn,Harju maakond,11624,Estonia,EE,59.3933914,24.7202408,https://maps.google.com/?cid=12070671771349275444&g_mp=Cilnb29nbGUubWFwcy5wbGFjZXMudjEuUGxhY2VzLlNlYXJjaE5lYXJieRACGAQgAA,https://kebaboom.ee/,5837 8873,+372 5837 8873,4.0,66,2,$$,OPERATIONAL,kebab_shop,Kebab Shop,"kebab_shop,restaurant,food,point_of_interest,establishment","Monday: 11:00 AM – 9:00 PM
Tuesday: 11:00 AM – 9:00 PM
Wednesday: 11:00 AM – 9:00 PM
Thursday: 11:00 AM – 9:00 PM
Friday: 11:00 AM – 9:00 PM
Saturday: 11:00 AM – 9:00 PM
Sunday: 11:00 AM – 7:00 PM",1,,,,,,,,,,,,,,,180,9GF69PVC+93
ChIJiZkmXQCTkkYRU4SbBV7Ymso,Kebaboom Narva maantee,"10120 Tallinn, Estonia",Tallinn,,,,Tallinn,Harju County,10120,Estonia,EE,59.43810129999999,24.7680063,https://maps.google.com/?cid=14599219040407487571&g_mp=Cilnb29nbGUubWFwcy5wbGFjZXMudjEuUGxhY2VzLlNlYXJjaE5lYXJieRACGAQgAA,https://kebaboom.ee/,5609 5858,+372 5609 5858,4.3,39,1,$,OPERATIONAL,kebab_shop,Kebab Shop,"kebab_shop,restaurant,food,point_of_interest,establishment","Monday: 11:00 AM – 11:00 PM
Tuesday: 11:00 AM – 11:00 PM
Wednesday: 11:00 AM – 11:00 PM
Thursday: 11:00 AM – 11:00 PM
Friday: 11:00 AM – 2:00 AM
Saturday: 11:00 AM – 2:00 AM
Sunday: 11:00 AM – 11:00 PM",1,,,,,,,,,,,,,,,180,9GF6CQQ9+66
ChIJM3QmsXWVkkYR09SmYrQqfjs,Kebaboom Solaris,"Estonia pst 9, 11314 Tallinn, Estonia","Estonia pst 9, Tallinn",9,Estonia puiestee,,Tallinn,Harju maakond,11314,Estonia,EE,59.4331183,24.751925699999997,https://maps.google.com/?cid=4286910849540871379&g_mp=Cilnb29nbGUubWFwcy5wbGFjZXMudjEuUGxhY2VzLlNlYXJjaE5lYXJieRACGAQgAA,https://kebaboom.ee/,5880 2291,+372 5880 2291,4.6,357,1,$,OPERATIONAL,kebab_shop,Kebab Shop,"kebab_shop,restaurant,food,point_of_interest,establishment","Monday: 10:45 AM – 9:00 PM
Tuesday: 10:45 AM – 9:00 PM
Wednesday: 10:45 AM – 9:00 PM
Thursday: 10:45 AM – 9:00 PM
Friday: 10:45 AM – 10:00 PM
Saturday: 10:45 AM – 10:00 PM
Sunday: 10:45 AM – 9:00 PM",1,,,,,,,,,,,,,,,180,9GF6CQM2+6Q
ChIJY6QrSVmTkkYRg0FIKe2LYL0,Kebaboom Viru,"Viru väljak 4, 10111 Tallinn, Estonia","Viru väljak 4, Tallinn",4,Viru väljak,,Tallinn,Harju maakond,10111,Estonia,EE,59.4357256,24.755025699999997,https://maps.google.com/?cid=13646060721648714115&g_mp=Cilnb29nbGUubWFwcy5wbGFjZXMudjEuUGxhY2VzLlNlYXJjaE5lYXJieRACGAQgAA,http://kebaboom.ee/,5822 8725,+372 5822 8725,4.1,245,1,$,OPERATIONAL,turkish_restaurant,Turkish Restaurant,"kebab_shop,turkish_restaurant,restaurant,food,point_of_interest,establishment","Monday: 11:00 AM – 9:00 PM
Tuesday: 11:00 AM – 9:00 PM
Wednesday: 11:00 AM – 9:00 PM
Thursday: 11:00 AM – 9:00 PM
Friday: 11:00 AM – 11:00 PM
Saturday: 11:00 AM – 11:00 PM
Sunday: 11:00 AM – 9:00 PM",1,,,,,,,,,,,,,,,180,9GF6CQP4+72
ChIJ79iYK4iTkkYRzx9l_5WUUUg,KebabRA,"Võrgu tn 3, 10415 Tallinn, Estonia","Võrgu tn 3, Tallinn",3,Võrgu tänav,,Tallinn,Harju maakond,10415,Estonia,EE,59.4450866,24.7478756,https://maps.google.com/?cid=5211109615800229839&g_mp=Cilnb29nbGUubWFwcy5wbGFjZXMudjEuUGxhY2VzLlNlYXJjaE5lYXJieRACGAQgAA,https://kebabra.ee/,5665 5804,+372 5665 5804,4.9,400,1,$,OPERATIONAL,fast_food_restaurant,Fast Food Restaurant,"fast_food_restaurant,kebab_shop,turkish_restaurant,restaurant,food,point_of_interest,establishment","Monday: 11:00 AM – 10:00 PM
Tuesday: 11:00 AM – 10:00 PM
Wednesday: 11:00 AM – 10:00 PM
Thursday: 11:00 AM – 10:00 PM
Friday: 11:00 AM – 12:00 AM
Saturday: 11:00 AM – 12:00 AM
Sunday: 11:00 AM – 10:00 PM",1,,,,,,,,,,,,,,,180,9GF6CPWX+25
ChIJt_r024KTkkYR3woVO-sIAfA,Kennedy’s Tallinn,"Pikk tn 13, 10123 Tallinn, Estonia","Pikk tn 13, Tallinn",13,Pikk tänav,,Tallinn,Harju maakond,10123,Estonia,EE,59.438111299999996,24.74478,https://maps.google.com/?cid=17294113850480986847&g_mp=Cilnb29nbGUubWFwcy5wbGFjZXMudjEuUGxhY2VzLlNlYXJjaE5lYXJieRACGAQgAA,,512 1903,+372 512 1903,4.3,734,2,$$,OPERATIONAL,restaurant,Restaurant,"restaurant,irish_pub,pub,european_restaurant,live_music_venue,event_venue,bar,food,point_of_interest,establishment","Monday: 12:00 PM – 12:00 AM
Tuesday: 12:00 PM – 12:00 AM
Wednesday: 12:00 PM – 12:00 AM
Thursday: 12:00 PM – 1:00 AM
Friday: 12:00 PM – 2:00 AM
Saturday: 11:00 AM – 2:00 AM
Sunday: 11:00 AM – 12:00 AM",1,,,,,,,,,,,,,,,180,9GF6CPQV+6W
ChIJnemElqGUkkYR-UKxIzwiSWY,Kentmanni Sõõrikukohvik,"Kentmanni tn 21, 10116 Tallinn, Estonia","Kentmanni tn 21, Tallinn",21,Kentmanni tänav,,Tallinn,Harju maakond,10116,Estonia,EE,59.429269899999994,24.7541159,https://maps.google.com/?cid=7370459906860729081&g_mp=Cilnb29nbGUubWFwcy5wbGFjZXMudjEuUGxhY2VzLlNlYXJjaE5lYXJieRACGAQgAA,http://soorikukohvik.ee/,660 5002,+372 660 5002,4.7,1263,1,$,OPERATIONAL,cafeteria,Cafeteria,"cafeteria,donut_shop,pastry_shop,dessert_shop,bakery,confectionery,food_store,restaurant,food,store,point_of_interest,establishment","Monday: 8:00 AM – 7:00 PM
Tuesday: 8:00 AM – 7:00 PM
Wednesday: 8:00 AM – 7:00 PM
Thursday: 8:00 AM – 7:00 PM
Friday: 8:00 AM – 7:00 PM
Saturday: 9:00 AM – 7:00 PM
Sunday: 9:00 AM – 7:00 PM",1,,,,,,,,,,,,,,,180,9GF6CQH3+PJ
ChIJr4ICHpuVkkYR1BntpUP-JI4,KFC,"Endla tn 45, 10615 Tallinn, Estonia","Parking lot, Endla tn 45, Tallinn",45,Endla tänav,,Tallinn,Harju maakond,10615,Estonia,EE,59.4273252,24.723098699999998,https://maps.google.com/?cid=10242591019047393748&g_mp=Cilnb29nbGUubWFwcy5wbGFjZXMudjEuUGxhY2VzLlNlYXJjaE5lYXJieRACGAQgAA,https://kfc.ee/,5345 9609,+372 5345 9609,3.8,1843,2,$$,OPERATIONAL,chicken_restaurant,Chicken Restaurant,"chicken_restaurant,restaurant,food,point_of_interest,establishment","Monday: 9:00 AM – 12:00 AM
Tuesday: 9:00 AM – 12:00 AM
Wednesday: 9:00 AM – 12:00 AM
Thursday: 9:00 AM – 12:00 AM
Friday: 9:00 AM – 4:00 AM
Saturday: 9:00 AM – 4:00 AM
Sunday: 9:00 AM – 12:00 AM",1,,,,,,,,,,,,,,,180,9GF6CPGF+W6
ChIJ-feLEgCTkkYRe295lMs80J4,KFC Artius,"Narva mnt 5, 10117 Tallinn, Estonia","Narva mnt 5, Tallinn",5,Narva maantee,,Tallinn,Harju maakond,10117,Estonia,EE,59.4376098,24.7579167,https://maps.google.com/?cid=11443713498215444347&g_mp=Cilnb29nbGUubWFwcy5wbGFjZXMudjEuUGxhY2VzLlNlYXJjaE5lYXJieRACGAQgAA,https://kfc.ee/,5887 6162,+372 5887 6162,3.5,283,2,$$,OPERATIONAL,chicken_restaurant,Chicken Restaurant,"chicken_restaurant,fast_food_restaurant,restaurant,food,point_of_interest,establishment","Monday: 9:00 AM – 12:00 AM
Tuesday: 9:00 AM – 12:00 AM
Wednesday: 9:00 AM – 12:00 AM
Thursday: 9:00 AM – 12:00 AM
Friday: 9:00 AM – 4:00 AM
Saturday: 9:00 AM – 4:00 AM
Sunday: 9:00 AM – 12:00 AM",1,,,,,,,,,,,,,,,180,9GF6CQQ5+25
ChIJ44QxJR2VkkYRQ7ut1L3Ax-M,KFC Rocca Al Mare,"Rocca Al Mare Mall, Paldiski mnt 102, 13522 Tallinn, Estonia","Rocca Al Mare Mall, Paldiski mnt 102, Tallinn",102,Paldiski maantee,,Tallinn,Harju maakond,13522,Estonia,EE,59.426259099999996,24.6523063,https://maps.google.com/?cid=16413299288524569411&g_mp=Cilnb29nbGUubWFwcy5wbGFjZXMudjEuUGxhY2VzLlNlYXJjaE5lYXJieRACGAQgAA,https://kfc.ee/,5193 1499,+372 5193 1499,3.9,488,1,$,OPERATIONAL,fast_food_restaurant,Fast Food Restaurant,"fast_food_restaurant,coffee_shop,cafe,food_store,store,restaurant,food,point_of_interest,establishment","Monday: 10:00 AM – 9:00 PM
Tuesday: 10:00 AM – 9:00 PM
Wednesday: 10:00 AM – 9:00 PM
Thursday: 10:00 AM – 9:00 PM
Friday: 10:00 AM – 9:00 PM
Saturday: 10:00 AM – 9:00 PM
Sunday: 10:00 AM – 7:00 PM",1,,,,,,,,,,,,,,,180,9GF6CMG2+GW
ChIJV9fAIrCVkkYRIPfQlAqpS6Y,KFC Tondi,"A. H. Tammsaare tee 62, 11316 Tallinn, Estonia","Parking lot, A. H. Tammsaare tee 62, Tallinn",62,A. H. Tammsaare tee,,Tallinn,Harju maakond,11316,Estonia,EE,59.40286839999999,24.713619899999998,https://maps.google.com/?cid=11982857096460826400&g_mp=Cilnb29nbGUubWFwcy5wbGFjZXMudjEuUGxhY2VzLlNlYXJjaE5lYXJieRACGAQgAA,https://www.kfc.ee/,5323 9972,+372 5323 9972,3.8,670,2,$$,OPERATIONAL,fast_food_restaurant,Fast Food Restaurant,"fast_food_restaurant,chicken_restaurant,restaurant,food,point_of_interest,establishment","Monday: 9:00 AM – 11:00 PM
Tuesday: 9:00 AM – 11:00 PM
Wednesday: 9:00 AM – 11:00 PM
Thursday: 9:00 AM – 11:00 PM
Friday: 9:00 AM – 11:00 PM
Saturday: 9:00 AM – 11:00 PM
Sunday: 9:00 AM – 11:00 PM",1,,,,,,,,,,,,,,,180,9GF6CP37+4C
ChIJ6U8vlt3rkkYRh2jMfxURzVo,KFC Ülemiste Centre,"Suur-Sõjamäe tn 4, 11415 Tallinn, Estonia","Suur-Sõjamäe tn 4, Tallinn",4,Suur-Sõjamäe tänav,,Tallinn,Harju maakond,11415,Estonia,EE,59.422498299999994,24.7938463,https://maps.google.com/?cid=6542904617675286663&g_mp=Cilnb29nbGUubWFwcy5wbGFjZXMudjEuUGxhY2VzLlNlYXJjaE5lYXJieRACGAQgAA,https://kfc.ee/,5303 3362,+372 5303 3362,3.8,1698,2,$$,OPERATIONAL,chicken_restaurant,Chicken Restaurant,"chicken_restaurant,restaurant,food,point_of_interest,establishment","Monday: 9:00 AM – 10:00 PM
Tuesday: 9:00 AM – 10:00 PM
Wednesday: 9:00 AM – 10:00 PM
Thursday: 9:00 AM – 10:00 PM
Friday: 9:00 AM – 10:00 PM
Saturday: 9:00 AM – 10:00 PM
Sunday: 9:00 AM – 10:00 PM",1,,,,,,,,,,,,,,,180,9GF6CQCV+XG
ChIJ-V-h4WeVkkYRGP648QZJNZA,Kiisu Kohvik,"Kassi tn 4, 12618 Tallinn, Estonia","Kassi tn 4, Tallinn",4,Kassi tänav,,Tallinn,Harju maakond,12618,Estonia,EE,59.401870699999996,24.646999299999997,https://maps.google.com/?cid=10391292009401351704&g_mp=Cilnb29nbGUubWFwcy5wbGFjZXMudjEuUGxhY2VzLlNlYXJjaE5lYXJieRACGAQgAA,,,,4.6,44,1,$,OPERATIONAL,restaurant,Restaurant,"restaurant,food,point_of_interest,establishment","Monday: 8:00 AM – 3:00 PM
Tuesday: 8:00 AM – 3:00 PM
Wednesday: 8:00 AM – 3:00 PM
Thursday: 8:00 AM – 3:00 PM
Friday: 8:00 AM – 3:00 PM
Saturday: Closed
Sunday: Closed",1,,,,,,,,,,,,,,,180,9GF6CJ2W+PQ
ChIJ8dmu7cGVkkYRVQijv0ESg6E,KIN KIN Taiköök,"Katusepapi tn 4/1, 11412 Tallinn, Estonia","Katusepapi tn 4/1, Tallinn",4/1,Katusepapi tänav,,Tallinn,Harju maakond,11412,Estonia,EE,59.427563,24.7827007,https://maps.google.com/?cid=11638165935652800597&g_mp=Cilnb29nbGUubWFwcy5wbGFjZXMudjEuUGxhY2VzLlNlYXJjaE5lYXJieRACGAQgAA,,5846 6190,+372 5846 6190,5.0,29,2,$$,OPERATIONAL,thai_restaurant,Thai Restaurant,"thai_restaurant,restaurant,food,point_of_interest,establishment","Monday: 10:30 AM – 7:00 PM
Tuesday: 10:30 AM – 7:00 PM
Wednesday: 10:30 AM – 7:00 PM
Thursday: 10:30 AM – 7:00 PM
Friday: 10:30 AM – 7:00 PM
Saturday: 11:00 AM – 6:00 PM
Sunday: 12:00 – 6:00 PM",1,,,,,,,,,,,,,,,180,9GF6CQHM+23
ChIJKcxqY2GVkkYRsfKma7y--Z4,Kinoma — The Ramen,"Telliskivi tn 24, 10611 Tallinn, Estonia","Telliskivi tn 24, Tallinn",24,Telliskivi tänav,,Tallinn,Harju maakond,10611,Estonia,EE,59.435842,24.7210374,https://maps.google.com/?cid=11455396843662799537&g_mp=Cilnb29nbGUubWFwcy5wbGFjZXMudjEuUGxhY2VzLlNlYXJjaE5lYXJieRACGAQgAA,http://www.kinoma.ee/,5310 3445,+372 5310 3445,4.6,176,2,$$,OPERATIONAL,restaurant,Restaurant,"restaurant,japanese_restaurant,food,point_of_interest,establishment","Monday: Closed
Tuesday: 12:00 – 11:00 PM
Wednesday: 12:00 – 11:00 PM
Thursday: 12:00 – 11:00 PM
Friday: 12:00 – 11:00 PM
Saturday: 12:00 – 11:00 PM
Sunday: 12:00 – 11:00 PM",1,,,,,,,,,,,,,,,180,9GF6CPPC+8C
ChIJyRIOnZbskkYRnebPAZVH3iw,Kinza,"Peterburi tee 81A, 11415 Tallinn, Estonia","Peterburi tee 81A, Tallinn",81A,Peterburi tee,,Tallinn,Harju maakond,11415,Estonia,EE,59.43295769999999,24.8555304,https://maps.google.com/?cid=3233100287804696221&g_mp=Cilnb29nbGUubWFwcy5wbGFjZXMudjEuUGxhY2VzLlNlYXJjaE5lYXJieRACGAQgAA,,5565 0222,+372 5565 0222,4.3,551,2,$$,OPERATIONAL,bar_and_grill,Bar & Grill,"bar_and_grill,bar,restaurant,food,point_of_interest,establishment","Monday: 10:00 AM – 9:00 PM
Tuesday: 10:00 AM – 9:00 PM
Wednesday: 10:00 AM – 9:00 PM
Thursday: 10:00 AM – 9:00 PM
Friday: 10:00 AM – 9:00 PM
Saturday: 10:00 AM – 9:00 PM
Sunday: 10:00 AM – 9:00 PM",1,,,,,,,,,,,,,,,180,9GF6CVM4+56
ChIJDQLuW7nskkYR1RTgXuxusuw,Kitchen Rõõm,"P. Pinna tn 8, 13615 Tallinn, Estonia","P. Pinna tn 8, Tallinn",8,P. Pinna tänav,,Tallinn,Harju maakond,13615,Estonia,EE,59.436349699999994,24.8363998,https://maps.google.com/?cid=17055816700288570581&g_mp=Cilnb29nbGUubWFwcy5wbGFjZXMudjEuUGxhY2VzLlNlYXJjaE5lYXJieRACGAQgAA,http://kitchenroom.ee/,517 6793,+372 517 6793,4.4,1321,2,$$,OPERATIONAL,restaurant,Restaurant,"restaurant,food,point_of_interest,establishment","Monday: 12:00 – 10:00 PM
Tuesday: 12:00 – 10:00 PM
Wednesday: 12:00 – 10:00 PM
Thursday: 12:00 – 10:00 PM
Friday: 12:00 – 10:00 PM
Saturday: 12:00 – 10:00 PM
Sunday: 12:00 – 10:00 PM",0,,,,,,,,,,,,,,,180,9GF6CRPP+GH
ChIJodLiSQWVkkYRJdVbBi_A3eQ,KIUS,"Turu plats 4, 11614 Tallinn, Estonia","Turu plats 4, Tallinn",4,Turu plats,,Tallinn,Harju maakond,11614,Estonia,EE,59.3883255,24.683885099999998,https://maps.google.com/?cid=16491548718703301925&g_mp=Cilnb29nbGUubWFwcy5wbGFjZXMudjEuUGxhY2VzLlNlYXJjaE5lYXJieRACGAQgAA,http://www.kius.ee/,5333 3831,+372 5333 3831,4.7,1012,2,$$,OPERATIONAL,restaurant,Restaurant,"restaurant,food,point_of_interest,establishment","Monday: 9:00 AM – 10:00 PM
Tuesday: 9:00 AM – 10:00 PM
Wednesday: 9:00 AM – 10:00 PM
Thursday: 9:00 AM – 10:00 PM
Friday: 9:00 AM – 11:00 PM
Saturday: 10:00 AM – 11:00 PM
Sunday: 10:00 AM – 10:00 PM",1,,,,,,,,,,,,,,,180,9GF69MQM+8H
ChIJY59eDoKUkkYRUKer3KY9438,Kivi Paber Käärid,"Telliskivi tn 60a-7, 10412 Tallinn, Estonia","Telliskivi tn 60a-7, Tallinn",60a,Telliskivi tänav,,Tallinn,Harju maakond,10412,Estonia,EE,59.4385847,24.7281405,https://maps.google.com/?cid=9215277049406269264&g_mp=Cilnb29nbGUubWFwcy5wbGFjZXMudjEuUGxhY2VzLlNlYXJjaE5lYXJieRACGAQgAA,http://www.kivipaber.ee/,5350 1320,+372 5350 1320,4.5,2483,2,$$,OPERATIONAL,restaurant,Restaurant,"live_music_venue,event_venue,restaurant,food,point_of_interest,establishment","Monday: 12:00 – 10:00 PM
Tuesday: 12:00 – 10:00 PM
Wednesday: 12:00 – 10:00 PM
Thursday: 12:00 – 10:00 PM
Friday: 12:00 PM – 12:00 AM
Saturday: 12:00 PM – 12:00 AM
Sunday: 12:00 – 9:00 PM",1,,,,,,,,,,,,,,,180,9GF6CPQH+C7
ChIJHZmHcfGTkkYRD-P-KEa51Oc,Kleo Gastro,"Pikk tn 37-A, 10133 Tallinn, Estonia","Pikk tn 37-A, Tallinn",37,Pikk tänav,,Tallinn,Harju maakond,10133,Estonia,EE,59.4392608,24.746613,https://maps.google.com/?cid=16705180628810654479&g_mp=Cilnb29nbGUubWFwcy5wbGFjZXMudjEuUGxhY2VzLlNlYXJjaE5lYXJieRACGAQgAA,https://www.facebook.com/kleogastropub/,524 3533,+372 524 3533,4.8,271,2,$$,OPERATIONAL,restaurant,Restaurant,"restaurant,bar,food,point_of_interest,establishment","Monday: 12:00 – 10:00 PM
Tuesday: 12:00 – 10:00 PM
Wednesday: 12:00 – 10:00 PM
Thursday: 12:00 – 10:00 PM
Friday: 12:00 – 11:00 PM
Saturday: 12:00 – 11:00 PM
Sunday: 12:00 – 9:00 PM",1,,,,,,,,,,,,,,,180,9GF6CPQW+PJ
ChIJq5zeFe6VkkYR_Qu-ciUi-3s,Klorofüll,"Pärnu mnt 154, ARS Kunstilinnak, Ruum 208, 11317 Tallinn, Estonia","ARS Kunstilinnak, Pärnu mnt 154, Ruum 208, Tallinn",208,Ruum,,Tallinn,Harju maakond,11317,Estonia,EE,59.40821329999999,24.734118799999997,https://maps.google.com/?cid=8933771830053702653&g_mp=Cilnb29nbGUubWFwcy5wbGFjZXMudjEuUGxhY2VzLlNlYXJjaE5lYXJieRACGAQgAA,https://linktr.ee/Klorofull_Tallinn?utm_source=linktree_profile_share&ltsid=612e2c90-a129-4a96-abfc-52d2404b3a21,5650 7996,+372 5650 7996,4.9,188,2,$$,OPERATIONAL,restaurant,Restaurant,"restaurant,vegan_restaurant,vegetarian_restaurant,food,point_of_interest,establishment","Monday: 11:00 AM – 7:00 PM
Tuesday: 11:00 AM – 7:00 PM
Wednesday: 11:00 AM – 7:00 PM
Thursday: 11:00 AM – 7:00 PM
Friday: 11:00 AM – 7:00 PM
Saturday: 11:00 AM – 5:00 PM
Sunday: Closed",1,,,,,,,,,,,,,,,180,9GF6CP5M+7J
ChIJVXnVYl2TkkYRhCYGSgBAGn0,Kochi Aidad,"Lootsi tn 10-2, 10151 Tallinn, Estonia","Lootsi tn 10-2, Tallinn",10,Lootsi tänav,,Tallinn,Harju maakond,10151,Estonia,EE,59.44202759999999,24.765293399999997,https://maps.google.com/?cid=9014587974121563780&g_mp=Cilnb29nbGUubWFwcy5wbGFjZXMudjEuUGxhY2VzLlNlYXJjaE5lYXJieRACGAQgAA,http://www.kochiaidad.ee/,666 7308,+372 666 7308,4.5,4035,2,$$,OPERATIONAL,brewpub,Brewpub,"brewpub,pub,liquor_store,bar,restaurant,food,point_of_interest,store,establishment","Monday: 12:00 – 10:00 PM
Tuesday: 12:00 – 10:00 PM
Wednesday: 12:00 – 10:00 PM
Thursday: 12:00 – 11:00 PM
Friday: 12:00 PM – 1:00 AM
Saturday: 12:00 PM – 1:00 AM
Sunday: 12:00 – 6:00 PM",1,,,,,,,,,,,,,,,180,9GF6CQR8+R4
ChIJa3N4WbqTkkYRXDieubieubM,Kodu Coffee Roaster,"Sadama tn 4, 10111 Tallinn, Estonia","Sadama tn 4, Tallinn",4,Sadama tänav,,Tallinn,Harju maakond,10111,Estonia,EE,59.4436753,24.755789699999998,https://maps.google.com/?cid=12950556719705897052&g_mp=Cilnb29nbGUubWFwcy5wbGFjZXMudjEuUGxhY2VzLlNlYXJjaE5lYXJieRACGAQgAA,https://www.kodu.coffee/,5690 6266,+372 5690 6266,4.8,123,1,$,OPERATIONAL,coffee_shop,Coffee Shop,"brunch_restaurant,coffee_shop,coffee_roastery,pastry_shop,dessert_shop,breakfast_restaurant,cafe,confectionery,bakery,food_store,store,restaurant,food,point_of_interest,establishment","Monday: 8:00 AM – 6:00 PM
Tuesday: 8:30 AM – 6:00 PM
Wednesday: 8:30 AM – 6:00 PM
Thursday: 8:00 AM – 6:00 PM
Friday: 8:00 AM – 6:00 PM
Saturday: 8:00 AM – 6:00 PM
Sunday: 8:00 AM – 6:00 PM",1,,,,,,,,,,,,,,,180,9GF6CQV4+F8
ChIJFdzatuGTkkYRvJMhgi65-Ho,KOGU Resto,"Võrgu tn 6, 10415 Tallinn, Estonia","Võrgu tn 6, Tallinn",6,Võrgu tänav,,Tallinn,Harju maakond,10415,Estonia,EE,59.4453933,24.7478008,https://maps.google.com/?cid=8861035876254323644&g_mp=Cilnb29nbGUubWFwcy5wbGFjZXMudjEuUGxhY2VzLlNlYXJjaE5lYXJieRACGAQgAA,https://koguresto.ee/,550 1621,+372 550 1621,4.8,468,3,$$$,OPERATIONAL,restaurant,Restaurant,"restaurant,food,point_of_interest,establishment","Monday: Closed
Tuesday: 5:00 – 11:00 PM
Wednesday: 5:00 – 11:00 PM
Thursday: 5:00 – 11:00 PM
Friday: 5:00 – 11:00 PM
Saturday: 12:00 – 11:00 PM
Sunday: 12:00 – 8:00 PM",0,,,,,,,,,,,,,,,180,9GF6CPWX+54
ChIJ2Uc6xpCUkkYR81oBxbT85VU,Kohalik,"Manufaktuuri t. 4-1, 10323 Tallinn, Estonia","Manufaktuuri t. 4-1, Tallinn",4,Manufaktuuri tänav,,Tallinn,Harju maakond,10323,Estonia,EE,59.451770499999995,24.706141199999998,https://maps.google.com/?cid=6189631116220127987&g_mp=Cilnb29nbGUubWFwcy5wbGFjZXMudjEuUGxhY2VzLlNlYXJjaE5lYXJieRACGAQgAA,http://kohalik.ee/,5663 6996,+372 5663 6996,4.6,1441,2,$$,OPERATIONAL,restaurant,Restaurant,"restaurant,coffee_shop,food_store,cafe,store,food,point_of_interest,establishment","Monday: 11:30 AM – 9:00 PM
Tuesday: 11:30 AM – 9:00 PM
Wednesday: 11:30 AM – 9:00 PM
Thursday: 11:30 AM – 9:00 PM
Friday: 11:30 AM – 9:00 PM
Saturday: 11:30 AM – 9:00 PM
Sunday: 11:30 AM – 9:00 PM",1,,,,,,,,,,,,,,,180,9GF6FP24+PF
ChIJ8-8kCvWUkkYRX28uD0LiXds,"Kohvik ""Tass""","Mustamäe tee 59, 11111 Tallinn, Estonia","Mustamäe tee 59, Tallinn",59,Mustamäe tee,,Tallinn,Harju maakond,11111,Estonia,EE,59.41824659999999,24.696101799999997,https://maps.google.com/?cid=15807039040490729311&g_mp=Cilnb29nbGUubWFwcy5wbGFjZXMudjEuUGxhY2VzLlNlYXJjaE5lYXJieRACGAQgAA,,520 0312,+372 520 0312,4.3,30,,,CLOSED_TEMPORARILY,restaurant,Restaurant,"restaurant,food,point_of_interest,establishment",,,,,,,,,,,,,,,,,180,9GF6CM9W+7C
ChIJGRyoHdCVkkYRhEWas4Ca1Jo,Koidu 82 Resto,"Koidu tn 82, 10139 Tallinn, Estonia","Koidu tn 82, Tallinn",82,Koidu tänav,,Tallinn,Harju maakond,10139,Estonia,EE,59.4243509,24.7323271,https://maps.google.com/?cid=11156712054463284612&g_mp=Cilnb29nbGUubWFwcy5wbGFjZXMudjEuUGxhY2VzLlNlYXJjaE5lYXJieRACGAQgAA,https://www.facebook.com/Koidu-82-Resto-100244982739870,600 1100,+372 600 1100,4.5,310,2,$$,OPERATIONAL,restaurant,Restaurant,"restaurant,food,point_of_interest,establishment","Monday: 11:00 AM – 10:00 PM
Tuesday: 11:00 AM – 10:00 PM
Wednesday: 11:00 AM – 10:00 PM
Thursday: 11:00 AM – 10:00 PM
Friday: 11:00 AM – 10:00 PM
Saturday: 11:00 AM – 10:00 PM
Sunday: 11:00 AM – 9:00 PM",1,,,,,,,,,,,,,,,180,9GF6CPFJ+PW
ChIJb23Lm26TkkYRFxZYIVVw6ZI,Kolm Tilli Tallinn,"Viru väljak 4, 10111 Tallinn, Estonia","Viru väljak 4, Tallinn",4,Viru väljak,,Tallinn,Harju maakond,10111,Estonia,EE,59.4360084,24.754697399999998,https://maps.google.com/?cid=10586115910045013527&g_mp=Cilnb29nbGUubWFwcy5wbGFjZXMudjEuUGxhY2VzLlNlYXJjaE5lYXJieRACGAQgAA,https://sevensons.ee/kohad/kolm-tilli-tallinn/,550 1333,+372 550 1333,3.5,184,2,$$,OPERATIONAL,pizza_restaurant,Pizza Restaurant,"pizza_restaurant,restaurant,food,point_of_interest,establishment","Monday: 11:00 AM – 9:00 PM
Tuesday: 11:00 AM – 9:00 PM
Wednesday: 11:00 AM – 9:00 PM
Thursday: 11:00 AM – 9:00 PM
Friday: 11:00 AM – 10:00 PM
Saturday: 11:00 AM – 10:00 PM
Sunday: 11:00 AM – 9:00 PM",1,,,,,,,,,,,,,,,180,9GF6CQP3+CV
ChIJAfUTK2yTkkYRRa0fKK79--E,Kooker Balti Jaam,"Kopli tn 1, 10412 Tallinn, Estonia","Kopli tn 1, Tallinn",1,Kopli tänav,,Tallinn,Harju maakond,10412,Estonia,EE,59.44104420000001,24.735422399999997,https://maps.google.com/?cid=16283887802127461701&g_mp=Cilnb29nbGUubWFwcy5wbGFjZXMudjEuUGxhY2VzLlNlYXJjaE5lYXJieRACGAQgAA,https://kooker.ee/,5301 7131,+372 5301 7131,4.8,57,1,$,OPERATIONAL,restaurant,Restaurant,"cafe,restaurant,food,point_of_interest,establishment","Monday: 9:00 AM – 8:00 PM
Tuesday: 9:00 AM – 8:00 PM
Wednesday: 9:00 AM – 8:00 PM
Thursday: 9:00 AM – 8:00 PM
Friday: 9:00 AM – 8:00 PM
Saturday: 9:00 AM – 8:00 PM
Sunday: 9:00 AM – 6:00 PM",1,,,,,,,,,,,,,,,180,9GF6CPRP+C5
ChIJY7lAV7WVkkYRZy5LM1ojl58,Kooker Kadaka tee,"Kadaka tee 5, 10621 Tallinn, Estonia","Kadaka tee 5, Tallinn",5,Kadaka tee,,Tallinn,Harju maakond,10621,Estonia,EE,59.415973,24.6808867,https://maps.google.com/?cid=11499699043828444775&g_mp=Cilnb29nbGUubWFwcy5wbGFjZXMudjEuUGxhY2VzLlNlYXJjaE5lYXJieRACGAQgAA,https://kooker.ee/,5192 0709,+372 5192 0709,4.8,272,1,$,OPERATIONAL,restaurant,Restaurant,"cafe,restaurant,food,point_of_interest,establishment","Monday: 7:30 AM – 8:00 PM
Tuesday: 7:30 AM – 8:00 PM
Wednesday: 7:30 AM – 8:00 PM
Thursday: 7:30 AM – 8:00 PM
Friday: 7:30 AM – 8:00 PM
Saturday: 7:30 AM – 8:00 PM
Sunday: 7:30 AM – 8:00 PM",1,,,,,,,,,,,,,,,180,9GF6CM8J+99
ChIJi7vMzByTkkYR3rkjDWRIzeY,Kooker Kadriorg,"L. Koidula tn 21c, 10127 Tallinn, Estonia","L. Koidula tn 21c, Tallinn",21c,L. Koidula tänav,,Tallinn,Harju maakond,10127,Estonia,EE,59.4366266,24.789395199999998,https://maps.google.com/?cid=16631028593503484382&g_mp=Cilnb29nbGUubWFwcy5wbGFjZXMudjEuUGxhY2VzLlNlYXJjaE5lYXJieRACGAQgAA,https://kooker.ee/,5192 0149,+372 5192 0149,4.4,165,1,$,OPERATIONAL,restaurant,Restaurant,"coffee_shop,cafe,food_store,store,restaurant,food,point_of_interest,establishment","Monday: 7:30 AM – 8:00 PM
Tuesday: 7:30 AM – 8:00 PM
Wednesday: 7:30 AM – 8:00 PM
Thursday: 7:30 AM – 8:00 PM
Friday: 7:30 AM – 8:00 PM
Saturday: 7:30 AM – 8:00 PM
Sunday: 7:30 AM – 8:00 PM",1,,,,,,,,,,,,,,,180,9GF6CQPQ+MQ
ChIJ82k5pBqTkkYR0RPZrf93l34,Kooker Raekoja plats,"Raekoja plats 1, 10146 Tallinn, Estonia","Tallinna raekoda, Raekoja plats 1, Tallinn",1,Raekoja plats,,Tallinn,Harju maakond,10146,Estonia,EE,59.437021200000004,24.7449844,https://maps.google.com/?cid=9121891510279279569&g_mp=Cilnb29nbGUubWFwcy5wbGFjZXMudjEuUGxhY2VzLlNlYXJjaE5lYXJieRACGAQgAA,https://kooker.ee/,5197 1231,+372 5197 1231,4.8,247,1,$,OPERATIONAL,restaurant,Restaurant,"cafe,restaurant,food,point_of_interest,establishment","Monday: 11:00 AM – 8:00 PM
Tuesday: 11:00 AM – 8:00 PM
Wednesday: 11:00 AM – 8:00 PM
Thursday: 11:00 AM – 8:00 PM
Friday: 10:00 AM – 8:00 PM
Saturday: 10:00 AM – 8:00 PM
Sunday: 10:00 AM – 8:00 PM",1,,,,,,,,,,,,,,,180,9GF6CPPV+RX
ChIJIU_oIs-TkkYRYEIdJlTOSFk,Kopli Köök,"Marati tn 5, 11712 Tallinn, Estonia","Marati tn 5, Tallinn",5,Marati tänav,,Tallinn,Harju maakond,11712,Estonia,EE,59.4561498,24.6737514,https://maps.google.com/?cid=6433618928510780000&g_mp=Cilnb29nbGUubWFwcy5wbGFjZXMudjEuUGxhY2VzLlNlYXJjaE5lYXJieRACGAQgAA,https://koplikook.ee/,5688 3665,+372 5688 3665,4.7,148,2,$$,OPERATIONAL,restaurant,Restaurant,"restaurant,food,point_of_interest,establishment","Monday: 11:00 AM – 4:00 PM
Tuesday: 11:00 AM – 4:00 PM
Wednesday: 11:00 AM – 4:00 PM
Thursday: 11:00 AM – 4:00 PM
Friday: 11:00 AM – 4:00 PM
Saturday: 11:00 AM – 4:00 PM
Sunday: 11:00 AM – 4:00 PM",1,,,,,,,,,,,,,,,180,9GF6FM4F+FG
ChIJa2L-AmKTkkYRTp5E1kkDp9I,Kork brasserie,"Suur-Karja tn 5, 10140 Tallinn, Estonia","Suur-Karja tn 5, Tallinn",5,Suur-Karja tänav,,Tallinn,Harju maakond,10140,Estonia,EE,59.436176599999996,24.746373499999997,https://maps.google.com/?cid=15179104684737863246&g_mp=Cilnb29nbGUubWFwcy5wbGFjZXMudjEuUGxhY2VzLlNlYXJjaE5lYXJieRACGAQgAA,http://korkbrasserie.ee/,641 8048,+372 641 8048,4.5,356,2,$$,OPERATIONAL,french_restaurant,French Restaurant,"wine_bar,french_restaurant,european_restaurant,bar,restaurant,food,point_of_interest,establishment","Monday: 12:00 – 11:00 PM
Tuesday: 12:00 – 11:00 PM
Wednesday: 12:00 – 11:00 PM
Thursday: 12:00 – 11:00 PM
Friday: 12:00 – 11:00 PM
Saturday: 12:00 – 11:00 PM
Sunday: 12:00 – 10:00 PM",1,,,,,,,,,,,,,,,180,9GF6CPPW+FG
ChIJgZsdcmKTkkYRj64deVWPyGc,Korsaar,"Dunkri tn 5, 10123 Tallinn, Estonia","Dunkri tn 5, Tallinn",5,Dunkri tänav,,Tallinn,Harju maakond,10123,Estonia,EE,59.4368413,24.7435388,https://maps.google.com/?cid=7478384778515689103&g_mp=Cilnb29nbGUubWFwcy5wbGFjZXMudjEuUGxhY2VzLlNlYXJjaE5lYXJieRACGAQgAA,https://beerhouse.ee/korsaar/,5880 6631,+372 5880 6631,4.5,231,2,$$,OPERATIONAL,cocktail_bar,Cocktail Bar,"cocktail_bar,bar,restaurant,food,point_of_interest,establishment","Monday: Closed
Tuesday: Closed
Wednesday: Closed
Thursday: Closed
Friday: Closed
Saturday: 9:00 PM – 3:00 AM
Sunday: Closed",0,,,,,,,,,,,,,,,180,9GF6CPPV+PC
ChIJBe-wq-iTkkYRpRUEPdNlu-Q,kot.NOBLESSNER,"Peetri tn 12, 10411 Tallinn, Estonia","Peetri tn 12, Tallinn",12,Peetri tänav,,Tallinn,Harju maakond,10411,Estonia,EE,59.45245310000001,24.730823899999997,https://maps.google.com/?cid=16481879219228644773&g_mp=Cilnb29nbGUubWFwcy5wbGFjZXMudjEuUGxhY2VzLlNlYXJjaE5lYXJieRACGAQgAA,https://www.eatkot.com/,,,4.0,130,1,$,OPERATIONAL,fast_food_restaurant,Fast Food Restaurant,"fast_food_restaurant,chicken_restaurant,hamburger_restaurant,chicken_wings_restaurant,american_restaurant,restaurant,food,point_of_interest,establishment","Monday: 11:00 AM – 11:00 PM
Tuesday: 11:00 AM – 11:00 PM
Wednesday: 11:00 AM – 11:00 PM
Thursday: 11:00 AM – 11:00 PM
Friday: 11:00 AM – 11:00 PM
Saturday: 11:00 AM – 11:00 PM
Sunday: 12:00 – 9:00 PM",1,,,,,,,,,,,,,,,180,9GF6FP2J+X8
ChIJide8lQGTkkYRwARUNIiVH-o,Koyo Omakase,"Dunkri tn 8, 10123 Tallinn, Estonia","Dunkri tn 8, Tallinn",8,Dunkri tänav,,Tallinn,Harju maakond,10123,Estonia,EE,59.436933,24.743032799999998,https://maps.google.com/?cid=16870367141379179712&g_mp=Cilnb29nbGUubWFwcy5wbGFjZXMudjEuUGxhY2VzLlNlYXJjaE5lYXJieRACGAQgAA,https://koyo.theburmanhotel.com/,618 8830,+372 618 8830,4.8,45,4,$$$$,OPERATIONAL,japanese_restaurant,Japanese Restaurant,"japanese_restaurant,restaurant,food,point_of_interest,establishment","Monday: Closed
Tuesday: Closed
Wednesday: 6:00 – 8:00 PM, 8:30 – 10:30 PM
Thursday: 6:00 – 8:00 PM, 8:30 – 10:30 PM
Friday: 6:00 – 8:00 PM, 8:30 – 10:30 PM
Saturday: 6:00 – 8:00 PM, 8:30 – 10:30 PM
Sunday: Closed",0,,,,,,,,,,,,,,,180,9GF6CPPV+Q6
ChIJsyMnVV6UkkYRh0LekHY54eM,Krati Söögitoad,"Forelli tn 10, 10621 Tallinn, Estonia","Forelli tn 10, Tallinn",10,Forelli tänav,,Tallinn,Harju maakond,10621,Estonia,EE,59.419762999999996,24.6889223,https://maps.google.com/?cid=16420468897768948359&g_mp=Cilnb29nbGUubWFwcy5wbGFjZXMudjEuUGxhY2VzLlNlYXJjaE5lYXJieRACGAQgAA,,656 2949,+372 656 2949,4.2,163,1,$,OPERATIONAL,restaurant,Restaurant,"restaurant,food,point_of_interest,establishment","Monday: 11:00 AM – 3:00 PM
Tuesday: 11:00 AM – 3:00 PM
Wednesday: 11:00 AM – 3:00 PM
Thursday: 11:00 AM – 3:00 PM
Friday: 11:00 AM – 3:00 PM
Saturday: Closed
Sunday: Closed",1,,,,,,,,,,,,,,,180,9GF6CM9Q+WH
ChIJZzIr1LuVkkYR706jdeb685o,Kristiine Peetri Pizza & Pasta,"Sõpruse pst 174, 13424 Tallinn, Estonia","Sõpruse pst 174, Tallinn",174,Sõpruse puiestee,,Tallinn,Harju maakond,13424,Estonia,EE,59.4146163,24.7072669,https://maps.google.com/?cid=11165543768904650479&g_mp=Cilnb29nbGUubWFwcy5wbGFjZXMudjEuUGxhY2VzLlNlYXJjaE5lYXJieRACGAQgAA,https://peetripizza.ee/pizzeria/kristiine-sopruse-rimi,5303 5822,+372 5303 5822,4.2,28,1,$,OPERATIONAL,pizza_restaurant,Pizza Restaurant,"pizza_restaurant,salad_shop,food_store,store,restaurant,food,point_of_interest,establishment","Monday: 10:00 AM – 9:00 PM
Tuesday: 10:00 AM – 9:00 PM
Wednesday: 10:00 AM – 9:00 PM
Thursday: 10:00 AM – 9:00 PM
Friday: 10:00 AM – 9:40 PM
Saturday: 10:00 AM – 9:40 PM
Sunday: 10:00 AM – 9:00 PM",1,,,,,,,,,,,,,,,180,9GF6CP74+RW
ChIJ10BTc56UkkYRRdGBZFt1Qb8,Kukustuudio / KuKu klubi / Kinomaja kohvik-baar,"Uus tn 3, 10111 Tallinn, Estonia","Uus tn 3, Tallinn",3,Uus tänav,,Tallinn,Harju maakond,10111,Estonia,EE,59.43771709999999,24.749883,https://maps.google.com/?cid=13781425370119131461&g_mp=Cilnb29nbGUubWFwcy5wbGFjZXMudjEuUGxhY2VzLlNlYXJjaE5lYXJieRACGAQgAA,https://kukustuudio.ee/,5690 7077,+372 5690 7077,4.4,289,2,$$,OPERATIONAL,cafe,Cafe,"coffee_shop,art_gallery,cafe,night_club,food_store,store,restaurant,food,point_of_interest,establishment","Monday: 12:00 – 11:00 PM
Tuesday: 12:00 – 11:00 PM
Wednesday: 12:00 – 11:00 PM
Thursday: 12:00 – 11:00 PM
Friday: 12:00 PM – 3:00 AM
Saturday: 12:00 PM – 3:00 AM
Sunday: Closed",1,,,,,,,,,,,,,,,180,9GF6CPQX+3X
ChIJbfUzxfyTkkYR5JBARmYtbMw,Kuldne 1988 Retroköök,"Narva mnt 7d, 10117 Tallinn, Estonia","Narva mnt 7d, Tallinn",7d,Narva maantee,,Tallinn,Harju maakond,10117,Estonia,EE,59.4380158,24.7606535,https://maps.google.com/?cid=14730198398510600420&g_mp=Cilnb29nbGUubWFwcy5wbGFjZXMudjEuUGxhY2VzLlNlYXJjaE5lYXJieRACGAQgAA,http://www.kuldne88.com/,5190 0265,+372 5190 0265,4.6,60,2,$$,OPERATIONAL,eastern_european_restaurant,Eastern European Restaurant,"eastern_european_restaurant,ukrainian_restaurant,russian_restaurant,family_restaurant,european_restaurant,live_music_venue,event_venue,bar,restaurant,food,point_of_interest,establishment","Monday: Closed
Tuesday: 12:00 – 11:00 PM
Wednesday: 12:00 – 11:00 PM
Thursday: 12:00 – 11:00 PM
Friday: 12:00 PM – 1:00 AM
Saturday: 12:00 PM – 1:00 AM
Sunday: 12:00 – 11:00 PM",1,,,,,,,,,,,,,,,180,9GF6CQQ6+67
ChIJXx-8FACTkkYRzvKksLo0qLA,KUUMA Grill & Hot Pot,"Pikk tn 1, 10123 Tallinn, Estonia","Pikk tn 1, Tallinn",1,Pikk tänav,,Tallinn,Harju maakond,10123,Estonia,EE,59.437824299999996,24.74328,https://maps.google.com/?cid=12729482323194868430&g_mp=Cilnb29nbGUubWFwcy5wbGFjZXMudjEuUGxhY2VzLlNlYXJjaE5lYXJieRACGAQgAA,http://www.kuuma.ee/,5880 5888,+372 5880 5888,4.5,103,,,OPERATIONAL,asian_restaurant,Asian Restaurant,"asian_restaurant,restaurant,food,point_of_interest,establishment","Monday: Closed
Tuesday: Closed
Wednesday: 5:00 – 11:00 PM
Thursday: 5:00 – 11:00 PM
Friday: 5:00 – 11:00 PM
Saturday: 5:00 – 11:00 PM
Sunday: Closed",0,,,,,,,,,,,,,,,180,9GF6CPQV+48
ChIJWRqP5aKUkkYRh6pfhOm-Rp0,Kuusk Hernesto,"Herne tn 6, 10135 Tallinn, Estonia","Herne tn 6, Tallinn",6,Herne tänav,,Tallinn,Harju maakond,10135,Estonia,EE,59.42465559999999,24.750141,https://maps.google.com/?cid=11332955422481951367&g_mp=Cilnb29nbGUubWFwcy5wbGFjZXMudjEuUGxhY2VzLlNlYXJjaE5lYXJieRACGAQgAA,https://www.facebook.com/kohvikkuushernest/,678 0323,+372 678 0323,4.5,275,1,$,OPERATIONAL,restaurant,Restaurant,"restaurant,food,point_of_interest,establishment","Monday: 10:00 AM – 5:00 PM
Tuesday: 10:00 AM – 5:00 PM
Wednesday: 10:00 AM – 5:00 PM
Thursday: 10:00 AM – 5:00 PM
Friday: 10:00 AM – 5:00 PM
Saturday: Closed
Sunday: Closed",1,,,,,,,,,,,,,,,180,9GF6CQF2+V3
ChIJ6TVYVt6TkkYRKLKTWoHyX0A,KÜÜSLAUK - Wok & Kebab,"Sadama tn 7, 10111 Tallinn, Estonia","Parking lot, Sadama tn 7, Tallinn",7,Sadama tänav,,Tallinn,Harju maakond,10111,Estonia,EE,59.44446070000001,24.7547553,https://maps.google.com/?cid=4638692778599232040&g_mp=Cilnb29nbGUubWFwcy5wbGFjZXMudjEuUGxhY2VzLlNlYXJjaE5lYXJieRACGAQgAA,http://www.kuuslauk.eu/,5424 0020,+372 5424 0020,4.8,226,2,$$,OPERATIONAL,restaurant,Restaurant,"restaurant,food,point_of_interest,establishment","Monday: 11:30 AM – 9:00 PM
Tuesday: 11:30 AM – 9:00 PM
Wednesday: 11:30 AM – 9:00 PM
Thursday: 11:30 AM – 9:00 PM
Friday: 11:30 AM – 9:00 PM
Saturday: 11:30 AM – 9:00 PM
Sunday: 12:00 – 8:00 PM",1,,,,,,,,,,,,,,,180,9GF6CQV3+QW
ChIJ0XSfFNyTkkYRqAYPiFrjMqA,Kägu Restoran-Garden,"Pikk tn 9, 10146 Tallinn, Estonia","Pikk tn 9, Tallinn",9,Pikk tänav,,Tallinn,Harju maakond,10146,Estonia,EE,59.436222199999996,24.740672200000002,https://maps.google.com/?cid=11543538772873250472&g_mp=Cilnb29nbGUubWFwcy5wbGFjZXMudjEuUGxhY2VzLlNlYXJjaE5lYXJieRACGAQgAA,,5621 8007,+372 5621 8007,3.9,176,2,$$,OPERATIONAL,restaurant,Restaurant,"restaurant,food,point_of_interest,establishment","Monday: 9:00 AM – 10:00 PM
Tuesday: 9:00 AM – 10:00 PM
Wednesday: 11:00 AM – 10:00 PM
Thursday: 11:00 AM – 10:00 PM
Friday: 11:00 AM – 11:00 PM
Saturday: 11:00 AM – 11:00 PM
Sunday: 11:00 AM – 9:00 PM",1,,,,,,,,,,,,,,,180,9GF6CPPR+F7
ChIJYfEinlCTkkYRu9QlCHA30mM,La Cantina 2.0 by Francesco Costa,"Staapli tn 3, 10415 Tallinn, Estonia","Staapli tn 3, Tallinn",3,Staapli tänav,,Tallinn,Harju maakond,10415,Estonia,EE,59.451885999999995,24.728605800000004,https://maps.google.com/?cid=7192872509176665275&g_mp=Cilnb29nbGUubWFwcy5wbGFjZXMudjEuUGxhY2VzLlNlYXJjaE5lYXJieRACGAQgAA,http://lacantina.ee/,5380 9889,+372 5380 9889,4.7,428,2,$$,OPERATIONAL,italian_restaurant,Italian Restaurant,"italian_restaurant,european_restaurant,restaurant,food,point_of_interest,establishment","Monday: 11:00 AM – 10:00 PM
Tuesday: 11:00 AM – 10:00 PM
Wednesday: 11:00 AM – 10:00 PM
Thursday: 11:00 AM – 10:00 PM
Friday: 11:00 AM – 11:00 PM
Saturday: 11:00 AM – 11:00 PM
Sunday: 11:00 AM – 10:00 PM",1,,,,,,,,,,,,,,,180,9GF6FP2H+QC
ChIJgTK5kbeTkkYR0LRklZUTaHI,La Copa,"Telliskivi tn 62-1, 10412 Tallinn, Estonia","Telliskivi tn 62-1, Tallinn",62,Telliskivi tänav,,Tallinn,Harju maakond,10412,Estonia,EE,59.44078909999999,24.7325782,https://maps.google.com/?cid=8243860651079152848&g_mp=Cilnb29nbGUubWFwcy5wbGFjZXMudjEuUGxhY2VzLlNlYXJjaE5lYXJieRACGAQgAA,https://www.instagram.com/lacopa.tallinn?igsh=MXFnZWI5aXJzamRrdA==,5613 1454,+372 5613 1454,4.0,81,2,$$,OPERATIONAL,restaurant,Restaurant,"restaurant,food,point_of_interest,establishment","Monday: 12:00 PM – 2:00 AM
Tuesday: 12:00 PM – 2:00 AM
Wednesday: 12:00 PM – 2:00 AM
Thursday: 12:00 PM – 2:00 AM
Friday: 12:00 PM – 3:00 AM
Saturday: 12:00 PM – 3:00 AM
Sunday: 12:00 PM – 2:00 AM",1,,,,,,,,,,,,,,,180,9GF6CPRM+82
ChIJqRwW3nyTkkYRh7FBfUuS7lc,La Cucina di Orm Oja,"Vene tn 4, 10140 Tallinn, Estonia","Vene tn 4, Tallinn",4,Vene tänav,,Tallinn,Harju maakond,10140,Estonia,EE,59.43715529999999,24.7468142,https://maps.google.com/?cid=6336162578678526343&g_mp=Cilnb29nbGUubWFwcy5wbGFjZXMudjEuUGxhY2VzLlNlYXJjaE5lYXJieRACGAQgAA,http://www.lacucinadiorm.ee/,524 4119,+372 524 4119,4.3,276,4,$$$$,OPERATIONAL,restaurant,Restaurant,"restaurant,food,point_of_interest,establishment","Monday: 5:00 PM – 12:00 AM
Tuesday: 5:00 PM – 12:00 AM
Wednesday: 5:00 PM – 12:00 AM
Thursday: 5:00 PM – 12:00 AM
Friday: 5:00 PM – 12:00 AM
Saturday: 3:00 PM – 12:00 AM
Sunday: Closed",0,,,,,,,,,,,,,,,180,9GF6CPPW+VP
ChIJs2xXp3CVkkYR_E_PMdt6EnA,La Cucina Restaurant and Pizzeria Napoletana,"Endla tn 23, 10122 Tallinn, Estonia","Endla tn 23, Tallinn",23,Endla tänav,,Tallinn,Harju maakond,10122,Estonia,EE,59.4288825,24.732542,https://maps.google.com/?cid=8075652163680817148&g_mp=Cilnb29nbGUubWFwcy5wbGFjZXMudjEuUGxhY2VzLlNlYXJjaE5lYXJieRACGAQgAA,https://www.lacucina.ee/,666 4817,+372 666 4817,4.3,374,2,$$,OPERATIONAL,italian_restaurant,Italian Restaurant,"italian_restaurant,meal_takeaway,pizza_restaurant,european_restaurant,restaurant,food,point_of_interest,establishment","Monday: 11:30 AM – 10:00 PM
Tuesday: 11:30 AM – 10:00 PM
Wednesday: 11:30 AM – 10:00 PM
Thursday: 11:30 AM – 10:00 PM
Friday: 11:30 AM – 11:00 PM
Saturday: 3:00 – 11:00 PM
Sunday: 3:00 – 10:00 PM",1,,,,,,,,,,,,,,,180,9GF6CPHM+H2
ChIJXbbNm7aTkkYRhiLvd53RUFg,La Pineta Restoran,"Kalaranna tn 8-10, 10415 Tallinn, Estonia","Kalaranna tn 8-10, Tallinn",8,Kalaranna tänav,,Tallinn,Harju maakond,10415,Estonia,EE,59.4473677,24.7477229,https://maps.google.com/?cid=6363816747726742150&g_mp=Cilnb29nbGUubWFwcy5wbGFjZXMudjEuUGxhY2VzLlNlYXJjaE5lYXJieRACGAQgAA,https://lapineta.ee/,5300 4550,+372 5300 4550,4.7,271,3,$$$,OPERATIONAL,italian_restaurant,Italian Restaurant,"italian_restaurant,european_restaurant,restaurant,food,point_of_interest,establishment","Monday: 12:00 – 10:00 PM
Tuesday: 12:00 – 10:00 PM
Wednesday: 12:00 – 10:00 PM
Thursday: 12:00 – 10:00 PM
Friday: 12:00 – 11:00 PM
Saturday: 11:00 AM – 11:00 PM
Sunday: 11:00 AM – 9:00 PM",1,,,,,,,,,,,,,,,180,9GF6CPWX+W3
ChIJD3OksJSTkkYRMDLtJc26Byo,La Pizzeria di Orm Oja,"Vene tn 1, 10123 Tallinn, Estonia","Vene tn 1, Tallinn",1,Vene tänav,,Tallinn,Harju maakond,10123,Estonia,EE,59.4369557,24.7463375,https://maps.google.com/?cid=3028594664697311792&g_mp=Cilnb29nbGUubWFwcy5wbGFjZXMudjEuUGxhY2VzLlNlYXJjaE5lYXJieRACGAQgAA,https://instagram.com/lapizzeriadiormoja?igshid=YmMyMTA2M2Y=,5191 1124,+372 5191 1124,4.5,346,2,$$,OPERATIONAL,pizza_restaurant,Pizza Restaurant,"pizza_restaurant,restaurant,food,point_of_interest,establishment","Monday: 12:00 – 11:00 PM
Tuesday: 12:00 – 11:00 PM
Wednesday: 12:00 – 11:00 PM
Thursday: 12:00 – 11:00 PM
Friday: 12:00 – 11:00 PM
Saturday: 12:00 – 11:00 PM
Sunday: 12:00 – 6:00 PM",1,,,,,,,,,,,,,,,180,9GF6CPPW+QG
ChIJn3d514iTkkYR3gZnxDAG_Z8,La Prima Gonsiori,"Gonsiori tn 31, 10147 Tallinn, Estonia","Gonsiori tn 31, Tallinn",31,Gonsiori tänav,,Tallinn,Harju maakond,10147,Estonia,EE,59.433782099999995,24.7738732,https://maps.google.com/?cid=11528377427661620958&g_mp=Cilnb29nbGUubWFwcy5wbGFjZXMudjEuUGxhY2VzLlNlYXJjaE5lYXJieRACGAQgAA,,5386 4615,+372 5386 4615,4.5,910,2,$$,OPERATIONAL,pizza_restaurant,Pizza Restaurant,"pizza_restaurant,meal_takeaway,restaurant,food,point_of_interest,establishment","Monday: 12:00 – 11:00 PM
Tuesday: 12:00 – 11:00 PM
Wednesday: 12:00 – 11:00 PM
Thursday: 12:00 – 11:00 PM
Friday: 12:00 – 11:00 PM
Saturday: 12:00 – 11:00 PM
Sunday: 12:00 – 11:00 PM",1,,,,,,,,,,,,,,,180,9GF6CQMF+GG
ChIJYfJlq1uVkkYRNB7XNH0Wv0E,La Prima Vanalinn,"Müürivahe 2, 10130 Tallinn, Estonia","Müürivahe 2, Tallinn",2,Müürivahe,,Tallinn,Harju maakond,10130,Estonia,EE,59.43468669999999,24.7437919,https://maps.google.com/?cid=4737530060030287412&g_mp=Cilnb29nbGUubWFwcy5wbGFjZXMudjEuUGxhY2VzLlNlYXJjaE5lYXJieRACGAQgAA,https://laprima.restaurant/vanalinn,5631 3363,+372 5631 3363,4.6,1739,2,$$,OPERATIONAL,restaurant,Restaurant,"restaurant,winery,pizza_restaurant,farm,food,manufacturer,service,point_of_interest,establishment","Monday: 8:00 AM – 11:00 PM
Tuesday: 8:00 AM – 11:00 PM
Wednesday: 8:00 AM – 11:00 PM
Thursday: 8:00 AM – 11:00 PM
Friday: 8:00 AM – 1:00 AM
Saturday: 8:00 AM – 1:00 AM
Sunday: 8:00 AM – 10:00 PM",1,,,,,,,,,,,,,,,180,9GF6CPMV+VG
ChIJ67xX-02TkkYRrzkcN27m5WA,LaBocca - Itaalia restoran Tallinnas,"Ahtri tn 6, 10151 Tallinn, Estonia","Ahtri tn 6, Tallinn",6,Ahtri tänav,,Tallinn,Harju maakond,10151,Estonia,EE,59.4397498,24.7585613,https://maps.google.com/?cid=6982240158353209775&g_mp=Cilnb29nbGUubWFwcy5wbGFjZXMudjEuUGxhY2VzLlNlYXJjaE5lYXJieRACGAQgAA,https://labocca.ee/,5460 0015,+372 5460 0015,4.2,1029,2,$$,OPERATIONAL,italian_restaurant,Italian Restaurant,"italian_restaurant,pizza_restaurant,european_restaurant,restaurant,food,point_of_interest,establishment","Monday: 11:00 AM – 11:00 PM
Tuesday: 11:00 AM – 11:00 PM
Wednesday: 11:00 AM – 11:00 PM
Thursday: 11:00 AM – 11:00 PM
Friday: 11:00 AM – 12:00 AM
Saturday: 11:00 AM – 12:00 AM
Sunday: 11:00 AM – 11:00 PM",1,,,,,,,,,,,,,,,180,9GF6CQQ5+VC
ChIJezUa_SCTkkYROU-gk2PQgxM,LaBocca Telliskivi,"Telliskivi tn 60/2 Building I4, 10412 Tallinn, Estonia","Telliskivi tn 60/2 Building I4, Tallinn",,,,Tallinn,Harju maakond,10412,Estonia,EE,59.4402006,24.7324442,https://maps.google.com/?cid=1406196634766823225&g_mp=Cilnb29nbGUubWFwcy5wbGFjZXMudjEuUGxhY2VzLlNlYXJjaE5lYXJieRACGAQgAA,https://labocca.ee/en/,5882 5200,+372 5882 5200,4.2,60,2,$$,OPERATIONAL,italian_restaurant,Italian Restaurant,"italian_restaurant,european_restaurant,restaurant,food,point_of_interest,establishment","Monday: 11:00 AM – 11:00 PM
Tuesday: 11:00 AM – 11:00 PM
Wednesday: 11:00 AM – 11:00 PM
Thursday: 11:00 AM – 11:00 PM
Friday: 11:00 AM – 12:00 AM
Saturday: 11:00 AM – 12:00 AM
Sunday: 11:00 AM – 11:00 PM",1,,,,,,,,,,,,,,,180,9GF6CPRJ+3X
ChIJk8hK5yuTkkYRO0X33pQvehA,Lahe kohvik,"Purje tn 8, 11911 Tallinn, Estonia","Purje tn 8, Tallinn",8,Purje tänav,,Tallinn,Harju maakond,11911,Estonia,EE,59.465441999999996,24.826138999999998,https://maps.google.com/?cid=1187313768207959355&g_mp=Cilnb29nbGUubWFwcy5wbGFjZXMudjEuUGxhY2VzLlNlYXJjaE5lYXJieRACGAQgAA,https://lahekohvik.ee/,639 8014,+372 639 8014,4.7,70,,,CLOSED_TEMPORARILY,catering_service,Caterer,"catering_service,food_delivery,home_goods_store,restaurant,food,point_of_interest,store,service,establishment",,,,,,,,,,,,,,,,,180,9GF6FR8G+5F
ChIJxehxV2KTkkYRusNyR1M3nqI,"Laif Karaoke Club & Restoran ""Monroe""","Lai 5, 10133 Tallinn, Estonia","Lai 5, Tallinn",5,Lai,,Tallinn,Harju maakond,10133,Estonia,EE,59.438587999999996,24.743968799999998,https://maps.google.com/?cid=11717864111285126074&g_mp=Cilnb29nbGUubWFwcy5wbGFjZXMudjEuUGxhY2VzLlNlYXJjaE5lYXJieRACGAQgAA,,5341 1541,+372 5341 1541,3.8,310,2,$$,OPERATIONAL,restaurant,Restaurant,"restaurant,catering_service,food_delivery,night_club,bar,food,service,point_of_interest,establishment","Monday: Closed
Tuesday: 12:00 – 9:00 PM
Wednesday: 12:00 – 9:00 PM
Thursday: 12:00 – 11:00 PM
Friday: 12:00 PM – 5:00 AM
Saturday: 12:00 PM – 5:00 AM
Sunday: 9:00 AM – 9:00 PM",1,,,,,,,,,,,,,,,180,9GF6CPQV+CH
ChIJy3NWAu6VkkYRbeXq4UjJKwU,Laims Cafe,"Liivalaia tn 32, 10118 Tallinn, Estonia","Liivalaia tn 32, Tallinn",32,Liivalaia tänav,,Tallinn,Harju maakond,10118,Estonia,EE,59.42903459999999,24.755703699999998,https://maps.google.com/?cid=372612709053293933&g_mp=Cilnb29nbGUubWFwcy5wbGFjZXMudjEuUGxhY2VzLlNlYXJjaE5lYXJieRACGAQgAA,https://www.instagram.com/laims.cafe.tallin/,5462 4954,+372 5462 4954,4.6,201,2,$$,OPERATIONAL,indian_restaurant,Indian Restaurant,"indian_restaurant,restaurant,food,point_of_interest,establishment","Monday: 12:00 – 11:30 PM
Tuesday: 12:00 – 11:30 PM
Wednesday: 12:00 – 11:30 PM
Thursday: 12:00 – 11:30 PM
Friday: 12:00 – 11:30 PM
Saturday: 12:00 – 11:30 PM
Sunday: 12:00 – 11:30 PM",1,,,,,,,,,,,,,,,180,9GF6CQH4+J7
ChIJRSOhPgCVkkYR1dLUDnc9rTo,LaMemme Pizza&Pasta,"Ehitajate tee 114a, 13517 Tallinn, Estonia","Ehitajate tee 114a, Tallinn",114a,Ehitajate tee,,Tallinn,Harju maakond,13517,Estonia,EE,59.414148,24.6604527,https://maps.google.com/?cid=4228103206729994965&g_mp=Cilnb29nbGUubWFwcy5wbGFjZXMudjEuUGxhY2VzLlNlYXJjaE5lYXJieRACGAQgAA,https://lamemme.eu/,,,4.3,162,2,$$,OPERATIONAL,italian_restaurant,Italian Restaurant,"italian_restaurant,european_restaurant,restaurant,food,point_of_interest,establishment","Monday: 11:30 AM – 10:00 PM
Tuesday: 11:30 AM – 10:00 PM
Wednesday: 11:30 AM – 10:00 PM
Thursday: 11:30 AM – 10:00 PM
Friday: 11:30 AM – 10:00 PM
Saturday: 11:30 AM – 10:00 PM
Sunday: 11:30 AM – 10:00 PM",1,,,,,,,,,,,,,,,180,9GF6CM76+M5
ChIJgZamh2aTkkYRDijBseyFFcs,Lautanen Grill-Baar,"Sadama 6, Kai tn 5, 10111 Tallinn, Estonia","Sadama 6, Kai tn 5, Tallinn",5,Kai tänav,,Tallinn,Harju maakond,10111,Estonia,EE,59.443232099999996,24.755401900000003,https://maps.google.com/?cid=14633749815851296782&g_mp=Cilnb29nbGUubWFwcy5wbGFjZXMudjEuUGxhY2VzLlNlYXJjaE5lYXJieRACGAQgAA,,5906 8800,+372 5906 8800,3.1,103,,,CLOSED_TEMPORARILY,restaurant,Restaurant,"restaurant,bar,food,point_of_interest,establishment",,,,,,,,,,,,,,,,,180,9GF6CQV4+75
ChIJr9It24jtkkYRLiMaEoZ5-5s,LAVAZ,"Pae tn 68, 13620 Tallinn, Estonia","Pae tn 68, Tallinn",68,Pae tänav,,Tallinn,Harju maakond,13620,Estonia,EE,59.43550189999999,24.820800300000002,https://maps.google.com/?cid=11239710911769486126&g_mp=Cilnb29nbGUubWFwcy5wbGFjZXMudjEuUGxhY2VzLlNlYXJjaE5lYXJieRACGAQgAA,https://lavaz.ee/ru/menu,5191 6464,+372 5191 6464,4.3,164,1,$,OPERATIONAL,fast_food_restaurant,Fast Food Restaurant,"fast_food_restaurant,restaurant,food,point_of_interest,establishment","Monday: 12:00 – 10:00 PM
Tuesday: 12:00 – 10:00 PM
Wednesday: 12:00 – 10:00 PM
Thursday: 12:00 – 10:00 PM
Friday: 12:00 – 10:00 PM
Saturday: 12:00 – 10:00 PM
Sunday: 12:00 – 10:00 PM",0,,,,,,,,,,,,,,,180,9GF6CRPC+68
ChIJeUZdJrTrkkYRC42Y0fv5PDA,Le Lac Restoran,"Lennujaama tee 2, 11101 Tallinn, Estonia","Hotell Ülemiste, Lennujaama tee 2, Tallinn",2,Lennujaama tee,,Tallinn,Harju maakond,11101,Estonia,EE,59.419632500000006,24.793935299999998,https://maps.google.com/?cid=3475927872371723531&g_mp=Cilnb29nbGUubWFwcy5wbGFjZXMudjEuUGxhY2VzLlNlYXJjaE5lYXJieRACGAQgAA,https://lelac.ee/,698 9616,+372 698 9616,4.8,146,2,$$,OPERATIONAL,restaurant,Restaurant,"restaurant,food,point_of_interest,establishment","Monday: 12:00 – 10:00 PM
Tuesday: 12:00 – 10:00 PM
Wednesday: 12:00 – 10:00 PM
Thursday: 12:00 – 10:00 PM
Friday: 12:00 – 10:00 PM
Saturday: 12:00 – 10:00 PM
Sunday: 12:00 – 10:00 PM",0,,,,,,,,,,,,,,,180,9GF6CQ9V+VH
ChIJR7Jb9mOTkkYR0Ut5oBBCS-4,Lee Brasserie,"Uus tn 31, 10111 Tallinn, Estonia","Uus tn 31, Tallinn",31,Uus tänav,,Tallinn,Harju maakond,10111,Estonia,EE,59.4411808,24.7492944,https://maps.google.com/?cid=17170890643459361745&g_mp=Cilnb29nbGUubWFwcy5wbGFjZXMudjEuUGxhY2VzLlNlYXJjaE5lYXJieRACGAQgAA,https://leebrasserie.ee/,5304 3562,+372 5304 3562,4.6,1476,4,$$$$,OPERATIONAL,french_restaurant,French Restaurant,"french_restaurant,european_restaurant,restaurant,food,point_of_interest,establishment","Monday: Closed
Tuesday: 6:00 – 11:00 PM
Wednesday: 6:00 – 11:00 PM
Thursday: 6:00 – 11:00 PM
Friday: 6:00 – 11:00 PM
Saturday: 6:00 – 11:00 PM
Sunday: Closed",0,,,,,,,,,,,,,,,180,9GF6CPRX+FP
ChIJfelVD4KUkkYRk8pPlw3-TOY,Lendav Taldrik,"Telliskivi tn 60a-6, 10412 Tallinn, Estonia","Telliskivi tn 60a-6, Tallinn",60a,Telliskivi tänav,,Tallinn,Harju maakond,10412,Estonia,EE,59.43891490000001,24.7279414,https://maps.google.com/?cid=16594918061280053907&g_mp=Cilnb29nbGUubWFwcy5wbGFjZXMudjEuUGxhY2VzLlNlYXJjaE5lYXJieRACGAQgAA,https://lendavtaldrik.com/,621 4222,+372 621 4222,4.4,2066,2,$$,OPERATIONAL,asian_restaurant,Asian Restaurant,"asian_restaurant,restaurant,food,point_of_interest,establishment","Monday: 12:00 – 10:00 PM
Tuesday: 12:00 – 10:00 PM
Wednesday: 12:00 – 10:00 PM
Thursday: 12:00 – 10:00 PM
Friday: 12:00 – 11:00 PM
Saturday: 12:00 – 11:00 PM
Sunday: 12:00 – 10:00 PM",1,,,,,,,,,,,,,,,180,9GF6CPQH+H5
ChIJ8UWxFtmVkkYR3vRhnf_5phU,Lezzet Döner&Shaurma,"Õismäe tee 46c, 13512 Tallinn, Estonia","Õismäe tee 46c, Tallinn",46c,Õismäe tee,,Tallinn,Harju maakond,13512,Estonia,EE,59.4112945,24.6469102,https://maps.google.com/?cid=1560209197182874846&g_mp=Cilnb29nbGUubWFwcy5wbGFjZXMudjEuUGxhY2VzLlNlYXJjaE5lYXJieRACGAQgAA,,5851 5426,+372 5851 5426,4.2,110,1,$,OPERATIONAL,turkish_restaurant,Turkish Restaurant,"halal_restaurant,turkish_restaurant,restaurant,food,point_of_interest,establishment","Monday: 11:15 AM – 10:00 PM
Tuesday: 11:15 AM – 10:00 PM
Wednesday: 11:15 AM – 10:00 PM
Thursday: 11:15 AM – 10:00 PM
Friday: 11:15 AM – 10:30 PM
Saturday: 11:15 AM – 10:30 PM
Sunday: 11:15 AM – 9:30 PM",1,,,,,,,,,,,,,,,180,9GF6CJ6W+GQ
ChIJ4dCutPmUkkYRLo9c4d7kIEg,LIDO Mustamäe OÜ,"A. H. Tammsaare tee 104a, 12918 Tallinn, Estonia","A. H. Tammsaare tee 104a, Tallinn",104a,A. H. Tammsaare tee,,Tallinn,Harju maakond,12918,Estonia,EE,59.4086825,24.6878869,https://maps.google.com/?cid=5197405615900364590&g_mp=Cilnb29nbGUubWFwcy5wbGFjZXMudjEuUGxhY2VzLlNlYXJjaE5lYXJieRACGAQgAA,http://www.lido.ee/,660 9933,+372 660 9933,4.3,1418,2,$$,CLOSED_TEMPORARILY,restaurant,Restaurant,"restaurant,food,point_of_interest,establishment",,,,,,,,,,,,,,,,,180,9GF6CM5Q+F5
ChIJMXhyKACTkkYRTsbGR6sF98E,Lido Rotermanni,"Rotermanni tn 3, 10151 Tallinn, Estonia","Rotermanni tn 3, Tallinn",3,Rotermanni tänav,,Tallinn,Harju maakond,10151,Estonia,EE,59.438419,24.7559984,https://maps.google.com/?cid=13976646201769379406&g_mp=Cilnb29nbGUubWFwcy5wbGFjZXMudjEuUGxhY2VzLlNlYXJjaE5lYXJieRACGAQgAA,https://lido.ee/,5300 7167,+372 5300 7167,4.3,184,2,$$,OPERATIONAL,restaurant,Restaurant,"restaurant,food,point_of_interest,establishment","Monday: 11:00 AM – 9:00 PM
Tuesday: 11:00 AM – 9:00 PM
Wednesday: 11:00 AM – 9:00 PM
Thursday: 11:00 AM – 9:00 PM
Friday: 11:00 AM – 9:00 PM
Saturday: 11:00 AM – 9:00 PM
Sunday: 11:00 AM – 9:00 PM",1,,,,,,,,,,,,,,,180,9GF6CQQ4+99
ChIJCWLGYlTrkkYRdAVkgWLzipE,Lido Ülemiste,"Suur-Sõjamäe tn 4, 11415 Tallinn, Estonia","Suur-Sõjamäe tn 4, Tallinn",4,Suur-Sõjamäe tänav,,Tallinn,Harju maakond,11415,Estonia,EE,59.42101279999999,24.7933864,https://maps.google.com/?cid=10487462286688781684&g_mp=Cilnb29nbGUubWFwcy5wbGFjZXMudjEuUGxhY2VzLlNlYXJjaE5lYXJieRACGAQgAA,http://www.lido.ee/,5554 9071,+372 5554 9071,4.4,3779,2,$$,OPERATIONAL,buffet_restaurant,Buffet Restaurant,"buffet_restaurant,cafe,restaurant,food,point_of_interest,establishment","Monday: 10:00 AM – 9:00 PM
Tuesday: 10:00 AM – 9:00 PM
Wednesday: 10:00 AM – 9:00 PM
Thursday: 10:00 AM – 9:00 PM
Friday: 10:00 AM – 9:00 PM
Saturday: 10:00 AM – 9:00 PM
Sunday: 11:00 AM – 8:00 PM",1,,,,,,,,,,,,,,,180,9GF6CQCV+C9
ChIJr0w-kz2VkkYRTaFmpoxY6lw,Lille Pagariäri,"Tehnika tn 35, 10149 Tallinn, Estonia","Tehnika tn 35, Tallinn",35,Tehnika tänav,,Tallinn,Harju maakond,10149,Estonia,EE,59.433805,24.7241116,https://maps.google.com/?cid=6695261157150073165&g_mp=Cilnb29nbGUubWFwcy5wbGFjZXMudjEuUGxhY2VzLlNlYXJjaE5lYXJieRACGAQgAA,http://lillepagar.ee/,5301 1946,+372 5301 1946,4.7,28,1,$,OPERATIONAL,bakery,Bakery,"bakery,breakfast_restaurant,food_store,store,restaurant,food,point_of_interest,establishment","Monday: Closed
Tuesday: 8:00 AM – 4:00 PM
Wednesday: 8:00 AM – 4:00 PM
Thursday: 8:00 AM – 4:00 PM
Friday: 8:00 AM – 4:00 PM
Saturday: 9:00 AM – 3:00 PM
Sunday: 9:00 AM – 3:00 PM",1,,,,,,,,,,,,,,,180,9GF6CPMF+GJ
ChIJWR2RnJ6UkkYRra2U4PG7GMc,LillGreen,"Roosikrantsi tn 2, 10119 Tallinn, Estonia","Roosikrantsi tn 2, Tallinn",2,Roosikrantsi tänav,,Tallinn,Harju maakond,10119,Estonia,EE,59.4323584,24.7430004,https://maps.google.com/?cid=14346423260518067629&g_mp=Cilnb29nbGUubWFwcy5wbGFjZXMudjEuUGxhY2VzLlNlYXJjaE5lYXJieRACGAQgAA,,611 0556,+372 611 0556,4.7,64,2,$$,OPERATIONAL,restaurant,Restaurant,"restaurant,food,point_of_interest,establishment","Monday: 8:00 AM – 4:00 PM
Tuesday: 8:00 AM – 4:00 PM
Wednesday: 8:00 AM – 4:00 PM
Thursday: 8:00 AM – 4:00 PM
Friday: 8:00 AM – 4:00 PM
Saturday: Closed
Sunday: Closed",1,,,,,,,,,,,,,,,180,9GF6CPJV+W6
ChIJwSZmCcmVkkYRMn2xsgZaR1g,LIT Magistrali,"Sõpruse pst 201/203, 13419 Tallinn, Estonia","Parking lot, Sõpruse pst 201/203, Tallinn",201/203,Sõpruse puiestee,,Tallinn,Harju maakond,13419,Estonia,EE,59.4012022,24.697261400000002,https://maps.google.com/?cid=6361151983498394930&g_mp=Cilnb29nbGUubWFwcy5wbGFjZXMudjEuUGxhY2VzLlNlYXJjaE5lYXJieRACGAQgAA,http://www.litwagon.ee/,755 5004,+372 755 5004,3.7,98,1,$,OPERATIONAL,meal_takeaway,Takeout Restaurant,"meal_takeaway,restaurant,food,point_of_interest,establishment","Monday: 12:00 – 10:00 PM
Tuesday: 12:00 – 10:00 PM
Wednesday: 12:00 – 10:00 PM
Thursday: 12:00 – 10:00 PM
Friday: 12:00 PM – 1:00 AM
Saturday: 12:00 PM – 1:00 AM
Sunday: 12:00 – 10:00 PM",0,,,,,,,,,,,,,,,180,9GF6CM2W+FW
ChIJZ4roV8iTkkYRUeu4daXQ3gU,LIT Reidi tee,"Pirita tee 1, 10127 Tallinn, Estonia","Pirita tee 1, Tallinn",1,Pirita tee,,Tallinn,Harju maakond,10127,Estonia,EE,59.4450701,24.7971851,https://maps.google.com/?cid=423004824082639697&g_mp=Cilnb29nbGUubWFwcy5wbGFjZXMudjEuUGxhY2VzLlNlYXJjaE5lYXJieRACGAQgAA,http://www.litwagon.ee/,755 5009,+372 755 5009,4.1,73,1,$,OPERATIONAL,fast_food_restaurant,Fast Food Restaurant,"fast_food_restaurant,restaurant,food,point_of_interest,establishment","Monday: 12:00 – 10:00 PM
Tuesday: 12:00 – 10:00 PM
Wednesday: 12:00 – 10:00 PM
Thursday: 12:00 – 10:00 PM
Friday: 12:00 – 11:00 PM
Saturday: 12:00 – 11:00 PM
Sunday: 12:00 – 10:00 PM",0,,,,,,,,,,,,,,,180,9GF6CQWW+2V
ChIJ5awqC5iTkkYRLgpDd8zJpeE,LITERAAT | Telliskivi Rahva Raamat,"Telliskivi tn 60-2 I-Hoone, 10412 Tallinn, Estonia","Telliskivi tn 60-2 I-Hoone, Tallinn",60,Telliskivi tänav,,Tallinn,Harju maakond,10412,Estonia,EE,59.439866300000006,24.7336022,https://maps.google.com/?cid=16259623909702437422&g_mp=Cilnb29nbGUubWFwcy5wbGFjZXMudjEuUGxhY2VzLlNlYXJjaE5lYXJieRACGAQgAA,https://literaat.ee/resto/,615 0544,+372 615 0544,4.5,1001,2,$$,OPERATIONAL,restaurant,Restaurant,"restaurant,breakfast_restaurant,book_store,meal_takeaway,food,point_of_interest,store,establishment","Monday: 9:00 AM – 10:00 PM
Tuesday: 9:00 AM – 10:00 PM
Wednesday: 9:00 AM – 10:00 PM
Thursday: 9:00 AM – 10:00 PM
Friday: 9:00 AM – 11:00 PM
Saturday: 11:00 AM – 10:00 PM
Sunday: Closed",1,,,,,,,,,,,,,,,180,9GF6CPQM+WC
ChIJhaA6tH6TkkYRmSDntsRWWDU,Little India,"Merivälja tee 24, 11911 Tallinn, Estonia","Merivälja tee 24, Tallinn",24,Merivälja tee,,Tallinn,Harju maakond,11911,Estonia,EE,59.468606699999995,24.8348506,https://maps.google.com/?cid=3843917684842897561&g_mp=Cilnb29nbGUubWFwcy5wbGFjZXMudjEuUGxhY2VzLlNlYXJjaE5lYXJieRACGAQgAA,http://www.littleindia.ee/,671 5709,+372 671 5709,4.0,99,,,OPERATIONAL,indian_restaurant,Indian Restaurant,"indian_restaurant,restaurant,food,point_of_interest,establishment","Monday: 11:00 AM – 9:30 PM
Tuesday: 11:00 AM – 9:30 PM
Wednesday: 11:00 AM – 9:30 PM
Thursday: 11:00 AM – 9:30 PM
Friday: 11:00 AM – 9:30 PM
Saturday: 11:00 AM – 9:30 PM
Sunday: Closed",1,,,,,,,,,,,,,,,180,9GF6FR9M+CW
ChIJG0FstPmUkkYRMwKHnisw9eQ,Little India In Mustamäe Center,"A. H. Tammsaare tee 104a, 12918 Tallinn, Estonia","A. H. Tammsaare tee 104a, Tallinn",104a,A. H. Tammsaare tee,,Tallinn,Harju maakond,12918,Estonia,EE,59.4084766,24.6881101,https://maps.google.com/?cid=16498145773843055155&g_mp=Cilnb29nbGUubWFwcy5wbGFjZXMudjEuUGxhY2VzLlNlYXJjaE5lYXJieRACGAQgAA,http://www.littleindia.ee/,602 3346,+372 602 3346,3.8,246,2,$$,OPERATIONAL,indian_restaurant,Indian Restaurant,"indian_restaurant,restaurant,food,point_of_interest,establishment","Monday: 10:00 AM – 9:00 PM
Tuesday: 10:00 AM – 9:00 PM
Wednesday: 10:00 AM – 9:00 PM
Thursday: 10:00 AM – 9:00 PM
Friday: 10:00 AM – 9:00 PM
Saturday: 10:00 AM – 9:00 PM
Sunday: 10:00 AM – 9:00 PM",1,,,,,,,,,,,,,,,180,9GF6CM5Q+96
ChIJM44fUlmTkkYRcDrqS6Xyeu8,Little Japan Sushi Bar,"Lootsi tn 3a, 10151 Tallinn, Estonia","Lootsi tn 3a, Tallinn",3a,Lootsi tänav,,Tallinn,Harju maakond,10151,Estonia,EE,59.441005499999996,24.7643128,https://maps.google.com/?cid=17256371713980643952&g_mp=Cilnb29nbGUubWFwcy5wbGFjZXMudjEuUGxhY2VzLlNlYXJjaE5lYXJieRACGAQgAA,http://littlejapan.ee/,5637 7611,+372 5637 7611,4.7,599,2,$$,OPERATIONAL,sushi_restaurant,Sushi Restaurant,"sushi_restaurant,meal_delivery,food_delivery,japanese_restaurant,restaurant,food,point_of_interest,establishment","Monday: 12:00 – 10:00 PM
Tuesday: 12:00 – 10:00 PM
Wednesday: 12:00 – 10:00 PM
Thursday: 12:00 – 10:00 PM
Friday: 12:00 – 10:00 PM
Saturday: 12:00 – 10:00 PM
Sunday: 12:00 – 10:00 PM",1,,,,,,,,,,,,,,,180,9GF6CQR7+CP
ChIJBb_QBr_rkkYR_W2PNUlE_1M,Little Thai Kitchen in Estonia,"Kopli tee 36, Peetri, 75312 Harju maakond, Estonia","Kopli tee 36, Peetri",36,Kopli tee,,Peetri,Harju maakond,75312,Estonia,EE,59.39742549999999,24.797578100000003,https://maps.google.com/?cid=6052631505431129597&g_mp=Cilnb29nbGUubWFwcy5wbGFjZXMudjEuUGxhY2VzLlNlYXJjaE5lYXJieRACGAQgAA,,,,4.9,31,1,$,CLOSED_TEMPORARILY,thai_restaurant,Thai Restaurant,"thai_restaurant,restaurant,food,point_of_interest,establishment",,,,,,,,,,,,,,,,,180,9GF69QWX+X2
ChIJHaZMX56UkkYRpbbqfypMigY,Loca Food,"Aia tn 7, 10111 Tallinn, Estonia","Aia tn 7, Tallinn",7,Aia tänav,,Tallinn,Harju maakond,10111,Estonia,EE,59.43826079999999,24.7508022,https://maps.google.com/?cid=471272856432064165&g_mp=Cilnb29nbGUubWFwcy5wbGFjZXMudjEuUGxhY2VzLlNlYXJjaE5lYXJieRACGAQgAA,http://www.loca.ee/,5551 5235,+372 5551 5235,3.9,899,2,$$,OPERATIONAL,fast_food_restaurant,Fast Food Restaurant,"fast_food_restaurant,vegetarian_restaurant,pizza_restaurant,food_store,store,restaurant,food,point_of_interest,establishment","Monday: 11:00 AM – 5:00 AM
Tuesday: 11:00 AM – 5:00 AM
Wednesday: 11:00 AM – 5:00 AM
Thursday: 11:00 AM – 5:00 AM
Friday: 11:00 AM – 7:00 AM
Saturday: 11:00 AM – 7:00 AM
Sunday: 11:00 AM – 5:00 AM",1,,,,,,,,,,,,,,,180,9GF6CQQ2+88
ChIJzztLO4OTkkYRtFEwAk3hfz8,Loco Rolls,"Viru väljak 4, 10111 Tallinn, Estonia","Viru väljak 4, Tallinn",4,Viru väljak,,Tallinn,Harju maakond,10111,Estonia,EE,59.4365146,24.755933799999998,https://maps.google.com/?cid=4575623467297165748&g_mp=Cilnb29nbGUubWFwcy5wbGFjZXMudjEuUGxhY2VzLlNlYXJjaE5lYXJieRACGAQgAA,https://locorolls.ee/,5594 4421,+372 5594 4421,4.4,147,1,$,OPERATIONAL,restaurant,Restaurant,"ice_cream_shop,dessert_shop,confectionery,food_store,store,restaurant,food,point_of_interest,establishment","Monday: 9:00 AM – 9:00 PM
Tuesday: 9:00 AM – 9:00 PM
Wednesday: 9:00 AM – 9:00 PM
Thursday: 9:00 AM – 9:00 PM
Friday: 9:00 AM – 10:00 PM
Saturday: 9:00 AM – 10:00 PM
Sunday: 9:00 AM – 8:00 PM",1,,,,,,,,,,,,,,,180,9GF6CQP4+J9
ChIJpbgwBn2TkkYR1UAr9Bb-wqA,Loco Rolls,"Kopli tn 1, 10412 Tallinn, Estonia","Kopli tn 1, Tallinn",1,Kopli tänav,,Tallinn,Harju maakond,10412,Estonia,EE,59.44103059999999,24.7353061,https://maps.google.com/?cid=11584100566089547989&g_mp=Cilnb29nbGUubWFwcy5wbGFjZXMudjEuUGxhY2VzLlNlYXJjaE5lYXJieRACGAQgAA,https://locorolls.ee/,5686 8038,+372 5686 8038,4.4,256,2,$$,OPERATIONAL,restaurant,Restaurant,"ice_cream_shop,dessert_shop,confectionery,food_store,restaurant,food,point_of_interest,store,establishment","Monday: 9:00 AM – 8:00 PM
Tuesday: 9:00 AM – 8:00 PM
Wednesday: 9:00 AM – 8:00 PM
Thursday: 9:00 AM – 8:00 PM
Friday: 9:00 AM – 8:00 PM
Saturday: 9:00 AM – 8:00 PM
Sunday: 9:00 AM – 6:00 PM",1,,,,,,,,,,,,,,,180,9GF6CPRP+C4
ChIJ_fTnVVSTkkYRrpfuLgW66nI,Loft ja Ürdid,"Vesivärava tn 50, 10152 Tallinn, Estonia","Vesivärava tn 50, Tallinn",50,Vesivärava tänav,,Tallinn,Harju maakond,10152,Estonia,EE,59.43282860000001,24.779071,https://maps.google.com/?cid=8280635396299069358&g_mp=Cilnb29nbGUubWFwcy5wbGFjZXMudjEuUGxhY2VzLlNlYXJjaE5lYXJieRACGAQgAA,http://www.loftjaurdid.ee/,666 0807,+372 666 0807,4.2,444,2,$$,OPERATIONAL,restaurant,Restaurant,"restaurant,food,point_of_interest,establishment","Monday: 11:00 AM – 3:00 PM
Tuesday: 11:00 AM – 3:00 PM
Wednesday: 11:00 AM – 9:00 PM
Thursday: 11:00 AM – 9:00 PM
Friday: 11:00 AM – 10:00 PM
Saturday: 3:00 – 10:00 PM
Sunday: Closed",1,,,,,,,,,,,,,,,180,9GF6CQMH+4J
ChIJXb8dqWGVkkYRWJyiH7Rm59U,Lokaal Tilk,"Pärnu mnt. 66, 10135 Tallinn, Estonia","Pärnu mnt. 66, Tallinn",66,Pärnu maantee,,Tallinn,Harju maakond,10135,Estonia,EE,59.424962300000004,24.742078,https://maps.google.com/?cid=15413401173509708888&g_mp=Cilnb29nbGUubWFwcy5wbGFjZXMudjEuUGxhY2VzLlNlYXJjaE5lYXJieRACGAQgAA,https://www.tilk.ee/,5646 3525,+372 5646 3525,4.9,96,2,$$,CLOSED_TEMPORARILY,bar,Bar,"bar,vegan_restaurant,vegetarian_restaurant,catering_service,food_delivery,event_venue,association_or_organization,service,restaurant,food,point_of_interest,establishment",,,,,,,,,,,,,,,,,180,9GF6CPFR+XR
ChIJE7kMbseTkkYR5V6vwwtZXbI,Lore Bistroo,"Peetri tn 12, 10415 Tallinn, Estonia","Peetri tn 12, Tallinn",12,Peetri tänav,,Tallinn,Harju maakond,10415,Estonia,EE,59.4526198,24.7308125,https://maps.google.com/?cid=12852526818647826149&g_mp=Cilnb29nbGUubWFwcy5wbGFjZXMudjEuUGxhY2VzLlNlYXJjaE5lYXJieRACGAQgAA,http://lorebistroo.ee/,511 8613,+372 511 8613,4.5,1348,3,$$$,OPERATIONAL,restaurant,Restaurant,"restaurant,catering_service,food_delivery,food,service,point_of_interest,establishment","Monday: 12:00 – 10:00 PM
Tuesday: 12:00 – 10:00 PM
Wednesday: 12:00 – 10:00 PM
Thursday: 12:00 – 10:00 PM
Friday: 12:00 – 11:00 PM
Saturday: 12:00 – 11:00 PM
Sunday: 1:00 – 8:00 PM",1,,,,,,,,,,,,,,,180,9GF6FP3J+28
ChIJ94ZuP-2TkkYRMLdfUxaLBZI,Loulou,"Laeva tn 1, 10111 Tallinn, Estonia","Laeva tn 1, Tallinn",1,Laeva tänav,,Tallinn,Harju maakond,10111,Estonia,EE,59.441480600000006,24.756778999999998,https://maps.google.com/?cid=10521969032425355056&g_mp=Cilnb29nbGUubWFwcy5wbGFjZXMudjEuUGxhY2VzLlNlYXJjaE5lYXJieRACGAQgAA,https://www.loulou.ee/,552 7799,+372 552 7799,4.3,729,2,$$,OPERATIONAL,breakfast_restaurant,Breakfast Restaurant,"breakfast_restaurant,restaurant,food,point_of_interest,establishment","Monday: 7:30 AM – 4:00 PM
Tuesday: 7:30 AM – 4:00 PM
Wednesday: 7:30 AM – 4:00 PM
Thursday: 7:30 AM – 4:00 PM
Friday: 7:30 AM – 4:00 PM
Saturday: 8:00 AM – 4:00 PM
Sunday: 8:00 AM – 4:00 PM",1,,,,,,,,,,,,,,,180,9GF6CQR4+HP
ChIJaVxO2wmTkkYR8Skfv8rIuL8,Lumen Restaurant,"Rataskaevu tn 8, 10123 Tallinn, Estonia","Rataskaevu tn 8, Tallinn",8,Rataskaevu tänav,,Tallinn,Harju maakond,10123,Estonia,EE,59.4372778,24.7426498,https://maps.google.com/?cid=13815012630074436081&g_mp=Cilnb29nbGUubWFwcy5wbGFjZXMudjEuUGxhY2VzLlNlYXJjaE5lYXJieRACGAQgAA,http://www.lumenresto.ee/,5451 1164,+372 5451 1164,4.8,134,4,$$$$,OPERATIONAL,restaurant,Restaurant,"restaurant,food,point_of_interest,establishment","Monday: 5:00 – 11:00 PM
Tuesday: 5:00 – 11:00 PM
Wednesday: 5:00 – 11:00 PM
Thursday: 5:00 – 11:00 PM
Friday: 2:00 – 11:00 PM
Saturday: 2:00 – 11:00 PM
Sunday: 12:00 – 9:00 PM",0,,,,,,,,,,,,,,,180,9GF6CPPV+W3
ChIJs04dwvWUkkYRfb0Z559UpQA,Löwenruh,"Mustamäe tee 59a, 10621 Tallinn, Estonia","Mustamäe tee 59a, Tallinn",59a,Mustamäe tee,,Tallinn,Harju maakond,10621,Estonia,EE,59.416863600000006,24.694007799999998,https://maps.google.com/?cid=46536416911015293&g_mp=Cilnb29nbGUubWFwcy5wbGFjZXMudjEuUGxhY2VzLlNlYXJjaE5lYXJieRACGAQgAA,http://www.lowenruh.ee/,654 3413,+372 654 3413,4.5,2435,2,$$,OPERATIONAL,restaurant,Restaurant,"restaurant,food,point_of_interest,establishment","Monday: 11:00 AM – 11:00 PM
Tuesday: 11:00 AM – 11:00 PM
Wednesday: 11:00 AM – 11:00 PM
Thursday: 11:00 AM – 11:00 PM
Friday: 11:00 AM – 11:00 PM
Saturday: 11:00 AM – 11:00 PM
Sunday: 11:00 AM – 11:00 PM",1,,,,,,,,,,,,,,,180,9GF6CM8V+PJ
ChIJPV-xsWaVkkYRJuzVnsehX-c,Maama Pizza Kadaka,"Kadaka tee 177, 12615 Tallinn, Estonia","Kadaka tee 177, Tallinn",177,Kadaka tee,,Tallinn,Harju maakond,12615,Estonia,EE,59.404615,24.6570132,https://maps.google.com/?cid=16672222224284249126&g_mp=Cilnb29nbGUubWFwcy5wbGFjZXMudjEuUGxhY2VzLlNlYXJjaE5lYXJieRACGAQgAA,https://maamapizza.ee/,677 5662,+372 677 5662,3.7,75,2,$$,OPERATIONAL,pizza_restaurant,Pizza Restaurant,"pizza_restaurant,restaurant,food,point_of_interest,establishment","Monday: 12:00 PM – 12:00 AM
Tuesday: 12:00 PM – 12:00 AM
Wednesday: 12:00 PM – 12:00 AM
Thursday: 12:00 PM – 12:00 AM
Friday: 12:00 PM – 12:00 AM
Saturday: 12:00 PM – 12:00 AM
Sunday: 12:00 PM – 12:00 AM",0,,,,,,,,,,,,,,,180,9GF6CM34+RR
ChIJmcIDXX2TkkYR8w0MF0BRR3k,Maarjamäe Resto,"Pirita tee 56, 12011 Tallinn, Estonia","Pirita tee 56, Tallinn",56,Pirita tee,,Tallinn,Harju maakond,12011,Estonia,EE,59.4524622,24.810038799999997,https://maps.google.com/?cid=8739042937642159603&g_mp=Cilnb29nbGUubWFwcy5wbGFjZXMudjEuUGxhY2VzLlNlYXJjaE5lYXJieRACGAQgAA,https://lossikohvikud.ee/,522 2986,+372 522 2986,4.5,123,2,$$,OPERATIONAL,restaurant,Restaurant,"restaurant,food,point_of_interest,establishment","Monday: Closed
Tuesday: 11:00 AM – 6:00 PM
Wednesday: 11:00 AM – 6:00 PM
Thursday: 11:00 AM – 6:00 PM
Friday: 11:00 AM – 6:00 PM
Saturday: 11:00 AM – 6:00 PM
Sunday: 11:00 AM – 6:00 PM",1,,,,,,,,,,,,,,,180,9GF6FR26+X2
ChIJv7vr9HmTkkYRcwa9q5c3qgE,Mad House,"Viru 23, 10148 Tallinn, Estonia","Viru 23, Tallinn",23,Viru,,Tallinn,Harju maakond,10148,Estonia,EE,59.43670840000001,24.750768100000002,https://maps.google.com/?cid=119969464639620723&g_mp=Cilnb29nbGUubWFwcy5wbGFjZXMudjEuUGxhY2VzLlNlYXJjaE5lYXJieRACGAQgAA,https://www.instagram.com/madhouse.lounge/,5807 9209,+372 5807 9209,3.5,35,2,$$,CLOSED_TEMPORARILY,restaurant,Restaurant,"restaurant,bar,food,point_of_interest,establishment",,,,,,,,,,,,,,,,,180,9GF6CQP2+M8
ChIJjQ3olmaTkkYRlYK-1LpAgfQ,Magnet Lounge,"Poordi 3, 10156 Tallinn, Estonia","Parking lot, Poordi 3, Tallinn",3,Poordi,,Tallinn,Harju maakond,10156,Estonia,EE,59.4415435,24.7546863,https://maps.google.com/?cid=17618434388427440789&g_mp=Cilnb29nbGUubWFwcy5wbGFjZXMudjEuUGxhY2VzLlNlYXJjaE5lYXJieRACGAQgAA,http://www.magnetlounge.ee/,5376 6679,+372 5376 6679,4.5,259,2,$$,OPERATIONAL,bar,Bar,"bar,cocktail_bar,catering_service,hookah_bar,food_delivery,restaurant,food,point_of_interest,service,establishment","Monday: 11:00 AM – 11:00 PM
Tuesday: 11:00 AM – 11:00 PM
Wednesday: 11:00 AM – 11:00 PM
Thursday: 11:00 AM – 11:00 PM
Friday: 11:00 AM – 2:00 AM
Saturday: 12:00 PM – 2:00 AM
Sunday: 12:00 – 11:00 PM",1,,,,,,,,,,,,,,,180,9GF6CQR3+JV
ChIJtXKKPGKTkkYRxcFxyqGqVac,Maharaja Restaurant,"Harju 7, 10146 Tallinn, Estonia","Harju 7, Tallinn",7,Harju,,Tallinn,Harju maakond,10146,Estonia,EE,59.4354311,24.74402,https://maps.google.com/?cid=12057731189217280453&g_mp=Cilnb29nbGUubWFwcy5wbGFjZXMudjEuUGxhY2VzLlNlYXJjaE5lYXJieRACGAQgAA,http://www.maharaja.ee/,5699 0624,+372 5699 0624,3.5,608,2,$$,OPERATIONAL,indian_restaurant,Indian Restaurant,"indian_restaurant,family_restaurant,vegetarian_restaurant,restaurant,food,point_of_interest,establishment","Monday: 11:00 AM – 10:30 PM
Tuesday: 11:00 AM – 10:30 PM
Wednesday: 11:00 AM – 10:30 PM
Thursday: 11:00 AM – 10:30 PM
Friday: 11:00 AM – 10:30 PM
Saturday: 11:00 AM – 10:30 PM
Sunday: 11:00 AM – 10:30 PM",1,,,,,,,,,,,,,,,180,9GF6CPPV+5J
ChIJi5c1pJ-UkkYRp6vs5hYYjfE,Mahe Punane Telemaja Kohvik,"Gonsiori tn 27, 10125 Tallinn, Estonia","Gonsiori tn 27, Tallinn",27,Gonsiori tänav,,Tallinn,Harju maakond,10125,Estonia,EE,59.4341649,24.7706864,https://maps.google.com/?cid=17405594621499452327&g_mp=Cilnb29nbGUubWFwcy5wbGFjZXMudjEuUGxhY2VzLlNlYXJjaE5lYXJieRACGAQgAA,http://www.mahepunane.ee/,662 8222,+372 662 8222,4.6,122,1,$,CLOSED_TEMPORARILY,restaurant,Restaurant,"restaurant,food,point_of_interest,establishment",,,,,,,,,,,,,,,,,180,9GF6CQMC+M7
ChIJq_LXYwCTkkYRwnMobcBqZ2U,Makai,"Mere pst, 10111 Tallinn, Estonia","Mere pst, Tallinn",,Mere puiestee,,Tallinn,Harju maakond,10111,Estonia,EE,59.4381952,24.7543263,https://maps.google.com/?cid=7306926295129551810&g_mp=Cilnb29nbGUubWFwcy5wbGFjZXMudjEuUGxhY2VzLlNlYXJjaE5lYXJieRACGAQgAA,http://www.makai.ee/,,,2.9,41,2,$$,OPERATIONAL,sushi_restaurant,Sushi Restaurant,"sushi_restaurant,japanese_restaurant,restaurant,food,point_of_interest,establishment","Monday: 12:00 – 10:00 PM
Tuesday: 12:00 – 10:00 PM
Wednesday: 12:00 – 10:00 PM
Thursday: 12:00 – 10:00 PM
Friday: 12:00 – 10:00 PM
Saturday: 12:00 – 10:00 PM
Sunday: 12:00 – 10:00 PM",1,,,,,,,,,,,,,,,180,9GF6CQQ3+7P
ChIJNREIxjaTkkYRGHvVgc36QC0,Malatang & Hotpot by HAN’s,"Viru väljak 4, 10111 Tallinn, Estonia","Viru väljak 4, Tallinn",4,Viru väljak,,Tallinn,Harju maakond,10111,Estonia,EE,59.435808599999994,24.7552412,https://maps.google.com/?cid=3260881890769730328&g_mp=Cilnb29nbGUubWFwcy5wbGFjZXMudjEuUGxhY2VzLlNlYXJjaE5lYXJieRACGAQgAA,,503 7448,+372 503 7448,4.4,92,2,$$,OPERATIONAL,asian_restaurant,Asian Restaurant,"asian_restaurant,restaurant,food,point_of_interest,establishment","Monday: 11:00 AM – 9:00 PM
Tuesday: 11:00 AM – 9:00 PM
Wednesday: 11:00 AM – 9:00 PM
Thursday: 11:00 AM – 9:00 PM
Friday: 11:00 AM – 11:00 PM
Saturday: 11:00 AM – 11:00 PM
Sunday: 11:00 AM – 9:00 PM",1,,,,,,,,,,,,,,,180,9GF6CQP4+83
ChIJJ7yn9_GVkkYRLmexw6cgP8Q,Mama Shaurma,"Kadaka tee 7, 12611 Tallinn, Estonia","Kadaka tee 7, Tallinn",7,Kadaka tee,,Tallinn,Harju maakond,12611,Estonia,EE,59.41594899999999,24.6784715,https://maps.google.com/?cid=14141057259881457454&g_mp=Cilnb29nbGUubWFwcy5wbGFjZXMudjEuUGxhY2VzLlNlYXJjaE5lYXJieRACGAQgAA,,518 0852,+372 518 0852,3.6,57,1,$,OPERATIONAL,shawarma_restaurant,Shawarma restaurant,"shawarma_restaurant,middle_eastern_restaurant,restaurant,food,point_of_interest,establishment","Monday: 10:00 AM – 10:00 PM
Tuesday: 10:00 AM – 10:00 PM
Wednesday: 10:00 AM – 10:00 PM
Thursday: 10:00 AM – 10:00 PM
Friday: 9:00 AM – 11:30 PM
Saturday: 11:00 AM – 11:30 PM
Sunday: 11:00 AM – 11:00 PM",1,,,,,,,,,,,,,,,180,9GF6CM8H+99
ChIJVT7bp_iVkkYRr2AZbgDdk5Q,Mandarin Restaurant,"Endla tn 23a, 10122 Tallinn, Estonia","Endla tn 23a, Tallinn",23a,Endla tänav,,Tallinn,Harju maakond,10122,Estonia,EE,59.428620499999994,24.7314933,https://maps.google.com/?cid=10706143733106696367&g_mp=Cilnb29nbGUubWFwcy5wbGFjZXMudjEuUGxhY2VzLlNlYXJjaE5lYXJieRACGAQgAA,http://mandarin.ee/,646 0019,+372 646 0019,4.0,258,1,$,OPERATIONAL,asian_restaurant,Asian Restaurant,"asian_restaurant,restaurant,food,point_of_interest,establishment","Monday: 10:30 AM – 10:00 PM
Tuesday: 10:30 AM – 10:00 PM
Wednesday: 10:30 AM – 10:00 PM
Thursday: 10:30 AM – 10:00 PM
Friday: 11:00 AM – 11:00 PM
Saturday: 11:00 AM – 11:00 PM
Sunday: 11:00 AM – 11:00 PM",1,,,,,,,,,,,,,,,180,9GF6CPHJ+CH
ChIJr38Gu6uVkkYR0OraHQEHn-Q,Mangal Grill Sikupilli,"Tartu mnt 87, 10112 Tallinn, Estonia","Parking lot, Tartu mnt 87, Tallinn",87,Tartu maantee,,Tallinn,Harju maakond,10112,Estonia,EE,59.426130300000004,24.7825508,https://maps.google.com/?cid=16473893663321811664&g_mp=Cilnb29nbGUubWFwcy5wbGFjZXMudjEuUGxhY2VzLlNlYXJjaE5lYXJieRACGAQgAA,https://mangalgrill.ee/,5833 3911,+372 5833 3911,3.9,198,2,$$,OPERATIONAL,restaurant,Restaurant,"restaurant,food,point_of_interest,establishment","Monday: 12:00 – 9:00 PM
Tuesday: 12:00 – 9:00 PM
Wednesday: 12:00 – 9:00 PM
Thursday: 12:00 – 9:00 PM
Friday: 12:00 – 9:00 PM
Saturday: 12:00 – 9:00 PM
Sunday: 12:00 – 9:00 PM",1,,,,,,,,,,,,,,,180,9GF6CQGM+F2
ChIJE3ylW9aTkkYRbyfqEMukCew,Margherita Pizzeria & Trattoria,"Lai 2, 10133 Tallinn, Estonia","Lai 2, Tallinn",2,Lai,,Tallinn,Harju maakond,10133,Estonia,EE,59.43803750000001,24.743192,https://maps.google.com/?cid=17008306659810486127&g_mp=Cilnb29nbGUubWFwcy5wbGFjZXMudjEuUGxhY2VzLlNlYXJjaE5lYXJieRACGAQgAA,https://margherita.ee/,601 0575,+372 601 0575,4.5,1534,2,$$,OPERATIONAL,italian_restaurant,Italian Restaurant,"italian_restaurant,family_restaurant,pizza_restaurant,european_restaurant,restaurant,food,point_of_interest,establishment","Monday: 12:00 – 10:30 PM
Tuesday: 12:00 – 10:30 PM
Wednesday: 12:00 – 10:30 PM
Thursday: 12:00 – 10:30 PM
Friday: 12:00 – 11:00 PM
Saturday: 12:00 – 11:00 PM
Sunday: 12:00 – 10:30 PM",1,,,,,,,,,,,,,,,180,9GF6CPQV+67
ChIJ52k9YmqVkkYRNSp6WAt6GwI,Marhaba,"Tare tn 14, 10135 Tallinn, Estonia","Tare tn 14, Tallinn",14,Tare tänav,,Tallinn,Harju maakond,10135,Estonia,EE,59.42303880000001,24.7510247,https://maps.google.com/?cid=151849201594673717&g_mp=Cilnb29nbGUubWFwcy5wbGFjZXMudjEuUGxhY2VzLlNlYXJjaE5lYXJieRACGAQgAA,,5804 1559,+372 5804 1559,4.6,36,1,$,CLOSED_TEMPORARILY,middle_eastern_restaurant,Middle Eastern Restaurant,"middle_eastern_restaurant,restaurant,food,point_of_interest,establishment",,,,,,,,,,,,,,,,,180,9GF6CQF2+6C
ChIJdcDlH2CUkkYRn8C7pyKyVkM,Marii Bistroo,"Mustamäe tee 16, 10621 Tallinn, Estonia","Mustamäe tee 16, Tallinn",16,Mustamäe tee,,Tallinn,Harju maakond,10621,Estonia,EE,59.4224837,24.697718899999998,https://maps.google.com/?cid=4852261510451019935&g_mp=Cilnb29nbGUubWFwcy5wbGFjZXMudjEuUGxhY2VzLlNlYXJjaE5lYXJieRACGAQgAA,,5385 5017,+372 5385 5017,3.8,43,1,$,OPERATIONAL,bistro,Bistro,"bistro,restaurant,food,point_of_interest,establishment","Monday: 9:30 AM – 4:30 PM
Tuesday: 9:30 AM – 4:30 PM
Wednesday: 9:30 AM – 4:30 PM
Thursday: 9:30 AM – 4:30 PM
Friday: 9:30 AM – 4:30 PM
Saturday: Closed
Sunday: Closed",1,,,,,,,,,,,,,,,180,9GF6CMCX+X3
ChIJDw5nyzvrkkYRWFM-ZNz2iMg,"Marok'Est OB French Tacos and Burgers ""Halal""","Keevise 9-OB Keevise 9-OB, 11415 Tallinn, Estonia","Keevise 9-OB Keevise 9-OB, Tallinn",,,,Tallinn,Harju maakond,11415,Estonia,EE,59.420162,24.7999707,https://maps.google.com/?cid=14450070830853280600&g_mp=Cilnb29nbGUubWFwcy5wbGFjZXMudjEuUGxhY2VzLlNlYXJjaE5lYXJieRACGAQgAA,http://instagram.com/marokest_ob?utm_source=qr,502 0048,+372 502 0048,4.9,52,,,CLOSED_TEMPORARILY,fast_food_restaurant,Fast Food Restaurant,"fast_food_restaurant,restaurant,food,point_of_interest,establishment",,,,,,,,,,,,,,,,,180,9GF6CQCX+3X
ChIJ74OFFtyVkkYRWtC9F9yCiVY,Matka Restaurant,"küti tee 4 peetri, 75312 Tallinn, Estonia","küti tee 4 peetri, Tallinn",,,,Tallinn,Harju maakond,75312,Estonia,EE,59.397628999999995,24.8048243,https://maps.google.com/?cid=6235659040873893978&g_mp=Cilnb29nbGUubWFwcy5wbGFjZXMudjEuUGxhY2VzLlNlYXJjaE5lYXJieRACGAQgAA,http://matkarestoran.ee/,600 4474,+372 600 4474,4.5,412,2,$$,OPERATIONAL,indian_restaurant,Indian Restaurant,"indian_restaurant,halal_restaurant,restaurant,food,point_of_interest,establishment","Monday: 10:00 AM – 9:00 PM
Tuesday: 10:00 AM – 9:00 PM
Wednesday: 10:00 AM – 9:00 PM
Thursday: 10:00 AM – 9:00 PM
Friday: 10:00 AM – 10:00 PM
Saturday: 11:00 AM – 10:00 PM
Sunday: 12:00 – 9:00 PM",1,,,,,,,,,,,,,,,180,9GF69RX3+3W
ChIJV8jphKftkkYRVOp-UWlwXFM,McDonald's,"J. Smuuli tee 43-1, 11415 Tallinn, Estonia","Parking lot, J. Smuuli tee 43-1, Tallinn",43,J. Smuuli tee,,Tallinn,Harju maakond,11415,Estonia,EE,59.428882400000006,24.8384641,https://maps.google.com/?cid=6006799600646548052&g_mp=Cilnb29nbGUubWFwcy5wbGFjZXMudjEuUGxhY2VzLlNlYXJjaE5lYXJieRACGAQgAA,https://mcdonalds.ee/,5394 3802,+372 5394 3802,3.8,785,1,$,OPERATIONAL,fast_food_restaurant,Fast Food Restaurant,"fast_food_restaurant,restaurant,food,point_of_interest,establishment","Monday: 7:00 AM – 12:00 AM
Tuesday: 7:00 AM – 12:00 AM
Wednesday: 7:00 AM – 12:00 AM
Thursday: 7:00 AM – 12:00 AM
Friday: 7:00 AM – 12:00 AM
Saturday: 7:00 AM – 12:00 AM
Sunday: 7:00 AM – 12:00 AM",1,,,,,,,,,,,,,,,180,9GF6CRHQ+H9
ChIJI0FmwvqUkkYRrG14AMW91tI,McDonald's Mustamäe,"A. H. Tammsaare tee 76, Sõpruse pst 200b, 13423 Tallinn, Estonia","A. H. Tammsaare tee 76, Sõpruse pst 200b, Tallinn",200b,Sõpruse puiestee,,Tallinn,Harju maakond,13423,Estonia,EE,59.4059708,24.7005198,https://maps.google.com/?cid=15192539046795046316&g_mp=Cilnb29nbGUubWFwcy5wbGFjZXMudjEuUGxhY2VzLlNlYXJjaE5lYXJieRACGAQgAA,https://www.mcdonalds.ee/,5561 7012,+372 5561 7012,4.1,5451,1,$,OPERATIONAL,fast_food_restaurant,Fast Food Restaurant,"fast_food_restaurant,hamburger_restaurant,family_restaurant,breakfast_restaurant,american_restaurant,restaurant,food,point_of_interest,establishment","Monday: 7:00 AM – 12:00 AM
Tuesday: 7:00 AM – 12:00 AM
Wednesday: 7:00 AM – 12:00 AM
Thursday: 7:00 AM – 12:00 AM
Friday: 7:00 AM – 12:00 AM
Saturday: 7:00 AM – 12:00 AM
Sunday: 7:00 AM – 12:00 AM",1,,,,,,,,,,,,,,,180,9GF6CP42+96
ChIJFRNcez-UkkYRNe_A6uPvhrA,McDonald's Rocca Al Mare,"Paldiski mnt 102, 13522 Tallinn, Estonia","Paldiski mnt 102, Tallinn",102,Paldiski maantee,,Tallinn,Harju maakond,13522,Estonia,EE,59.4258089,24.654524799999997,https://maps.google.com/?cid=12720117959729671989&g_mp=Cilnb29nbGUubWFwcy5wbGFjZXMudjEuUGxhY2VzLlNlYXJjaE5lYXJieRACGAQgAA,https://www.mcdonalds.ee/,5564 7017,+372 5564 7017,4.0,3294,1,$,OPERATIONAL,fast_food_restaurant,Fast Food Restaurant,"fast_food_restaurant,breakfast_restaurant,family_restaurant,hamburger_restaurant,american_restaurant,restaurant,food,point_of_interest,establishment","Monday: 7:00 AM – 11:00 PM
Tuesday: 7:00 AM – 11:00 PM
Wednesday: 7:00 AM – 11:00 PM
Thursday: 7:00 AM – 11:00 PM
Friday: 7:00 AM – 11:00 PM
Saturday: 7:00 AM – 11:00 PM
Sunday: 7:00 AM – 11:00 PM",1,,,,,,,,,,,,,,,180,9GF6CMG3+8R
ChIJV4Z1VYaUkkYRzATl2flZaa8,McDonald's Sõle,"Paldiski mnt 44, 10614 Tallinn, Estonia","Paldiski mnt 44, Tallinn",44,Paldiski maantee,,Tallinn,Harju maakond,10614,Estonia,EE,59.4324559,24.7136429,https://maps.google.com/?cid=12639732758829401292&g_mp=Cilnb29nbGUubWFwcy5wbGFjZXMudjEuUGxhY2VzLlNlYXJjaE5lYXJieRACGAQgAA,https://mcdonalds.ee/,5561 7013,+372 5561 7013,4.1,4514,1,$,OPERATIONAL,fast_food_restaurant,Fast Food Restaurant,"fast_food_restaurant,hamburger_restaurant,american_restaurant,restaurant,food,point_of_interest,establishment","Monday: 7:00 AM – 11:00 PM
Tuesday: 7:00 AM – 11:00 PM
Wednesday: 7:00 AM – 11:00 PM
Thursday: 7:00 AM – 11:00 PM
Friday: 7:00 AM – 11:00 PM
Saturday: 7:00 AM – 11:00 PM
Sunday: 7:00 AM – 11:00 PM",1,,,,,,,,,,,,,,,180,9GF6CPJ7+XF
ChIJ8QEOwGGTkkYRPSFJIra8YvA,McDonald's Viru,"Viru 24, 10140 Tallinn, Estonia","Viru 24, Tallinn",24,Viru,,Tallinn,Harju maakond,10140,Estonia,EE,59.4364746,24.749877599999998,https://maps.google.com/?cid=17321614607265636669&g_mp=Cilnb29nbGUubWFwcy5wbGFjZXMudjEuUGxhY2VzLlNlYXJjaE5lYXJieRACGAQgAA,https://www.mcdonalds.ee/,5561 7011,+372 5561 7011,3.8,10388,1,$,OPERATIONAL,fast_food_restaurant,Fast Food Restaurant,"fast_food_restaurant,hamburger_restaurant,american_restaurant,restaurant,food,point_of_interest,establishment","Monday: 7:00 AM – 1:00 AM
Tuesday: 7:00 AM – 1:00 AM
Wednesday: 7:00 AM – 1:00 AM
Thursday: 7:00 AM – 4:00 AM
Friday: 7:00 AM – 5:00 AM
Saturday: 7:00 AM – 5:00 AM
Sunday: 7:00 AM – 1:00 AM",1,,,,,,,,,,,,,,,180,9GF6CPPX+HX
ChIJGXot9lTrkkYRM7Z_9EFjAQI,McDonald's Ülemiste,"Suur-Sõjamäe tn 4, 11415 Tallinn, Estonia","Suur-Sõjamäe tn 4, Tallinn",4,Suur-Sõjamäe tänav,,Tallinn,Harju maakond,11415,Estonia,EE,59.422682,24.794007699999998,https://maps.google.com/?cid=144505797978601011&g_mp=Cilnb29nbGUubWFwcy5wbGFjZXMudjEuUGxhY2VzLlNlYXJjaE5lYXJieRACGAQgAA,https://www.mcdonalds.ee/,5561 7417,+372 5561 7417,4.2,3636,1,$,OPERATIONAL,fast_food_restaurant,Fast Food Restaurant,"fast_food_restaurant,family_restaurant,hamburger_restaurant,american_restaurant,restaurant,food,point_of_interest,establishment","Monday: 8:00 AM – 10:00 PM
Tuesday: 8:00 AM – 10:00 PM
Wednesday: 8:00 AM – 10:00 PM
Thursday: 8:00 AM – 10:00 PM
Friday: 8:00 AM – 10:00 PM
Saturday: 8:00 AM – 10:00 PM
Sunday: 8:00 AM – 10:00 PM",1,,,,,,,,,,,,,,,180,9GF6CQFV+3J
ChIJ92Fb1_-VkkYR5WF9XVlyFFc,Meat & Bun Burger Järveotsa,"Järveotsa tee 20, 13520 Tallinn, Estonia","Järveotsa tee 20, Tallinn",20,Järveotsa tee,,Tallinn,Harju maakond,13520,Estonia,EE,59.406231500000004,24.6435075,https://maps.google.com/?cid=6274765908980097509&g_mp=Cilnb29nbGUubWFwcy5wbGFjZXMudjEuUGxhY2VzLlNlYXJjaE5lYXJieRACGAQgAA,https://www.facebook.com/Meat-Bun-Burger-111381254062167,5770 5677,+372 5770 5677,4.0,42,1,$,OPERATIONAL,restaurant,Restaurant,"restaurant,food,point_of_interest,establishment","Monday: 10:00 AM – 1:00 AM
Tuesday: 10:00 AM – 1:00 AM
Wednesday: 10:00 AM – 1:00 AM
Thursday: 10:00 AM – 1:00 AM
Friday: 10:00 AM – 1:00 AM
Saturday: 10:00 AM – 1:00 AM
Sunday: 10:00 AM – 1:00 AM",1,,,,,,,,,,,,,,,180,9GF6CJ4V+FC
ChIJLaxL6EuVkkYRwBFWPjJlNKo,Meat & Bun Burger Peetri,"Vägeva tee 3a, 75312 Tallinn, Estonia","Vägeva tee 3a, Tallinn",3a,Vägeva tee,,Tallinn,Harju maakond,75312,Estonia,EE,59.3932654,24.8190606,https://maps.google.com/?cid=12264538951705301440&g_mp=Cilnb29nbGUubWFwcy5wbGFjZXMudjEuUGxhY2VzLlNlYXJjaE5lYXJieRACGAQgAA,,5555 8036,+372 5555 8036,3.4,47,2,$$,OPERATIONAL,fast_food_restaurant,Fast Food Restaurant,"fast_food_restaurant,restaurant,food,point_of_interest,establishment","Monday: 10:30 AM – 11:00 PM
Tuesday: 10:30 AM – 11:00 PM
Wednesday: 10:30 AM – 11:00 PM
Thursday: 10:30 AM – 11:00 PM
Friday: 10:30 AM – 12:00 AM
Saturday: 11:30 AM – 12:00 AM
Sunday: 11:30 AM – 11:00 PM",1,,,,,,,,,,,,,,,180,9GF69RV9+8J
ChIJv5NyQZKTkkYRUvlGSSD1K-c,Meat&Fire (Türgi BBQ),"Kopli tn 4a, 10412 Tallinn, Estonia","Kopli tn 4a, Tallinn",4a,Kopli tänav,,Tallinn,Harju maakond,10412,Estonia,EE,59.441284100000004,24.7369323,https://maps.google.com/?cid=16657677165777058130&g_mp=Cilnb29nbGUubWFwcy5wbGFjZXMudjEuUGxhY2VzLlNlYXJjaE5lYXJieRACGAQgAA,https://turgibbq.ee/,5334 0626,+372 5334 0626,4.5,950,2,$$,OPERATIONAL,turkish_restaurant,Turkish Restaurant,"turkish_restaurant,kebab_shop,family_restaurant,restaurant,food,point_of_interest,establishment","Monday: 11:00 AM – 1:00 AM
Tuesday: 11:00 AM – 1:00 AM
Wednesday: 11:00 AM – 1:00 AM
Thursday: 11:00 AM – 1:00 AM
Friday: 11:00 AM – 2:00 AM
Saturday: 11:00 AM – 2:00 AM
Sunday: 11:00 AM – 1:00 AM",1,,,,,,,,,,,,,,,180,9GF6CPRP+GQ
ChIJ93om-WGTkkYRC3-1X10RgNE,Meat&Wine Steak House Tallinn,"Väike-Karja tn 1, 10140 Tallinn, Estonia","Väike-Karja tn 1, Tallinn",1,Väike-Karja tänav,,Tallinn,Harju maakond,10140,Estonia,EE,59.436058,24.746654499999998,https://maps.google.com/?cid=15096085043681263371&g_mp=Cilnb29nbGUubWFwcy5wbGFjZXMudjEuUGxhY2VzLlNlYXJjaE5lYXJieRACGAQgAA,http://www.meatwine.ee/,5650 7212,+372 5650 7212,4.3,1659,2,$$,OPERATIONAL,steak_house,Steak House,"steak_house,restaurant,food,point_of_interest,establishment","Monday: 12:00 – 11:00 PM
Tuesday: 12:00 – 11:00 PM
Wednesday: 12:00 – 11:00 PM
Thursday: 12:00 – 11:00 PM
Friday: 12:00 PM – 12:00 AM
Saturday: 12:00 PM – 12:00 AM
Sunday: 12:00 – 11:00 PM",1,,,,,,,,,,,,,,,180,9GF6CPPW+CM
ChIJ9dJS3zeTkkYRZ444E4b4968,Meathub Resto Bar,"Vene tn 6-1, 10123 Tallinn, Estonia","Vene tn 6-1, Tallinn",6,Vene tänav,,Tallinn,Harju maakond,10123,Estonia,EE,59.4372341,24.7468894,https://maps.google.com/?cid=12679876530616700519&g_mp=Cilnb29nbGUubWFwcy5wbGFjZXMudjEuUGxhY2VzLlNlYXJjaE5lYXJieRACGAQgAA,https://meathub.ee/,5594 0440,+372 5594 0440,4.8,112,,,OPERATIONAL,restaurant,Restaurant,"restaurant,food,point_of_interest,establishment","Monday: 12:00 PM – 2:00 AM
Tuesday: 12:00 PM – 2:00 AM
Wednesday: 12:00 PM – 2:00 AM
Thursday: 12:00 PM – 2:00 AM
Friday: 12:00 PM – 4:00 AM
Saturday: 12:00 PM – 4:00 AM
Sunday: 12:00 PM – 2:00 AM",1,,,,,,,,,,,,,,,180,9GF6CPPW+VQ
ChIJidAojySTkkYR-mDB6h0MfQQ,MEIE GRUUSIA BALTI JAAMA TURG,"Balti Jaama Turg, Kopli tn 1, 10412 Tallinn, Estonia","Balti Jaama Turg, Kopli tn 1, Tallinn",1,Kopli tänav,,Tallinn,Harju maakond,10412,Estonia,EE,59.4410457,24.736252699999998,https://maps.google.com/?cid=323428070872670458&g_mp=Cilnb29nbGUubWFwcy5wbGFjZXMudjEuUGxhY2VzLlNlYXJjaE5lYXJieRACGAQgAA,https://www.meiegruusia.ee/,5550 9192,+372 5550 9192,4.7,121,1,$,OPERATIONAL,eastern_european_restaurant,Eastern European Restaurant,"eastern_european_restaurant,european_restaurant,restaurant,food,point_of_interest,establishment","Monday: 9:00 AM – 7:00 PM
Tuesday: 9:00 AM – 7:00 PM
Wednesday: 9:00 AM – 7:00 PM
Thursday: 9:00 AM – 7:00 PM
Friday: 9:00 AM – 7:00 PM
Saturday: 9:00 AM – 7:00 PM
Sunday: 9:00 AM – 5:00 PM",1,,,,,,,,,,,,,,,180,9GF6CPRP+CG
ChIJ37XylceTkkYRlQ5ENWPBry0,Meie Gruusia Viru Keskus,"Viru väljak 4, 10111 Tallinn, Estonia","Viru väljak 4, Tallinn",4,Viru väljak,,Tallinn,Harju maakond,10111,Estonia,EE,59.4360606,24.754935099999997,https://maps.google.com/?cid=3292062484470697621&g_mp=Cilnb29nbGUubWFwcy5wbGFjZXMudjEuUGxhY2VzLlNlYXJjaE5lYXJieRACGAQgAA,https://www.meiegruusia.ee/,5199 7466,+372 5199 7466,4.1,54,2,$$,OPERATIONAL,eastern_european_restaurant,Eastern European Restaurant,"coffee_shop,cafe,eastern_european_restaurant,european_restaurant,bakery,food_store,store,restaurant,food,point_of_interest,establishment","Monday: 11:00 AM – 9:00 PM
Tuesday: 11:00 AM – 9:00 PM
Wednesday: 11:00 AM – 9:00 PM
Thursday: 11:00 AM – 9:00 PM
Friday: 11:00 AM – 10:00 PM
Saturday: 11:00 AM – 10:00 PM
Sunday: 11:00 AM – 8:00 PM",1,,,,,,,,,,,,,,,180,9GF6CQP3+CX
ChIJLYkhbU-UkkYRHb1Wws_cueE,Meistri Lyon Cafe & Boulangerie,"Meistri tn 22, 13517 Tallinn, Estonia","Meistri tn 22, Tallinn",22,Meistri tänav,,Tallinn,Harju maakond,13517,Estonia,EE,59.415440399999994,24.658823899999998,https://maps.google.com/?cid=16265274314102062365&g_mp=Cilnb29nbGUubWFwcy5wbGFjZXMudjEuUGxhY2VzLlNlYXJjaE5lYXJieRACGAQgAA,http://cafelyon.ee/,622 9218,+372 622 9218,4.4,946,2,$$,OPERATIONAL,cafe,Cafe,"cafe,breakfast_restaurant,bakery,food_store,store,restaurant,food,point_of_interest,establishment","Monday: 8:00 AM – 7:00 PM
Tuesday: 8:00 AM – 7:00 PM
Wednesday: 8:00 AM – 7:00 PM
Thursday: 8:00 AM – 7:00 PM
Friday: 8:00 AM – 7:00 PM
Saturday: 9:00 AM – 7:00 PM
Sunday: 9:00 AM – 6:00 PM",1,,,,,,,,,,,,,,,180,9GF6CM85+5G
ChIJTRBuG56UkkYR063tWGTnAg0,MEKK Restaurant & Bar,"3 Ravala Street, Rävala pst 3, 10143 Tallinn, Estonia","3 Ravala Street, Rävala pst 3, Tallinn",3,Rävala puiestee,,Tallinn,Harju maakond,10143,Estonia,EE,59.433593699999996,24.758119399999998,https://maps.google.com/?cid=937566090621201875&g_mp=Cilnb29nbGUubWFwcy5wbGFjZXMudjEuUGxhY2VzLlNlYXJjaE5lYXJieRACGAQgAA,https://restoranmekk.ee/,682 3020,+372 682 3020,4.6,409,,,OPERATIONAL,restaurant,Restaurant,"restaurant,bar,point_of_interest,food,establishment","Monday: 6:30 AM – 11:00 PM
Tuesday: 6:30 AM – 11:00 PM
Wednesday: 6:30 AM – 11:00 PM
Thursday: 6:30 AM – 11:00 PM
Friday: 6:30 AM – 11:00 PM
Saturday: 7:00 AM – 11:00 PM
Sunday: 7:00 AM – 11:00 PM",1,,,,,,,,,,,,,,,180,9GF6CQM5+C6
ChIJQ_3V4mCTkkYRXL7fd9ttotY,Mere Resto,"Mere pst 4, 10111 Tallinn, Estonia","Mere pst 4, Tallinn",4,Mere puiestee,,Tallinn,Harju maakond,10111,Estonia,EE,59.438234599999994,24.754247799999998,https://maps.google.com/?cid=15466044859720121948&g_mp=Cilnb29nbGUubWFwcy5wbGFjZXMudjEuUGxhY2VzLlNlYXJjaE5lYXJieRACGAQgAA,https://www.mereresto.ee/,889 8888,+372 889 8888,4.3,2567,2,$$,OPERATIONAL,restaurant,Restaurant,"restaurant,sushi_restaurant,hookah_bar,japanese_restaurant,food,point_of_interest,establishment","Monday: 12:00 – 11:00 PM
Tuesday: 1:00 – 11:00 PM
Wednesday: 1:00 PM – 12:00 AM
Thursday: 12:00 PM – 12:00 AM
Friday: 12:00 PM – 2:00 AM
Saturday: 1:00 PM – 2:00 AM
Sunday: 1:00 – 11:00 PM",1,,,,,,,,,,,,,,,180,9GF6CQQ3+7M
ChIJKz3scsOUkkYRGfDawt9HPXo,Mets II,"Eesti Energia peamaja, Lelle tn 22, 11318 Tallinn, Estonia","Eesti Energia peamaja, Lelle tn 22, Tallinn",22,Lelle tänav,,Tallinn,Harju maakond,11318,Estonia,EE,59.403936,24.732812499999998,https://maps.google.com/?cid=8808275472578965529&g_mp=Cilnb29nbGUubWFwcy5wbGFjZXMudjEuUGxhY2VzLlNlYXJjaE5lYXJieRACGAQgAA,http://www.restoranmets.ee/,5199 6677,+372 5199 6677,4.4,163,1,$,OPERATIONAL,restaurant,Restaurant,"restaurant,food,point_of_interest,establishment","Monday: 8:30 AM – 3:00 PM
Tuesday: 8:30 AM – 3:00 PM
Wednesday: 8:30 AM – 3:00 PM
Thursday: 8:30 AM – 3:00 PM
Friday: 8:30 AM – 3:00 PM
Saturday: Closed
Sunday: Closed",1,,,,,,,,,,,,,,,180,9GF6CP3M+H4
ChIJX_5Cg_GTkkYR09Xb9yKJpgQ,MEZE Viru Keskus Food Hall,"Viru väljak 4, 10111 Tallinn, Estonia","Viru väljak 4, Tallinn",4,Viru väljak,,Tallinn,Harju maakond,10111,Estonia,EE,59.436484699999994,24.7549107,https://maps.google.com/?cid=335106005565953491&g_mp=Cilnb29nbGUubWFwcy5wbGFjZXMudjEuUGxhY2VzLlNlYXJjaE5lYXJieRACGAQgAA,http://www.meze.ee/,5611 1650,+372 5611 1650,3.9,77,2,$$,OPERATIONAL,restaurant,Restaurant,"restaurant,food,point_of_interest,establishment","Monday: 11:00 AM – 9:00 PM
Tuesday: 11:00 AM – 9:00 PM
Wednesday: 11:00 AM – 9:00 PM
Thursday: 11:00 AM – 9:00 PM
Friday: 11:00 AM – 11:00 PM
Saturday: 11:00 AM – 11:00 PM
Sunday: 11:00 AM – 9:00 PM",1,,,,,,,,,,,,,,,180,9GF6CQP3+HX
ChIJyYUm42zrkkYRJzQXliBtuzE,Mi Casa Burritos,"10112 Tallinn, Estonia","Passenger Terminal, Tallinn",,,,Tallinn,Harju County,10112,Estonia,EE,59.41657829999999,24.7995326,https://maps.google.com/?cid=3583577915227845671&g_mp=Cilnb29nbGUubWFwcy5wbGFjZXMudjEuUGxhY2VzLlNlYXJjaE5lYXJieRACGAQgAA,,,,3.4,48,1,$,OPERATIONAL,mexican_restaurant,Mexican Restaurant,"mexican_restaurant,restaurant,food,point_of_interest,establishment","Monday: 10:00 AM – 8:00 PM
Tuesday: 10:00 AM – 8:00 PM
Wednesday: 10:00 AM – 8:00 PM
Thursday: 10:00 AM – 8:00 PM
Friday: 10:00 AM – 8:00 PM
Saturday: 10:00 AM – 8:00 PM
Sunday: 10:00 AM – 8:00 PM",1,,,,,,,,,,,,,,,180,9GF6CQ8X+JR
ChIJyU1EEPeVkkYRkxVx9Cgf4_0,Mimosa Brooklyn Pizza Tallinn,"Suur-Karja tn 12, 10140 Tallinn, Estonia","Suur-Karja tn 12, Tallinn",12,Suur-Karja tänav,,Tallinn,Harju maakond,10140,Estonia,EE,59.4354898,24.746179599999998,https://maps.google.com/?cid=18294500372069291411&g_mp=Cilnb29nbGUubWFwcy5wbGFjZXMudjEuUGxhY2VzLlNlYXJjaE5lYXJieRACGAQgAA,https://mimosabrooklyn-pizza.ee/mimosa-brooklin-pizza,5860 7645,+372 5860 7645,4.6,448,2,$$,OPERATIONAL,restaurant,Restaurant,"restaurant,pizza_restaurant,food,point_of_interest,establishment","Monday: 10:00 AM – 10:00 PM
Tuesday: 10:00 AM – 10:00 PM
Wednesday: 10:00 AM – 10:00 PM
Thursday: 10:00 AM – 10:00 PM
Friday: 10:00 AM – 11:00 PM
Saturday: 10:00 AM – 11:00 PM
Sunday: 10:00 AM – 8:00 PM",1,,,,,,,,,,,,,,,180,9GF6CPPW+5F
ChIJ4f4nB56UkkYRY4ShFk6YZHw,Mix,"Vana-Posti tn 11, 10146 Tallinn, Estonia","Vana-Posti tn 11, Tallinn",11,Vana-Posti tänav,,Tallinn,Harju maakond,10146,Estonia,EE,59.4353205,24.745902599999997,https://maps.google.com/?cid=8963456619528684643&g_mp=Cilnb29nbGUubWFwcy5wbGFjZXMudjEuUGxhY2VzLlNlYXJjaE5lYXJieRACGAQgAA,http://www.mixrestoran.ee/,622 0998,+372 622 0998,4.8,742,2,$$,OPERATIONAL,restaurant,Restaurant,"restaurant,food,point_of_interest,establishment","Monday: 12:00 – 11:00 PM
Tuesday: 12:00 – 11:00 PM
Wednesday: 12:00 – 11:00 PM
Thursday: 12:00 – 11:00 PM
Friday: 12:00 – 11:00 PM
Saturday: 12:00 – 11:00 PM
Sunday: 12:00 – 11:00 PM",1,,,,,,,,,,,,,,,180,9GF6CPPW+49
ChIJczY970-TkkYR5fp7DeUlqJU,Mon Repos,"Narva mnt 92, 10127 Tallinn, Estonia","Narva mnt 92, Tallinn",92,Narva maantee,,Tallinn,Harju maakond,10127,Estonia,EE,59.4405692,24.7874765,https://maps.google.com/?cid=10783910973442620133&g_mp=Cilnb29nbGUubWFwcy5wbGFjZXMudjEuUGxhY2VzLlNlYXJjaE5lYXJieRACGAQgAA,http://www.monrepos.ee/,507 0273,+372 507 0273,4.6,1020,3,$$$,OPERATIONAL,restaurant,Restaurant,"restaurant,food,point_of_interest,establishment","Monday: 12:00 – 11:00 PM
Tuesday: 12:00 – 11:00 PM
Wednesday: 12:00 – 11:00 PM
Thursday: 12:00 – 11:00 PM
Friday: 12:00 PM – 12:00 AM
Saturday: 12:00 PM – 12:00 AM
Sunday: 11:00 AM – 10:00 PM",1,,,,,,,,,,,,,,,180,9GF6CQRP+6X
ChIJoXFqI5WVkkYRlLeg1BIG2jQ,Monster Pizza,"Mustamäe tee 39, 10619 Tallinn, Estonia","Mustamäe tee 39, Tallinn",39,Mustamäe tee,,Tallinn,Harju maakond,10619,Estonia,EE,59.4226832,24.699475699999997,https://maps.google.com/?cid=3808363112841656212&g_mp=Cilnb29nbGUubWFwcy5wbGFjZXMudjEuUGxhY2VzLlNlYXJjaE5lYXJieRACGAQgAA,http://www.monsterpizza.ee/,5391 3768,+372 5391 3768,4.6,399,2,$$,OPERATIONAL,pizza_restaurant,Pizza Restaurant,"pizza_restaurant,restaurant,food,point_of_interest,establishment","Monday: 12:00 – 9:00 PM
Tuesday: 12:00 – 9:00 PM
Wednesday: 12:00 – 9:00 PM
Thursday: 12:00 – 9:00 PM
Friday: 12:00 – 10:00 PM
Saturday: 12:00 – 10:00 PM
Sunday: 12:00 – 9:00 PM",0,,,,,,,,,,,,,,,180,9GF6CMFX+3Q
ChIJ6zoK4HmVkkYRP4YYzKEKt-E,Moos Resto,"Kadaka tee 133, 12915 Tallinn, Estonia","Kadaka tee 133, Tallinn",133,Kadaka tee,,Tallinn,Harju maakond,12915,Estonia,EE,59.4122178,24.6691483,https://maps.google.com/?cid=16264480269302007359&g_mp=Cilnb29nbGUubWFwcy5wbGFjZXMudjEuUGxhY2VzLlNlYXJjaE5lYXJieRACGAQgAA,https://moosresto.ee/et,600 1112,+372 600 1112,4.6,531,2,$$,OPERATIONAL,restaurant,Restaurant,"restaurant,food,point_of_interest,establishment","Monday: 11:00 AM – 9:00 PM
Tuesday: 11:00 AM – 9:00 PM
Wednesday: 11:00 AM – 9:00 PM
Thursday: 11:00 AM – 9:00 PM
Friday: 11:00 AM – 10:00 PM
Saturday: 12:00 – 10:00 PM
Sunday: 12:00 – 8:00 PM",1,,,,,,,,,,,,,,,180,9GF6CM69+VM
ChIJ9eDhaQCVkkYRxzoC5I_we6s,Morel Bistroo,"Toom-Kuninga tn 21, 10122 Tallinn, Estonia","Toom-Kuninga tn 21, Tallinn",21,Toom-Kuninga tänav,,Tallinn,Harju maakond,10122,Estonia,EE,59.426694,24.736031699999998,https://maps.google.com/?cid=12356734503417428679&g_mp=Cilnb29nbGUubWFwcy5wbGFjZXMudjEuUGxhY2VzLlNlYXJjaE5lYXJieRACGAQgAA,https://www.instagram.com/morelbistroo/,517 3121,+372 517 3121,4.8,142,2,$$,OPERATIONAL,restaurant,Restaurant,"restaurant,food,point_of_interest,establishment","Monday: 12:00 – 10:00 PM
Tuesday: 12:00 – 11:00 PM
Wednesday: 12:00 – 11:00 PM
Thursday: 12:00 – 11:00 PM
Friday: 12:00 – 11:00 PM
Saturday: 11:00 AM – 11:00 PM
Sunday: Closed",1,,,,,,,,,,,,,,,180,9GF6CPGP+MC
ChIJITHkHJ6UkkYRRU6OhL14GXE,Must Puudel,"Kuninga tn 4, 10146 Tallinn, Estonia","Kuninga tn 4, Tallinn",4,Kuninga tänav,,Tallinn,Harju maakond,10146,Estonia,EE,59.436513100000006,24.7453561,https://maps.google.com/?cid=8149677756071693893&g_mp=Cilnb29nbGUubWFwcy5wbGFjZXMudjEuUGxhY2VzLlNlYXJjaE5lYXJieRACGAQgAA,https://mustpuudel.ee/,5332 5072,+372 5332 5072,4.4,2161,2,$$,OPERATIONAL,cafe,Cafe,"cafe,bar,restaurant,food,point_of_interest,establishment","Monday: 9:00 AM – 11:00 PM
Tuesday: 9:00 AM – 12:00 AM
Wednesday: 9:00 AM – 12:30 AM
Thursday: 9:00 AM – 12:30 AM
Friday: 9:00 AM – 1:30 AM
Saturday: 9:00 AM – 1:30 AM
Sunday: 9:00 AM – 11:00 PM",1,,,,,,,,,,,,,,,180,9GF6CPPW+J4
ChIJoeZNVwCTkkYRwbITAQ_Uy9s,My Asian Foods,"Tuukri tn 19, 10152 Tallinn, Estonia","Tuukri tn 19, Tallinn",19,Tuukri tänav,,Tallinn,Harju maakond,10152,Estonia,EE,59.4409517,24.774362999999997,https://maps.google.com/?cid=15837985675486147265&g_mp=Cilnb29nbGUubWFwcy5wbGFjZXMudjEuUGxhY2VzLlNlYXJjaE5lYXJieRACGAQgAA,,5688 6479,+372 5688 6479,4.9,45,1,$,OPERATIONAL,asian_restaurant,Asian Restaurant,"asian_restaurant,restaurant,food,point_of_interest,establishment","Monday: 11:00 AM – 11:00 PM
Tuesday: 11:00 AM – 11:00 PM
Wednesday: 11:00 AM – 11:00 PM
Thursday: 11:00 AM – 11:00 PM
Friday: 11:00 AM – 11:00 PM
Saturday: 11:00 AM – 11:00 PM
Sunday: 11:00 AM – 11:00 PM",1,,,,,,,,,,,,,,,180,9GF6CQRF+9P
ChIJAcTLeWGTkkYR8rMnVV7pchY,My Indian Store,"Narva mnt 6, 10117 Tallinn, Estonia","Narva mnt 6, Tallinn",6,Narva maantee,,Tallinn,Harju maakond,10117,Estonia,EE,59.4370778,24.7613482,https://maps.google.com/?cid=1617611807544292338&g_mp=Cilnb29nbGUubWFwcy5wbGFjZXMudjEuUGxhY2VzLlNlYXJjaE5lYXJieRACGAQgAA,https://myindianstore.eu/,550 2980,+372 550 2980,4.2,255,,,OPERATIONAL,asian_grocery_store,Asian Grocery Store,"department_store,supermarket,meal_takeaway,asian_grocery_store,grocery_store,confectionery,food_store,store,restaurant,food,point_of_interest,establishment","Monday: 10:00 AM – 10:00 PM
Tuesday: 10:00 AM – 10:00 PM
Wednesday: 10:00 AM – 10:00 PM
Thursday: 10:00 AM – 10:00 PM
Friday: 10:00 AM – 10:00 PM
Saturday: 10:00 AM – 10:00 PM
Sunday: 10:00 AM – 10:00 PM",1,,,,,,,,,,,,,,,180,9GF6CQP6+RG
ChIJ5RofRsWTkkYRzQeL3S_wB8k,MyShisha Estonia - Kai resto,"Mere pst 20c, 10111 Tallinn, Estonia","Mere pst 20c, Tallinn",20c,Mere puiestee,,Tallinn,Harju maakond,10111,Estonia,EE,59.448136899999994,24.753645799999997,https://maps.google.com/?cid=14485810814831495117&g_mp=Cilnb29nbGUubWFwcy5wbGFjZXMudjEuUGxhY2VzLlNlYXJjaE5lYXJieRACGAQgAA,https://shisha-estonia.ee/,755 6000,+372 755 6000,4.8,187,2,$$,CLOSED_TEMPORARILY,hookah_bar,Hookah Bar,"hookah_bar,cocktail_bar,live_music_venue,event_venue,bar,restaurant,food,point_of_interest,establishment",,,,,,,,,,,,,,,,,180,9GF6CQX3+7F
ChIJi_xRHmGTkkYRPznLON0xqRE,MyShisha Estonia - Mere resto,"Mere pst 4, 10111 Tallinn, Estonia","Mere pst 4, Tallinn",4,Mere puiestee,,Tallinn,Harju maakond,10111,Estonia,EE,59.4382385,24.754350499999997,https://maps.google.com/?cid=1272603195919251775&g_mp=Cilnb29nbGUubWFwcy5wbGFjZXMudjEuUGxhY2VzLlNlYXJjaE5lYXJieRACGAQgAA,http://shisha-estonia.ee/,889 8888,+372 889 8888,4.8,1062,2,$$,OPERATIONAL,hookah_bar,Hookah Bar,"hookah_bar,cocktail_bar,sushi_restaurant,gastropub,bar,live_music_venue,event_venue,japanese_restaurant,restaurant,food,point_of_interest,store,establishment","Monday: 1:00 – 11:00 PM
Tuesday: 1:00 – 11:00 PM
Wednesday: 1:00 PM – 12:00 AM
Thursday: 1:00 PM – 12:00 AM
Friday: 1:00 PM – 2:00 AM
Saturday: 1:00 PM – 2:00 AM
Sunday: 1:00 – 11:00 PM",0,,,,,,,,,,,,,,,180,9GF6CQQ3+7P
ChIJ0bY9jXqTkkYRRj-GGmYroO4,MySushi Apollo Plaza,"Hobujaama tn 5, 10151 Tallinn, Estonia","Hobujaama tn 5, Tallinn",5,Hobujaama tänav,,Tallinn,Harju maakond,10151,Estonia,EE,59.4382669,24.755964400000003,https://maps.google.com/?cid=17194791094832217926&g_mp=Cilnb29nbGUubWFwcy5wbGFjZXMudjEuUGxhY2VzLlNlYXJjaE5lYXJieRACGAQgAA,https://takeaway-plaza.mysushi.menu/,5831 1711,+372 5831 1711,3.6,82,2,$$,OPERATIONAL,restaurant,Restaurant,"restaurant,food,point_of_interest,establishment","Monday: 11:00 AM – 9:00 PM
Tuesday: 11:00 AM – 9:00 PM
Wednesday: 11:00 AM – 9:00 PM
Thursday: 11:00 AM – 9:00 PM
Friday: 11:00 AM – 10:00 PM
Saturday: 11:00 AM – 10:00 PM
Sunday: 11:00 AM – 9:00 PM",1,,,,,,,,,,,,,,,180,9GF6CQQ4+89
ChIJ4aj43saVkkYRees_-CS3-Hs,MySushi Järve,"Pärnu mnt. 238, 11624 Tallinn, Estonia","Pärnu mnt. 238, Tallinn",238,Pärnu maantee,,Tallinn,Harju maakond,11624,Estonia,EE,59.3921629,24.7209503,https://maps.google.com/?cid=8933091230301023097&g_mp=Cilnb29nbGUubWFwcy5wbGFjZXMudjEuUGxhY2VzLlNlYXJjaE5lYXJieRACGAQgAA,https://jarve.mysushi.ee/,5777 7743,+372 5777 7743,3.2,93,2,$$,OPERATIONAL,sushi_restaurant,Sushi Restaurant,"sushi_restaurant,cafe,japanese_restaurant,meal_takeaway,restaurant,food,point_of_interest,establishment","Monday: 10:00 AM – 9:00 PM
Tuesday: 10:00 AM – 9:00 PM
Wednesday: 10:00 AM – 9:00 PM
Thursday: 10:00 AM – 9:00 PM
Friday: 10:00 AM – 10:00 PM
Saturday: 10:00 AM – 10:00 PM
Sunday: 10:00 AM – 9:00 PM",1,,,,,,,,,,,,,,,180,9GF69PRC+V9
ChIJbb6eN-CVkkYRBJoGBmo5e-s,MySushi Magistrali,"Sõpruse pst 201/203, 13419 Tallinn, Estonia","Parking lot, Sõpruse pst 201/203, Tallinn",201/203,Sõpruse puiestee,,Tallinn,Harju maakond,13419,Estonia,EE,59.401600900000005,24.697653,https://maps.google.com/?cid=16968219148578888196&g_mp=Cilnb29nbGUubWFwcy5wbGFjZXMudjEuUGxhY2VzLlNlYXJjaE5lYXJieRACGAQgAA,http://magistral.mysushi.ee/,711 8800,+372 711 8800,3.8,160,2,$$,OPERATIONAL,sushi_restaurant,Sushi Restaurant,"sushi_restaurant,japanese_restaurant,restaurant,food,point_of_interest,establishment","Monday: 11:30 AM – 9:00 PM
Tuesday: 11:30 AM – 9:00 PM
Wednesday: 11:30 AM – 9:00 PM
Thursday: 11:30 AM – 9:00 PM
Friday: 11:30 AM – 10:00 PM
Saturday: 12:00 – 10:00 PM
Sunday: 12:00 – 9:00 PM",1,,,,,,,,,,,,,,,180,9GF6CM2X+J3
ChIJF8MaJQWVkkYROXYnW2ky6tE,MySushi Mustamäe Keskus,"A. H. Tammsaare tee 104a, 12918 Tallinn, Estonia","A. H. Tammsaare tee 104a, Tallinn",104a,A. H. Tammsaare tee,,Tallinn,Harju maakond,12918,Estonia,EE,59.4081646,24.6898112,https://maps.google.com/?cid=15125957726559499833&g_mp=Cilnb29nbGUubWFwcy5wbGFjZXMudjEuUGxhY2VzLlNlYXJjaE5lYXJieRACGAQgAA,https://mustamae.mysushi.ee/,882 8888,+372 882 8888,3.9,217,2,$$,OPERATIONAL,sushi_restaurant,Sushi Restaurant,"sushi_restaurant,cafe,meal_takeaway,japanese_restaurant,restaurant,food,point_of_interest,establishment","Monday: 11:00 AM – 10:00 PM
Tuesday: 11:00 AM – 10:00 PM
Wednesday: 11:00 AM – 10:00 PM
Thursday: 11:00 AM – 10:00 PM
Friday: 11:00 AM – 11:00 PM
Saturday: 11:00 AM – 11:00 PM
Sunday: 11:00 AM – 10:00 PM",1,,,,,,,,,,,,,,,180,9GF6CM5Q+7W
ChIJmTUZK_eTkkYReHrd6TsTdGg,MySushi Pirita,"Rummu tee 4, 11911 Tallinn, Estonia","Rummu tee 4, Tallinn",4,Rummu tee,,Tallinn,Harju maakond,11911,Estonia,EE,59.46235199999999,24.8287998,https://maps.google.com/?cid=7526662025290545784&g_mp=Cilnb29nbGUubWFwcy5wbGFjZXMudjEuUGxhY2VzLlNlYXJjaE5lYXJieRACGAQgAA,https://pirita.mysushi.ee/,5777 7720,+372 5777 7720,4.0,397,2,$$,OPERATIONAL,sushi_restaurant,Sushi Restaurant,"sushi_restaurant,meal_takeaway,japanese_restaurant,cafe,restaurant,food,point_of_interest,establishment","Monday: 11:30 AM – 8:00 PM
Tuesday: 11:30 AM – 8:00 PM
Wednesday: 11:30 AM – 8:00 PM
Thursday: 11:30 AM – 8:00 PM
Friday: 11:30 AM – 10:00 PM
Saturday: 12:00 – 10:00 PM
Sunday: 12:00 – 8:00 PM",1,,,,,,,,,,,,,,,180,9GF6FR6H+WG
ChIJhe_E2A-TkkYRfMBNK6l4mPg,MySushi Pirita Keskus,"Merivälja tee 24, 12112 Tallinn, Estonia","Merivälja tee 24, Tallinn",24,Merivälja tee,,Tallinn,Harju maakond,12112,Estonia,EE,59.4686878,24.8352105,https://maps.google.com/?cid=17913200185837469820&g_mp=Cilnb29nbGUubWFwcy5wbGFjZXMudjEuUGxhY2VzLlNlYXJjaE5lYXJieRACGAQgAA,https://takeaway-pirita.mysushi.menu/,5777 7720,+372 5777 7720,3.9,30,2,$$,OPERATIONAL,restaurant,Restaurant,"restaurant,food,point_of_interest,establishment","Monday: 11:00 AM – 9:00 PM
Tuesday: 11:00 AM – 9:00 PM
Wednesday: 11:00 AM – 9:00 PM
Thursday: 11:00 AM – 9:00 PM
Friday: 11:00 AM – 10:00 PM
Saturday: 11:00 AM – 10:00 PM
Sunday: 11:00 AM – 9:00 PM",1,,,,,,,,,,,,,,,180,9GF6FR9P+F3
ChIJJ1t0cC-VkkYRnBi9xUSyafA,MySushi Sikupilli,"2, Tartu mnt 87, 10112 Tallinn, Estonia","2, Tartu mnt 87, Tallinn",87,Tartu maantee,,Tallinn,Harju maakond,10112,Estonia,EE,59.42606800000001,24.7827661,https://maps.google.com/?cid=17323573450102347932&g_mp=Cilnb29nbGUubWFwcy5wbGFjZXMudjEuUGxhY2VzLlNlYXJjaE5lYXJieRACGAQgAA,https://sikupilli.mysushi.ee/,551 5406,+372 551 5406,4.1,70,2,$$,OPERATIONAL,sushi_restaurant,Sushi Restaurant,"sushi_restaurant,japanese_restaurant,restaurant,food,point_of_interest,establishment","Monday: 11:30 AM – 8:00 PM
Tuesday: 11:30 AM – 8:00 PM
Wednesday: 11:30 AM – 8:00 PM
Thursday: 11:30 AM – 8:00 PM
Friday: 11:30 AM – 10:00 PM
Saturday: 11:30 AM – 10:00 PM
Sunday: 12:00 – 8:00 PM",1,,,,,,,,,,,,,,,180,9GF6CQGM+C4
ChIJbZ2ALj3tkkYR3vmWOMlLQKU,MySushi Smuuli Maxima,"J. Smuuli tee 9, 13628 Tallinn, Estonia","J. Smuuli tee 9, Tallinn",9,J. Smuuli tee,,Tallinn,Harju maakond,13628,Estonia,EE,59.443594499999996,24.822901100000003,https://maps.google.com/?cid=11907600742377519582&g_mp=Cilnb29nbGUubWFwcy5wbGFjZXMudjEuUGxhY2VzLlNlYXJjaE5lYXJieRACGAQgAA,https://smuuli.mysushi.ee/,788 8877,+372 788 8877,3.8,84,2,$$,OPERATIONAL,sushi_restaurant,Sushi Restaurant,"sushi_restaurant,cafe,meal_takeaway,japanese_restaurant,restaurant,food,point_of_interest,establishment","Monday: 12:00 – 9:00 PM
Tuesday: 12:00 – 9:00 PM
Wednesday: 12:00 – 9:00 PM
Thursday: 12:00 – 9:00 PM
Friday: 11:00 AM – 9:00 PM
Saturday: 11:00 AM – 9:00 PM
Sunday: 12:00 – 9:00 PM",0,,,,,,,,,,,,,,,180,9GF6CRVF+C5
ChIJx4rzYV-TkkYR84LFn0TFGc0,MySushi Stockmann,"Liivalaia tn 53, 10145 Tallinn, Estonia","Liivalaia tn 53, Tallinn",53,Liivalaia tänav,,Tallinn,Harju maakond,10145,Estonia,EE,59.4326553,24.762084899999998,https://maps.google.com/?cid=14779060550721962739&g_mp=Cilnb29nbGUubWFwcy5wbGFjZXMudjEuUGxhY2VzLlNlYXJjaE5lYXJieRACGAQgAA,https://stockmann.mysushi.ee/,788 8887,+372 788 8887,3.8,489,2,$$,OPERATIONAL,sushi_restaurant,Sushi Restaurant,"sushi_restaurant,cafe,japanese_restaurant,meal_takeaway,restaurant,food,point_of_interest,establishment","Monday: 11:30 AM – 8:00 PM
Tuesday: 11:30 AM – 9:00 PM
Wednesday: 11:30 AM – 9:00 PM
Thursday: 11:30 AM – 9:00 PM
Friday: 11:30 AM – 9:00 PM
Saturday: 12:00 – 9:00 PM
Sunday: 12:00 – 7:00 PM",1,,,,,,,,,,,,,,,180,9GF6CQM6+3R
ChIJP-xF5HjrkkYRl-jMrP8zvq8,MySushi Ülemiste,"Suur-Sõjamäe tn 4, 11415 Tallinn, Estonia","Suur-Sõjamäe tn 4, Tallinn",4,Suur-Sõjamäe tänav,,Tallinn,Harju maakond,11415,Estonia,EE,59.4219071,24.7944225,https://maps.google.com/?cid=12663616375421200535&g_mp=Cilnb29nbGUubWFwcy5wbGFjZXMudjEuUGxhY2VzLlNlYXJjaE5lYXJieRACGAQgAA,https://ulemiste.mysushi.ee/,715 5551,+372 715 5551,3.2,152,2,$$,OPERATIONAL,sushi_restaurant,Sushi Restaurant,"sushi_restaurant,cafe,meal_takeaway,japanese_restaurant,restaurant,food,point_of_interest,establishment","Monday: 11:00 AM – 10:00 PM
Tuesday: 11:00 AM – 10:00 PM
Wednesday: 11:00 AM – 10:00 PM
Thursday: 11:00 AM – 10:00 PM
Friday: 11:00 AM – 10:00 PM
Saturday: 11:00 AM – 10:00 PM
Sunday: 11:00 AM – 10:00 PM",1,,,,,,,,,,,,,,,180,9GF6CQCV+QQ
ChIJC9oobEPrkkYR9d2TRh4VUM8,Mõigu Bistroo,"Kaabli tn 7-9, 10112 Tallinn, Estonia","Kaabli tn 7-9, Tallinn",7,Kaabli tänav,,Tallinn,Harju maakond,10112,Estonia,EE,59.408167,24.811377300000004,https://maps.google.com/?cid=14938463183765233141&g_mp=Cilnb29nbGUubWFwcy5wbGFjZXMudjEuUGxhY2VzLlNlYXJjaE5lYXJieRACGAQgAA,,5458 4835,+372 5458 4835,4.5,165,1,$,OPERATIONAL,bistro,Bistro,"bistro,restaurant,food,point_of_interest,establishment","Monday: 10:00 AM – 3:00 PM
Tuesday: 10:00 AM – 3:00 PM
Wednesday: 10:00 AM – 3:00 PM
Thursday: 10:00 AM – 3:00 PM
Friday: 10:00 AM – 3:00 PM
Saturday: Closed
Sunday: Closed",1,,,,,,,,,,,,,,,180,9GF6CR56+7H
ChIJ13_M7OuTkkYRuR-l9gedxzs,Nautilus Oyster Bar,"Laeva tn 1, 10111 Tallinn, Estonia","Laeva tn 1, Tallinn",1,Laeva tänav,,Tallinn,Harju maakond,10111,Estonia,EE,59.441096400000006,24.757969199999998,https://maps.google.com/?cid=4307584226131517369&g_mp=Cilnb29nbGUubWFwcy5wbGFjZXMudjEuUGxhY2VzLlNlYXJjaE5lYXJieRACGAQgAA,https://thenautilus.ee/,5780 7777,+372 5780 7777,4.7,129,,,OPERATIONAL,seafood_restaurant,Seafood Restaurant,"seafood_restaurant,oyster_bar_restaurant,bar,restaurant,food,point_of_interest,establishment","Monday: 12:00 – 11:00 PM
Tuesday: 12:00 – 11:00 PM
Wednesday: 12:00 – 11:00 PM
Thursday: 12:00 – 11:00 PM
Friday: 12:00 PM – 12:00 AM
Saturday: 12:00 PM – 12:00 AM
Sunday: 12:00 – 11:00 PM",1,,,,,,,,,,,,,,,180,9GF6CQR5+C5
ChIJkb_h8leTkkYRXkGr8bMCwXw,Neko Sushi Delivery & Takeaway in Tallinn,"J. Kunderi tn 35a, 10121 Tallinn, Estonia","J. Kunderi tn 35a, Tallinn",35a,J. Kunderi tänav,,Tallinn,Harju maakond,10121,Estonia,EE,59.4310026,24.776491999999998,https://maps.google.com/?cid=8989469303085154654&g_mp=Cilnb29nbGUubWFwcy5wbGFjZXMudjEuUGxhY2VzLlNlYXJjaE5lYXJieRACGAQgAA,http://www.neko.ee/,5558 0030,+372 5558 0030,4.4,117,,,OPERATIONAL,meal_delivery,Delivery Restaurant,"meal_delivery,food_delivery,meal_takeaway,restaurant,food,point_of_interest,establishment","Monday: 11:00 AM – 9:00 PM
Tuesday: 11:00 AM – 9:00 PM
Wednesday: 11:00 AM – 9:00 PM
Thursday: 11:00 AM – 9:00 PM
Friday: 11:00 AM – 10:00 PM
Saturday: 11:00 AM – 10:00 PM
Sunday: 11:00 AM – 9:00 PM",1,,,,,,,,,,,,,,,180,9GF6CQJG+CH
ChIJ8xcZO7uTkkYRq4cQ13UTGiA,New Thai Kalamaja,"Vana-Kalamaja tn 18, 10414 Tallinn, Estonia","Vana-Kalamaja tn 18, Tallinn",18,Vana-Kalamaja tänav,,Tallinn,Harju maakond,10414,Estonia,EE,59.443953099999995,24.738111,https://maps.google.com/?cid=2313182755448457131&g_mp=Cilnb29nbGUubWFwcy5wbGFjZXMudjEuUGxhY2VzLlNlYXJjaE5lYXJieRACGAQgAA,http://newthai.ee/,5665 3952,+372 5665 3952,4.8,304,2,$$,OPERATIONAL,thai_restaurant,Thai Restaurant,"thai_restaurant,restaurant,food,point_of_interest,establishment","Monday: 12:00 – 9:00 PM
Tuesday: 12:00 – 9:00 PM
Wednesday: 12:00 – 9:00 PM
Thursday: 12:00 – 9:00 PM
Friday: 12:00 – 9:00 PM
Saturday: 1:00 – 9:00 PM
Sunday: 1:00 – 9:00 PM",1,,,,,,,,,,,,,,,180,9GF6CPVQ+H6
ChIJk9XtX6eUkkYRSnaJL66bJ8Q,New Thai Restaurant,"Lastekodu tn 9, 10115 Tallinn, Estonia","Lastekodu tn 9, Tallinn",9,Lastekodu tänav,,Tallinn,Harju maakond,10115,Estonia,EE,59.4310901,24.7668267,https://maps.google.com/?cid=14134437127949743690&g_mp=Cilnb29nbGUubWFwcy5wbGFjZXMudjEuUGxhY2VzLlNlYXJjaE5lYXJieRACGAQgAA,http://newthai.ee/,517 4338,+372 517 4338,4.5,709,2,$$,OPERATIONAL,thai_restaurant,Thai Restaurant,"thai_restaurant,restaurant,food,point_of_interest,establishment","Monday: 12:00 – 9:00 PM
Tuesday: 12:00 – 9:00 PM
Wednesday: 12:00 – 9:00 PM
Thursday: 12:00 – 9:00 PM
Friday: 12:00 – 9:00 PM
Saturday: 12:00 – 9:00 PM
Sunday: 12:00 – 9:00 PM",1,,,,,,,,,,,,,,,180,9GF6CQJ8+CP
ChIJlSo5s_mUkkYRxTg2Ov12Qaw,New York Pizza Mustamäe keskus,"A. H. Tammsaare tee 104a, 12918 Tallinn, Estonia","A. H. Tammsaare tee 104a, Tallinn",104a,A. H. Tammsaare tee,,Tallinn,Harju maakond,12918,Estonia,EE,59.4082801,24.6891851,https://maps.google.com/?cid=12412332877985233093&g_mp=Cilnb29nbGUubWFwcy5wbGFjZXMudjEuUGxhY2VzLlNlYXJjaE5lYXJieRACGAQgAA,http://www.newyorkpizza.ee/,601 0204,+372 601 0204,3.9,322,2,$$,OPERATIONAL,pizza_restaurant,Pizza Restaurant,"pizza_restaurant,restaurant,food,point_of_interest,establishment","Monday: 11:00 AM – 3:00 AM
Tuesday: 11:00 AM – 3:00 AM
Wednesday: 11:00 AM – 3:00 AM
Thursday: 11:00 AM – 3:00 AM
Friday: 11:00 AM – 6:00 AM
Saturday: 11:00 AM – 6:00 AM
Sunday: 11:00 AM – 3:00 AM",1,,,,,,,,,,,,,,,180,9GF6CM5Q+8M
ChIJLWRfwl3rkkYRN8dL4DTJsIM,NewYork Pizza Ülemiste,"Suur-Sõjamäe tn 4, 11316 Tallinn, Estonia","Suur-Sõjamäe tn 4, Tallinn",4,Suur-Sõjamäe tänav,,Tallinn,Harju maakond,11316,Estonia,EE,59.422579899999995,24.7938187,https://maps.google.com/?cid=9489305643808180023&g_mp=Cilnb29nbGUubWFwcy5wbGFjZXMudjEuUGxhY2VzLlNlYXJjaE5lYXJieRACGAQgAA,http://www.newyorkpizza.ee/,601 0221,+372 601 0221,4.4,127,2,$$,OPERATIONAL,pizza_restaurant,Pizza Restaurant,"pizza_restaurant,restaurant,food,point_of_interest,establishment","Monday: 10:00 AM – 10:00 PM
Tuesday: 10:00 AM – 10:00 PM
Wednesday: 10:00 AM – 10:00 PM
Thursday: 10:00 AM – 10:00 PM
Friday: 10:00 AM – 10:00 PM
Saturday: 10:00 AM – 10:00 PM
Sunday: 10:00 AM – 10:00 PM",1,,,,,,,,,,,,,,,180,9GF6CQFV+2G
ChIJpTuWpV-TkkYRQvjAHc6YfFw,Nikolay Bar-buffeé,"Gonsiori tn 10, 10117 Tallinn, Estonia","Gonsiori tn 10, Tallinn",10,Gonsiori tänav,,Tallinn,Harju maakond,10117,Estonia,EE,59.434932100000005,24.761269199999997,https://maps.google.com/?cid=6664369559631362114&g_mp=Cilnb29nbGUubWFwcy5wbGFjZXMudjEuUGxhY2VzLlNlYXJjaE5lYXJieRACGAQgAA,http://nikolay.ee/,673 2060,+372 673 2060,4.7,1968,2,$$,OPERATIONAL,cafe,Cafe,"cafe,bakery,bar,food_store,store,restaurant,food,point_of_interest,establishment","Monday: 9:00 AM – 9:00 PM
Tuesday: 9:00 AM – 9:00 PM
Wednesday: 9:00 AM – 9:00 PM
Thursday: 9:00 AM – 9:00 PM
Friday: 9:00 AM – 9:00 PM
Saturday: 9:00 AM – 9:00 PM
Sunday: 10:00 AM – 9:00 PM",1,,,,,,,,,,,,,,,180,9GF6CQM6+XG
ChIJ8br7cLqTkkYRLQg-GpEKGbc,Nirvana Resto&Bar,"Vana-Viru tn 10, 10111 Tallinn, Estonia","Vana-Viru tn 10, Tallinn",10,Vana-Viru tänav,,Tallinn,Harju maakond,10111,Estonia,EE,59.437243800000005,24.7507993,https://maps.google.com/?cid=13193588201685387309&g_mp=Cilnb29nbGUubWFwcy5wbGFjZXMudjEuUGxhY2VzLlNlYXJjaE5lYXJieRACGAQgAA,https://nirvana.ee/,5848 6458,+372 5848 6458,4.7,57,2,$$,OPERATIONAL,restaurant,Restaurant,"restaurant,food,point_of_interest,establishment","Monday: 11:00 AM – 12:00 AM
Tuesday: 11:00 AM – 12:00 AM
Wednesday: 11:00 AM – 12:00 AM
Thursday: 11:00 AM – 12:00 AM
Friday: 11:00 AM – 2:00 AM
Saturday: 11:00 AM – 2:00 AM
Sunday: 11:00 AM – 12:00 AM",1,,,,,,,,,,,,,,,180,9GF6CQP2+V8
ChIJwWO2pbuTkkYRPNXB17if3mo,Noho Restaurant & Bar,"Viru väljak 3, 10111 Tallinn, Estonia","Parking lot, Viru väljak 3, Tallinn",3,Viru väljak,,Tallinn,Harju maakond,10111,Estonia,EE,59.4373375,24.7547389,https://maps.google.com/?cid=7700768029092730172&g_mp=Cilnb29nbGUubWFwcy5wbGFjZXMudjEuUGxhY2VzLlNlYXJjaE5lYXJieRACGAQgAA,https://www.nordichotels.eu/restoranid/noho/,622 2980,+372 622 2980,4.0,86,2,$$,OPERATIONAL,restaurant,Restaurant,"restaurant,food,point_of_interest,establishment","Monday: 11:30 AM – 11:00 PM
Tuesday: 11:30 AM – 11:00 PM
Wednesday: 11:30 AM – 11:00 PM
Thursday: 11:30 AM – 11:00 PM
Friday: 11:30 AM – 11:00 PM
Saturday: 11:30 AM – 11:00 PM
Sunday: 11:30 AM – 11:00 PM",1,,,,,,,,,,,,,,,180,9GF6CQP3+WV
ChIJ67n7HwCTkkYRDt4HFUOU1HQ,Nomade Restaurant,"Ahtri, 10151 Tallinn, Estonia","Parking lot, Ahtri, Tallinn",,Ahtri,,Tallinn,Harju maakond,10151,Estonia,EE,59.440072900000004,24.757187899999998,https://maps.google.com/?cid=8418516619298856462&g_mp=Cilnb29nbGUubWFwcy5wbGFjZXMudjEuUGxhY2VzLlNlYXJjaE5lYXJieRACGAQgAA,https://nomade.ee/en/,510 6530,+372 510 6530,4.3,122,2,$$,OPERATIONAL,brunch_restaurant,Brunch Restaurant,"brunch_restaurant,cocktail_bar,breakfast_restaurant,bar,restaurant,food,point_of_interest,establishment","Monday: 8:30 AM – 10:00 PM
Tuesday: 8:30 AM – 10:00 PM
Wednesday: 8:30 AM – 10:00 PM
Thursday: 8:30 AM – 10:00 PM
Friday: 8:30 AM – 11:00 PM
Saturday: 10:00 AM – 11:00 PM
Sunday: 10:00 AM – 8:00 PM",1,,,,,,,,,,,,,,,180,9GF6CQR4+2V
ChIJy7vdrluTkkYRLL1n9Pipn-g,NOP Cafe and Shop,"J. Köleri tn 1, 10150 Tallinn, Estonia","J. Köleri tn 1, Tallinn",1,J. Köleri tänav,,Tallinn,Harju maakond,10150,Estonia,EE,59.43835079999999,24.7763943,https://maps.google.com/?cid=16762303224813698348&g_mp=Cilnb29nbGUubWFwcy5wbGFjZXMudjEuUGxhY2VzLlNlYXJjaE5lYXJieRACGAQgAA,http://www.nop.ee/,603 2270,+372 603 2270,4.5,1933,2,$$,OPERATIONAL,cafe,Cafe,"cafe,breakfast_restaurant,restaurant,point_of_interest,food,establishment","Monday: 8:00 AM – 9:00 PM
Tuesday: 8:00 AM – 9:00 PM
Wednesday: 8:00 AM – 9:00 PM
Thursday: 8:00 AM – 9:00 PM
Friday: 8:00 AM – 9:00 PM
Saturday: 9:00 AM – 8:00 PM
Sunday: 9:00 AM – 8:00 PM",1,,,,,,,,,,,,,,,180,9GF6CQQG+8H
ChIJ0zHU-reTkkYR3w-Z3zGrl5o,Nora's Kitchen,"Pärnu mnt. 32, 10141 Tallinn, Estonia","Pärnu mnt. 32, Tallinn",32,Pärnu maantee,,Tallinn,Harju maakond,10141,Estonia,EE,59.4304975,24.7448718,https://maps.google.com/?cid=11139560434017308639&g_mp=Cilnb29nbGUubWFwcy5wbGFjZXMudjEuUGxhY2VzLlNlYXJjaE5lYXJieRACGAQgAA,https://noraskitcheneesti.com/,8127 5709,+372 8127 5709,4.9,166,2,$$,OPERATIONAL,filipino_restaurant,Filipino Restaurant,"filipino_restaurant,restaurant,food,point_of_interest,establishment","Monday: Closed
Tuesday: 11:00 AM – 8:00 PM
Wednesday: 11:00 AM – 8:00 PM
Thursday: 11:00 AM – 8:00 PM
Friday: 11:00 AM – 8:00 PM
Saturday: 11:00 AM – 8:00 PM
Sunday: 11:00 AM – 8:00 PM",1,,,,,,,,,,,,,,,180,9GF6CPJV+5W
ChIJmQFCtl2TkkYRLNBJH3T0K-c,NOY City,"Tuukri tn 26-10151, 10151 Tallinn, Estonia","Tuukri tn 26-10151, Tallinn",26,Tuukri tänav,,Tallinn,Harju maakond,10151,Estonia,EE,59.439464599999994,24.7662069,https://maps.google.com/?cid=16657676426338226220&g_mp=Cilnb29nbGUubWFwcy5wbGFjZXMudjEuUGxhY2VzLlNlYXJjaE5lYXJieRACGAQgAA,,640 0325,+372 640 0325,4.4,478,2,$$,CLOSED_TEMPORARILY,mediterranean_restaurant,Mediterranean Restaurant,"mediterranean_restaurant,restaurant,food,point_of_interest,establishment",,,,,,,,,,,,,,,,,180,9GF6CQQ8+QF
ChIJj8wi57WTkkYRwhcy9Uh3R7w,NuFace Balti Jaama turg,"Kopli tn 1, 10412 Tallinn, Estonia","Kopli tn 1, Tallinn",1,Kopli tänav,,Tallinn,Harju maakond,10412,Estonia,EE,59.441213700000006,24.734541600000004,https://maps.google.com/?cid=13566943557711960002&g_mp=Cilnb29nbGUubWFwcy5wbGFjZXMudjEuUGxhY2VzLlNlYXJjaE5lYXJieRACGAQgAA,http://www.nuface.ee/,5781 8540,+372 5781 8540,3.8,173,1,$,OPERATIONAL,chinese_restaurant,Chinese Restaurant,"chinese_restaurant,asian_restaurant,restaurant,food,point_of_interest,establishment","Monday: 9:00 AM – 8:00 PM
Tuesday: 9:00 AM – 8:00 PM
Wednesday: 9:00 AM – 8:00 PM
Thursday: 9:00 AM – 8:00 PM
Friday: 9:00 AM – 8:00 PM
Saturday: 9:00 AM – 8:00 PM
Sunday: 9:00 AM – 6:00 PM",1,,,,,,,,,,,,,,,180,9GF6CPRM+FR
ChIJldFh9u_rkkYRrWlI1F2vWWo,NuFace Ülemiste City,"Sepise tn 8, 11415 Tallinn, Estonia","Ülemiste City, Sepise tn 8, Tallinn",8,Sepise tänav,,Tallinn,Harju maakond,11415,Estonia,EE,59.4192011,24.8057469,https://maps.google.com/?cid=7663349058475944365&g_mp=Cilnb29nbGUubWFwcy5wbGFjZXMudjEuUGxhY2VzLlNlYXJjaE5lYXJieRACGAQgAA,http://www.nuface.ee/,5871 5066,+372 5871 5066,4.4,235,2,$$,OPERATIONAL,chinese_restaurant,Chinese Restaurant,"chinese_restaurant,restaurant,food,point_of_interest,establishment","Monday: 11:00 AM – 4:00 PM
Tuesday: 11:00 AM – 4:00 PM
Wednesday: 11:00 AM – 4:00 PM
Thursday: 11:00 AM – 4:00 PM
Friday: 11:00 AM – 4:00 PM
Saturday: Closed
Sunday: Closed",1,,,,,,,,,,,,,,,180,9GF6CR94+M7
ChIJtx3AcwCVkkYR25Da7IRlAGA,Nunne Õllekoda,"Rüütli 28, 10130 Tallinn, Estonia","Rüütli 28, Tallinn",28,Rüütli,,Tallinn,Harju maakond,10130,Estonia,EE,59.434815799999996,24.741761399999998,https://maps.google.com/?cid=6917640649224917211&g_mp=Cilnb29nbGUubWFwcy5wbGFjZXMudjEuUGxhY2VzLlNlYXJjaE5lYXJieRACGAQgAA,https://www.facebook.com/nunneollekoda/,502 8901,+372 502 8901,4.8,183,2,$$,OPERATIONAL,restaurant,Restaurant,"restaurant,food,point_of_interest,establishment","Monday: 12:00 – 8:00 PM
Tuesday: 12:00 – 8:00 PM
Wednesday: 12:00 – 8:00 PM
Thursday: 12:00 – 10:00 PM
Friday: 12:00 – 10:00 PM
Saturday: 12:00 PM – 12:00 AM
Sunday: Closed",1,,,,,,,,,,,,,,,180,9GF6CPMR+WP
ChIJY4eHw7yVkkYRPCVDlzdAIis,Nuudel Kesklinn,"Mardi tn 1, 10145 Tallinn, Estonia","Mardi tn 1, Tallinn",1,Mardi tänav,,Tallinn,Harju maakond,10145,Estonia,EE,59.43071939999999,24.7619135,https://maps.google.com/?cid=3108117300344202556&g_mp=Cilnb29nbGUubWFwcy5wbGFjZXMudjEuUGxhY2VzLlNlYXJjaE5lYXJieRACGAQgAA,,5676 4690,+372 5676 4690,3.8,94,2,$$,OPERATIONAL,asian_restaurant,Asian Restaurant,"asian_restaurant,thai_restaurant,restaurant,food,point_of_interest,establishment","Monday: 11:00 AM – 10:00 PM
Tuesday: 11:00 AM – 10:00 PM
Wednesday: 11:00 AM – 10:00 PM
Thursday: 11:00 AM – 10:00 PM
Friday: 11:00 AM – 11:00 PM
Saturday: 11:00 AM – 11:00 PM
Sunday: 11:00 AM – 8:00 PM",1,,,,,,,,,,,,,,,180,9GF6CQJ6+7Q
ChIJ2ZfJrueVkkYRY4H5TUDewuw,Nuudel Mustamäe,"Akadeemia tee 21b, 12618 Tallinn, Estonia","Akadeemia tee 21b, Tallinn",21b,Akadeemia tee,,Tallinn,Harju maakond,12618,Estonia,EE,59.397824500000006,24.660050299999998,https://maps.google.com/?cid=17060442706200330595&g_mp=Cilnb29nbGUubWFwcy5wbGFjZXMudjEuUGxhY2VzLlNlYXJjaE5lYXJieRACGAQgAA,,5461 6940,+372 5461 6940,3.5,60,1,$,OPERATIONAL,thai_restaurant,Thai Restaurant,"thai_restaurant,restaurant,food,point_of_interest,establishment","Monday: 11:00 AM – 10:00 PM
Tuesday: 11:00 AM – 10:00 PM
Wednesday: 11:00 AM – 10:00 PM
Thursday: 11:00 AM – 10:00 PM
Friday: 11:00 AM – 10:00 PM
Saturday: 11:00 AM – 10:00 PM
Sunday: 12:00 – 8:00 PM",1,,,,,,,,,,,,,,,180,9GF69MX6+42
ChIJy1ZzUHOVkkYR96-GevVRDbU,Nuudel Telliskivi,"Telliskivi tn 15, 10611 Tallinn, Estonia","Telliskivi tn 15, Tallinn",15,Telliskivi tänav,,Tallinn,Harju maakond,10611,Estonia,EE,59.43502709999999,24.7189934,https://maps.google.com/?cid=13046173810326679543&g_mp=Cilnb29nbGUubWFwcy5wbGFjZXMudjEuUGxhY2VzLlNlYXJjaE5lYXJieRACGAQgAA,,655 5059,+372 655 5059,4.3,504,2,$$,OPERATIONAL,asian_restaurant,Asian Restaurant,"asian_restaurant,thai_restaurant,restaurant,food,point_of_interest,establishment","Monday: 11:00 AM – 10:00 PM
Tuesday: 11:00 AM – 10:00 PM
Wednesday: 11:00 AM – 10:00 PM
Thursday: 11:00 AM – 10:00 PM
Friday: 11:00 AM – 11:00 PM
Saturday: 11:00 AM – 11:00 PM
Sunday: 11:00 AM – 8:00 PM",1,,,,,,,,,,,,,,,180,9GF6CPP9+2H
ChIJc9fidRCVkkYRCIF2q8GIN50,Nõmme Jaamarestoran ELSA,"Jaama tn 18, 11615 Tallinn, Estonia","Jaama tn 18, Tallinn",18,Jaama tänav,,Tallinn,Harju maakond,11615,Estonia,EE,59.38621329999999,24.685910600000003,https://maps.google.com/?cid=11328673753060507912&g_mp=Cilnb29nbGUubWFwcy5wbGFjZXMudjEuUGxhY2VzLlNlYXJjaE5lYXJieRACGAQgAA,http://www.jaamarestoran.ee/,5623 5167,+372 5623 5167,4.6,325,2,$$,OPERATIONAL,restaurant,Restaurant,"restaurant,food,point_of_interest,establishment","Monday: Closed
Tuesday: 12:00 – 10:00 PM
Wednesday: 12:00 – 10:00 PM
Thursday: 12:00 – 10:00 PM
Friday: 12:00 – 11:00 PM
Saturday: 12:00 – 11:00 PM
Sunday: Closed",0,,,,,,,,,,,,,,,180,9GF69MPP+F9
ChIJC8wlsBqVkkYRdyN9eIQ1HRo,Nõmme Kebab,"Jaama tn 3, 11615 Tallinn, Estonia","Jaama tn 3, Tallinn",3,Jaama tänav,,Tallinn,Harju maakond,11615,Estonia,EE,59.38728940000001,24.6849526,https://maps.google.com/?cid=1881719062384157559&g_mp=Cilnb29nbGUubWFwcy5wbGFjZXMudjEuUGxhY2VzLlNlYXJjaE5lYXJieRACGAQgAA,http://www.nommekebab.ee/,521 7431,+372 521 7431,4.6,657,1,$,OPERATIONAL,fast_food_restaurant,Fast Food Restaurant,"fast_food_restaurant,restaurant,food,point_of_interest,establishment","Monday: 11:00 AM – 8:00 PM
Tuesday: 11:00 AM – 8:00 PM
Wednesday: 11:00 AM – 8:00 PM
Thursday: 11:00 AM – 8:00 PM
Friday: 11:00 AM – 8:00 PM
Saturday: 11:00 AM – 8:00 PM
Sunday: 11:00 AM – 8:00 PM",1,,,,,,,,,,,,,,,180,9GF69MPM+WX
ChIJ3xbdOb7skkYRxl5-O0ks3zg,O'Sushi,"Punane tn 56, 13619 Tallinn, Estonia","Punane tn 56, Tallinn",56,Punane tänav,,Tallinn,Harju maakond,13619,Estonia,EE,59.4360217,24.847196999999998,https://maps.google.com/?cid=4098042878972812998&g_mp=Cilnb29nbGUubWFwcy5wbGFjZXMudjEuUGxhY2VzLlNlYXJjaE5lYXJieRACGAQgAA,http://osushi.ee/,5855 6778,+372 5855 6778,4.3,172,2,$$,OPERATIONAL,meal_takeaway,Takeout Restaurant,"meal_takeaway,sushi_restaurant,japanese_restaurant,lodging,restaurant,food,point_of_interest,establishment","Monday: 10:00 AM – 10:00 PM
Tuesday: 10:00 AM – 10:00 PM
Wednesday: 10:00 AM – 10:00 PM
Thursday: 10:00 AM – 10:00 PM
Friday: 10:00 AM – 10:00 PM
Saturday: 10:00 AM – 10:00 PM
Sunday: 10:00 AM – 10:00 PM",1,,,,,,,,,,,,,,,180,9GF6CRPW+CV
ChIJx8oey_-VkkYRDhh37x0cXgE,Ocean Sushi Tallinn,"Liivalaia tn 14, 10118 Tallinn, Estonia","Liivalaia tn 14, Tallinn",14,Liivalaia tänav,,Tallinn,Harju maakond,10118,Estonia,EE,59.4276139,24.747576,https://maps.google.com/?cid=98547156745918478&g_mp=Cilnb29nbGUubWFwcy5wbGFjZXMudjEuUGxhY2VzLlNlYXJjaE5lYXJieRACGAQgAA,https://oceansushi.ee/,5858 4582,+372 5858 4582,5.0,39,2,$$,OPERATIONAL,sushi_restaurant,Sushi Restaurant,"sushi_restaurant,japanese_restaurant,restaurant,food,point_of_interest,establishment","Monday: 11:00 AM – 10:00 PM
Tuesday: 11:00 AM – 10:00 PM
Wednesday: 11:00 AM – 10:00 PM
Thursday: 11:00 AM – 10:00 PM
Friday: 11:00 AM – 11:00 PM
Saturday: 11:00 AM – 11:00 PM
Sunday: 11:00 AM – 10:00 PM",1,,,,,,,,,,,,,,,180,9GF6CPHX+22
ChIJM2uiLJiTkkYReCkL_NZWA-c,Oda Resto,"Kalaranna tn 8-10, 10415 Tallinn, Estonia","Kalaranna tn 8-10, Tallinn",8,Kalaranna tänav,,Tallinn,Harju maakond,10415,Estonia,EE,59.4476126,24.747971600000003,https://maps.google.com/?cid=16646244129043065208&g_mp=Cilnb29nbGUubWFwcy5wbGFjZXMudjEuUGxhY2VzLlNlYXJjaE5lYXJieRACGAQgAA,http://www.odaresto.ee/,5656 2459,+372 5656 2459,4.5,514,2,$$,OPERATIONAL,eastern_european_restaurant,Eastern European Restaurant,"eastern_european_restaurant,european_restaurant,restaurant,food,point_of_interest,establishment","Monday: 12:00 – 10:00 PM
Tuesday: 12:00 – 10:00 PM
Wednesday: 12:00 – 10:00 PM
Thursday: 12:00 – 10:00 PM
Friday: 12:00 – 11:00 PM
Saturday: 12:00 – 11:00 PM
Sunday: 12:00 – 9:00 PM",1,,,,,,,,,,,,,,,180,9GF6CPXX+25
ChIJj7Lgy2OTkkYR7terwKmvPwA,Odesa Restaurant,"Pikk tn 30, 10133 Tallinn, Estonia","Pikk tn 30, Tallinn",30,Pikk tänav,,Tallinn,Harju maakond,10133,Estonia,EE,59.43918709999999,24.7471388,https://maps.google.com/?cid=17926067149592558&g_mp=Cilnb29nbGUubWFwcy5wbGFjZXMudjEuUGxhY2VzLlNlYXJjaE5lYXJieRACGAQgAA,http://www.odessaresto.ee/,5302 5557,+372 5302 5557,4.7,2375,2,$$,OPERATIONAL,ukrainian_restaurant,Ukrainian Restaurant,"ukrainian_restaurant,european_restaurant,eastern_european_restaurant,restaurant,food,point_of_interest,establishment","Monday: 4:00 – 11:00 PM
Tuesday: 11:00 AM – 11:00 PM
Wednesday: 11:00 AM – 11:00 PM
Thursday: 11:00 AM – 11:00 PM
Friday: 11:00 AM – 11:00 PM
Saturday: 11:00 AM – 11:00 PM
Sunday: 11:00 AM – 11:00 PM",1,,,,,,,,,,,,,,,180,9GF6CPQW+MV
ChIJN21AQGKTkkYRreHtPEPZkxo,Old Estonia Restaurant,"Raekoja plats 8, 10146 Tallinn, Estonia","Raekoja plats 8, Tallinn",8,Raekoja plats,,Tallinn,Harju maakond,10146,Estonia,EE,59.437649099999994,24.7448631,https://maps.google.com/?cid=1915113149370851757&g_mp=Cilnb29nbGUubWFwcy5wbGFjZXMudjEuUGxhY2VzLlNlYXJjaE5lYXJieRACGAQgAA,http://www.oldestonia.com/,5198 0735,+372 5198 0735,4.4,3953,2,$$,OPERATIONAL,restaurant,Restaurant,"restaurant,food,point_of_interest,establishment","Monday: 10:00 AM – 11:00 PM
Tuesday: 10:00 AM – 11:00 PM
Wednesday: 10:00 AM – 11:00 PM
Thursday: 10:00 AM – 11:00 PM
Friday: 10:00 AM – 12:00 AM
Saturday: 10:00 AM – 12:00 AM
Sunday: 10:00 AM – 11:00 PM",1,,,,,,,,,,,,,,,180,9GF6CPQV+3W
ChIJp1IlaNSVkkYRrAk6mjXUnKg,OlyBet Bar & Grill,"Harju tn 6, 10130 Tallinn, Estonia","Harju tn 6, Tallinn",6,Harju tänav,,Tallinn,Harju maakond,10130,Estonia,EE,59.4345083,24.743125199999998,https://maps.google.com/?cid=12149819221424605612&g_mp=Cilnb29nbGUubWFwcy5wbGFjZXMudjEuUGxhY2VzLlNlYXJjaE5lYXJieRACGAQgAA,https://olybetbarandgrill.ee/,5865 1777,+372 5865 1777,4.1,328,2,$$,OPERATIONAL,bar,Bar,"bar,sports_club,association_or_organization,restaurant,food,point_of_interest,establishment","Monday: 2:00 – 10:00 PM
Tuesday: 2:00 – 10:00 PM
Wednesday: 2:00 – 10:00 PM
Thursday: 2:00 – 10:00 PM
Friday: 2:00 PM – 12:00 AM
Saturday: 12:00 PM – 12:00 AM
Sunday: 12:00 – 9:00 PM",0,,,,,,,,,,,,,,,180,9GF6CPMV+R7
ChIJaViKhpmTkkYRL_WVDMU7pKQ,Om house,"Rotermanni tn 18-2, 10111 Tallinn, Estonia","Rotermanni tn 18-2, Tallinn",18,Rotermanni tänav,,Tallinn,Harju maakond,10111,Estonia,EE,59.4393448,24.7579457,https://maps.google.com/?cid=11863673035906479407&g_mp=Cilnb29nbGUubWFwcy5wbGFjZXMudjEuUGxhY2VzLlNlYXJjaE5lYXJieRACGAQgAA,https://www.omhouse.ee/,5550 5158,+372 5550 5158,4.4,833,2,$$,OPERATIONAL,restaurant,Restaurant,"restaurant,sushi_restaurant,cocktail_bar,japanese_restaurant,bar,food,point_of_interest,establishment","Monday: 12:00 – 11:00 PM
Tuesday: 12:00 – 11:00 PM
Wednesday: 12:00 – 11:00 PM
Thursday: 12:00 – 11:00 PM
Friday: 12:00 PM – 2:00 AM
Saturday: 12:00 PM – 2:00 AM
Sunday: 2:00 – 10:00 PM",1,,,,,,,,,,,,,,,180,9GF6CQQ5+P5
ChIJWULez_qTkkYRBdct4TQvjjE,One Sixty Smokehouse,"Telliskivi tn 62, 10412 Tallinn, Estonia","Telliskivi tn 62, Tallinn",62,Telliskivi tänav,,Tallinn,Harju maakond,10412,Estonia,EE,59.4407995,24.7310998,https://maps.google.com/?cid=3570843458714064645&g_mp=Cilnb29nbGUubWFwcy5wbGFjZXMudjEuUGxhY2VzLlNlYXJjaE5lYXJieRACGAQgAA,https://www.onesixty.ee/,601 9007,+372 601 9007,4.4,1550,2,$$,OPERATIONAL,barbecue_restaurant,Barbecue Restaurant,"barbecue_restaurant,restaurant,food,point_of_interest,establishment","Monday: 4:00 – 10:00 PM
Tuesday: 12:00 – 10:00 PM
Wednesday: 12:00 – 10:00 PM
Thursday: 12:00 – 11:00 PM
Friday: 12:00 – 11:00 PM
Saturday: 12:00 – 11:00 PM
Sunday: 12:00 – 8:00 PM",1,,,,,,,,,,,,,,,180,9GF6CPRJ+8C
ChIJn0RoSPOVkkYRkXnStxh55ww,Oppa's Kitchen,"Lastekodu tn 12, 10113 Tallinn, Estonia","Parking lot, Lastekodu tn 12, Tallinn",12,Lastekodu tänav,,Tallinn,Harju maakond,10113,Estonia,EE,59.4307647,24.766975199999997,https://maps.google.com/?cid=929844995145496977&g_mp=Cilnb29nbGUubWFwcy5wbGFjZXMudjEuUGxhY2VzLlNlYXJjaE5lYXJieRACGAQgAA,https://www.facebook.com/profile.php?id=61556401911143,5379 3344,+372 5379 3344,4.6,72,1,$,OPERATIONAL,korean_restaurant,Korean Restaurant,"korean_restaurant,restaurant,food,point_of_interest,establishment","Monday: 12:00 – 7:00 PM
Tuesday: 12:00 – 7:00 PM
Wednesday: 12:00 – 7:00 PM
Thursday: 12:00 – 7:00 PM
Friday: 12:00 – 7:00 PM
Saturday: 12:00 – 5:00 PM
Sunday: Closed",1,,,,,,,,,,,,,,,180,9GF6CQJ8+8Q
ChIJh1BnX62TkkYRqBjsUYd3uZ0,Orangerie,"Rotermanni tn 5, 10111 Tallinn, Estonia","Oranž maja, Rotermanni tn 5, Tallinn",5,Rotermanni tänav,,Tallinn,Harju maakond,10111,Estonia,EE,59.43886679999999,24.7562011,https://maps.google.com/?cid=11365246557724874920&g_mp=Cilnb29nbGUubWFwcy5wbGFjZXMudjEuUGxhY2VzLlNlYXJjaE5lYXJieRACGAQgAA,http://www.orangerie.ee/,554 0350,+372 554 0350,4.2,470,2,$$,OPERATIONAL,restaurant,Restaurant,"restaurant,brunch_restaurant,breakfast_restaurant,wine_bar,coffee_shop,cafe,food_store,bar,store,food,point_of_interest,establishment","Monday: 10:00 AM – 9:00 PM
Tuesday: 10:00 AM – 9:00 PM
Wednesday: 10:00 AM – 9:00 PM
Thursday: 10:00 AM – 9:00 PM
Friday: 10:00 AM – 10:00 PM
Saturday: 10:00 AM – 10:00 PM
Sunday: 10:00 AM – 7:00 PM",1,,,,,,,,,,,,,,,180,9GF6CQQ4+GF
ChIJa4RwgUuTkkYRFTdbFFcm2b0,ORU Bistro,"Narva mnt 120, 10127 Tallinn, Estonia","Narva mnt 120, Tallinn",120,Narva maantee,,Tallinn,Harju maakond,10127,Estonia,EE,59.4431592,24.8047492,https://maps.google.com/?cid=13680007498560124693&g_mp=Cilnb29nbGUubWFwcy5wbGFjZXMudjEuUGxhY2VzLlNlYXJjaE5lYXJieRACGAQgAA,http://oruhotel.ee/,603 3300,+372 603 3300,4.4,123,2,$$,OPERATIONAL,restaurant,Restaurant,"restaurant,bistro,seafood_restaurant,food,point_of_interest,establishment","Monday: 12:00 – 10:00 PM
Tuesday: 12:00 – 10:00 PM
Wednesday: 12:00 – 10:00 PM
Thursday: 12:00 – 10:00 PM
Friday: 12:00 – 10:00 PM
Saturday: 12:00 – 10:00 PM
Sunday: 2:00 – 8:00 PM",0,,,,,,,,,,,,,,,180,9GF6CRV3+7V
ChIJUdEFmvmUkkYRN1pRP_Lc8XE,Osman,"A. H. Tammsaare tee 99c, 12918 Tallinn, Estonia","A. H. Tammsaare tee 99c, Tallinn",99c,A. H. Tammsaare tee,,Tallinn,Harju maakond,12918,Estonia,EE,59.4075473,24.6913309,https://maps.google.com/?cid=8210586528675617335&g_mp=Cilnb29nbGUubWFwcy5wbGFjZXMudjEuUGxhY2VzLlNlYXJjaE5lYXJieRACGAQgAA,http://www.osmangrill.ee/,5858 9495,+372 5858 9495,4.2,1443,2,$$,OPERATIONAL,turkish_restaurant,Turkish Restaurant,"meal_delivery,food_delivery,turkish_restaurant,restaurant,food,point_of_interest,establishment","Monday: 11:00 AM – 12:00 AM
Tuesday: 11:00 AM – 12:00 AM
Wednesday: 11:00 AM – 12:00 AM
Thursday: 11:00 AM – 12:00 AM
Friday: 11:00 AM – 2:00 AM
Saturday: 11:00 AM – 2:00 AM
Sunday: 11:00 AM – 12:00 AM",1,,,,,,,,,,,,,,,180,9GF6CM5R+2G
ChIJ-YqBZmKTkkYRLboejWIUNVk,Osteria del Gallo Nero,"Olevimägi 11, 10123 Tallinn, Estonia","Olevimägi 11, Tallinn",11,Olevimägi,,Tallinn,Harju maakond,10123,Estonia,EE,59.440470100000006,24.7488054,https://maps.google.com/?cid=6428066456648202797&g_mp=Cilnb29nbGUubWFwcy5wbGFjZXMudjEuUGxhY2VzLlNlYXJjaE5lYXJieRACGAQgAA,http://www.osteriagallonero.com/,5843 4987,+372 5843 4987,4.5,331,2,$$,OPERATIONAL,snack_bar,Snack Bar,"snack_bar,wine_bar,italian_restaurant,european_restaurant,spanish_restaurant,cafe,bar,meal_takeaway,restaurant,food,point_of_interest,establishment","Monday: Closed
Tuesday: 12:00 – 10:00 PM
Wednesday: 12:00 – 10:00 PM
Thursday: 12:00 – 10:00 PM
Friday: 12:00 – 10:00 PM
Saturday: 12:00 – 10:00 PM
Sunday: Closed",1,,,,,,,,,,,,,,,180,9GF6CPRX+5G
ChIJl1pSk2GTkkYRbpBCflH2Ou8,Osteria il Cru,"Viru 8, 10140 Tallinn, Estonia","Viru 8, Tallinn",8,Viru,,Tallinn,Harju maakond,10140,Estonia,EE,59.4367679,24.7474556,https://maps.google.com/?cid=17238361353585070190&g_mp=Cilnb29nbGUubWFwcy5wbGFjZXMudjEuUGxhY2VzLlNlYXJjaE5lYXJieRACGAQgAA,http://www.crurestoran.com/,614 0085,+372 614 0085,4.5,1067,2,$$,OPERATIONAL,restaurant,Restaurant,"restaurant,european_restaurant,italian_restaurant,food,point_of_interest,establishment","Monday: 1:00 – 11:00 PM
Tuesday: 1:00 – 11:00 PM
Wednesday: 1:00 – 9:00 PM
Thursday: 1:00 – 11:00 PM
Friday: 12:00 PM – 12:00 AM
Saturday: 12:00 PM – 12:00 AM
Sunday: 12:00 – 10:00 PM",0,,,,,,,,,,,,,,,180,9GF6CPPW+PX
ChIJa-HQBOOVkkYRJCJqORbpFaU,Osteria Moderna Itaalia Restoran,"Tina tn 21, 10126 Tallinn, Estonia","Tina tn 21, Tallinn",21,Tina tänav,,Tallinn,Harju maakond,10126,Estonia,EE,59.4359256,24.770253399999998,https://maps.google.com/?cid=11895670272430842404&g_mp=Cilnb29nbGUubWFwcy5wbGFjZXMudjEuUGxhY2VzLlNlYXJjaE5lYXJieRACGAQgAA,https://www.osteriamoderna.ee/,5387 8848,+372 5387 8848,4.9,415,2,$$,OPERATIONAL,restaurant,Restaurant,"restaurant,food,point_of_interest,establishment","Monday: Closed
Tuesday: 4:00 – 9:30 PM
Wednesday: 4:00 – 9:30 PM
Thursday: 4:00 – 9:30 PM
Friday: 4:00 – 10:00 PM
Saturday: 4:00 – 10:00 PM
Sunday: Closed",0,,,,,,,,,,,,,,,180,9GF6CQPC+94
ChIJM_buwLSTkkYRIxqvYWoi-po,Otaku,"West Annex, Kopli tn 4, 10412 Tallinn, Estonia","West Annex, Kopli tn 4, Tallinn",4,Kopli tänav,,Tallinn,Harju maakond,10412,Estonia,EE,59.441220599999994,24.7373191,https://maps.google.com/?cid=11167276066319309347&g_mp=Cilnb29nbGUubWFwcy5wbGFjZXMudjEuUGxhY2VzLlNlYXJjaE5lYXJieRACGAQgAA,,,,4.6,51,1,$,OPERATIONAL,japanese_izakaya_restaurant,Izakaya Restaurant,"japanese_izakaya_restaurant,japanese_restaurant,restaurant,food,point_of_interest,establishment","Monday: Closed
Tuesday: Closed
Wednesday: 8:00 PM – 3:00 AM
Thursday: 8:00 PM – 3:00 AM
Friday: 8:00 PM – 3:00 AM
Saturday: 8:00 PM – 4:00 AM
Sunday: Closed",0,,,,,,,,,,,,,,,180,9GF6CPRP+FW
ChIJmeuoLYOUkkYRXga7PJ3J-WA,OTTO's Restaurant,"Toompuiestee 23, 10137 Tallinn, Estonia","Toompuiestee 23, Tallinn",23,Toompuiestee,,Tallinn,Harju maakond,10137,Estonia,EE,59.4345984,24.732898799999997,https://maps.google.com/?cid=6987837974007973470&g_mp=Cilnb29nbGUubWFwcy5wbGFjZXMudjEuUGxhY2VzLlNlYXJjaE5lYXJieRACGAQgAA,https://www.ottoresto.ee/,660 0711,+372 660 0711,4.2,206,2,$$,OPERATIONAL,restaurant,Restaurant,"restaurant,food,point_of_interest,establishment","Monday: 12:00 – 2:00 PM, 3:00 – 11:00 PM
Tuesday: 12:00 – 2:00 PM, 3:00 – 11:00 PM
Wednesday: 12:00 – 2:00 PM, 3:00 – 11:00 PM
Thursday: 12:00 – 2:00 PM, 3:00 – 11:00 PM
Friday: 12:00 – 2:00 PM, 3:00 – 11:00 PM
Saturday: 3:00 – 11:00 PM
Sunday: 3:00 – 11:00 PM",1,,,,,,,,,,,,,,,180,9GF6CPMM+R5
ChIJJeOm4_mVkkYRHgX5dn-wtH4,OTTO's Veinibaar,"Toompuiestee 23, 10137 Tallinn, Estonia","Toompuiestee 23, Tallinn",23,Toompuiestee,,Tallinn,Harju maakond,10137,Estonia,EE,59.4346251,24.732800299999997,https://maps.google.com/?cid=9130116406090204446&g_mp=Cilnb29nbGUubWFwcy5wbGFjZXMudjEuUGxhY2VzLlNlYXJjaE5lYXJieRACGAQgAA,https://www.facebook.com/ottos.winebar,660 0711,+372 660 0711,4.2,50,2,$$,OPERATIONAL,wine_bar,Wine Bar,"wine_bar,spanish_restaurant,bar,european_restaurant,restaurant,food,point_of_interest,establishment","Monday: 12:00 – 2:00 PM
Tuesday: 12:00 – 11:00 PM
Wednesday: 12:00 – 11:00 PM
Thursday: 12:00 – 11:00 PM
Friday: 12:00 – 11:00 PM
Saturday: 12:00 – 11:00 PM
Sunday: 12:00 – 11:00 PM",1,,,,,,,,,,,,,,,180,9GF6CPMM+V4
ChIJ86EdXACVkkYRamM2YEasaeE,Padellino,"Suur-Karja tn 11, 10140 Tallinn, Estonia","Suur-Karja tn 11, Tallinn",11,Suur-Karja tänav,,Tallinn,Harju maakond,10140,Estonia,EE,59.4356693,24.746478800000002,https://maps.google.com/?cid=16242702949350269802&g_mp=Cilnb29nbGUubWFwcy5wbGFjZXMudjEuUGxhY2VzLlNlYXJjaE5lYXJieRACGAQgAA,,,,3.9,29,2,$$,CLOSED_TEMPORARILY,italian_restaurant,Italian Restaurant,"italian_restaurant,european_restaurant,restaurant,food,point_of_interest,establishment",,,,,,,,,,,,,,,,,180,9GF6CPPW+7H
ChIJP23qcRSVkkYRUAPlu4zXYas,Paju Villa,"Vabaduse pst 88, 11617 Tallinn, Estonia","Vabaduse pst 88, Tallinn",88,Vabaduse puiestee,,Tallinn,Harju maakond,11617,Estonia,EE,59.3779823,24.6860951,https://maps.google.com/?cid=12349388652674351952&g_mp=Cilnb29nbGUubWFwcy5wbGFjZXMudjEuUGxhY2VzLlNlYXJjaE5lYXJieRACGAQgAA,http://pajuvilla.ee/,507 6242,+372 507 6242,4.6,805,3,$$$,OPERATIONAL,restaurant,Restaurant,"restaurant,fine_dining_restaurant,wedding_venue,european_restaurant,event_venue,food,point_of_interest,service,establishment","Monday: Closed
Tuesday: Closed
Wednesday: 12:00 – 11:00 PM
Thursday: 12:00 – 11:00 PM
Friday: 12:00 – 11:00 PM
Saturday: 12:00 – 11:00 PM
Sunday: Closed",0,,,,,,,,,,,,,,,180,9GF69MHP+5C
ChIJreBfm2OTkkYRZqxLA0qyoQ0,Pan Y Vino,"Pikk tn 34, 10123 Tallinn, Estonia","Pikk tn 34, Tallinn",34,Pikk tänav,,Tallinn,Harju maakond,10123,Estonia,EE,59.4395907,24.747266,https://maps.google.com/?cid=982262224696093798&g_mp=Cilnb29nbGUubWFwcy5wbGFjZXMudjEuUGxhY2VzLlNlYXJjaE5lYXJieRACGAQgAA,https://www.panyvino.ee/,525 8517,+372 525 8517,4.5,345,2,$$,OPERATIONAL,peruvian_restaurant,Peruvian Restaurant,"peruvian_restaurant,restaurant,food,point_of_interest,establishment","Monday: Closed
Tuesday: 4:00 PM – 12:00 AM
Wednesday: 4:00 PM – 12:00 AM
Thursday: 4:00 PM – 12:00 AM
Friday: 4:00 PM – 12:00 AM
Saturday: 4:00 PM – 12:00 AM
Sunday: Closed",0,,,,,,,,,,,,,,,180,9GF6CPQW+RW
ChIJy4otDcCUkkYRUHrqnqmDg1c,Pannkoogimaja,"Tondi tn 17, 11316 Tallinn, Estonia","Tondi tn 17, Tallinn",17,Tondi tänav,,Tallinn,Harju maakond,11316,Estonia,EE,59.4125661,24.7359021,https://maps.google.com/?cid=6306028667787704912&g_mp=Cilnb29nbGUubWFwcy5wbGFjZXMudjEuUGxhY2VzLlNlYXJjaE5lYXJieRACGAQgAA,http://pannkook.ee/,5380 7707,+372 5380 7707,4.5,884,2,$$,OPERATIONAL,cafeteria,Cafeteria,"cafeteria,restaurant,food,point_of_interest,establishment","Monday: 9:00 AM – 8:00 PM
Tuesday: 9:00 AM – 8:00 PM
Wednesday: 9:00 AM – 8:00 PM
Thursday: 9:00 AM – 8:00 PM
Friday: 9:00 AM – 8:00 PM
Saturday: 9:00 AM – 6:00 PM
Sunday: 9:00 AM – 6:00 PM",1,,,,,,,,,,,,,,,180,9GF6CP7P+29
ChIJd8A90laVkkYRoVqLMQj7zbA,PANNKOOGIMAJA,"Akadeemia tee 21-B127, 12618 Tallinn, Estonia","Akadeemia tee 21-B127, Tallinn",21,Akadeemia tee,,Tallinn,Harju maakond,12618,Estonia,EE,59.39772860000001,24.660799299999997,https://maps.google.com/?cid=12740114933510527649&g_mp=Cilnb29nbGUubWFwcy5wbGFjZXMudjEuUGxhY2VzLlNlYXJjaE5lYXJieRACGAQgAA,https://mymenuweb.com/int/restaurants/1762846/?utm_source=google_profile&utm_medium=google_profile&utm_campaign=admin,684 4555,+372 684 4555,4.0,96,2,$$,OPERATIONAL,restaurant,Restaurant,"restaurant,food,point_of_interest,establishment","Monday: 10:00 AM – 6:00 PM
Tuesday: 10:00 AM – 6:00 PM
Wednesday: 10:00 AM – 6:00 PM
Thursday: 10:00 AM – 6:00 PM
Friday: 10:00 AM – 6:00 PM
Saturday: 10:00 AM – 6:00 PM
Sunday: 10:00 AM – 6:00 PM",1,,,,,,,,,,,,,,,180,9GF69MX6+38
ChIJz0_LQOiTkkYRBeq8Cos-jDI,Panoramic N5 Eesti Degustation Restaurant,"Raekoja plats 5, 10146 Tallinn, Estonia","Raekoja plats 5, Tallinn",5,Raekoja plats,,Tallinn,Harju maakond,10146,Estonia,EE,59.43719269999999,24.7442699,https://maps.google.com/?cid=3642354965537417733&g_mp=Cilnb29nbGUubWFwcy5wbGFjZXMudjEuUGxhY2VzLlNlYXJjaE5lYXJieRACGAQgAA,,5668 6518,+372 5668 6518,4.7,180,2,$$,OPERATIONAL,restaurant,Restaurant,"restaurant,food,point_of_interest,establishment","Monday: 11:00 AM – 11:00 PM
Tuesday: 11:00 AM – 11:00 PM
Wednesday: 11:00 AM – 11:00 PM
Thursday: 11:00 AM – 12:00 AM
Friday: 11:00 AM – 1:00 AM
Saturday: 10:00 AM – 1:00 AM
Sunday: 11:00 AM – 12:00 AM",1,,,,,,,,,,,,,,,180,9GF6CPPV+VP
ChIJlSDQtGeTkkYRFYRdHmxYl7Y,Papa Joe Sadama,"Sadama tn 25-4, 10111 Tallinn, Estonia","Parking lot, Sadama tn 25-4, Tallinn",25,Sadama tänav,,Tallinn,Harju maakond,10111,Estonia,EE,59.4433948,24.7594845,https://maps.google.com/?cid=13157082057775350805&g_mp=Cilnb29nbGUubWFwcy5wbGFjZXMudjEuUGxhY2VzLlNlYXJjaE5lYXJieRACGAQgAA,http://www.kebabking.ee/,5685 4660,+372 5685 4660,4.2,152,1,$,OPERATIONAL,lebanese_restaurant,Lebanese Restaurant,"lebanese_restaurant,falafel_restaurant,halal_restaurant,vegetarian_restaurant,middle_eastern_restaurant,meal_takeaway,restaurant,food,point_of_interest,establishment","Monday: Closed
Tuesday: 11:00 AM – 3:00 PM
Wednesday: 11:00 AM – 3:00 PM
Thursday: Closed
Friday: 11:30 AM – 3:00 PM
Saturday: 11:00 AM – 5:30 PM
Sunday: 11:30 AM – 5:30 PM",0,,,,,,,,,,,,,,,180,9GF6CQV5+9Q
ChIJu183TwWVkkYRIH0mH-LmZ3k,Pappa Pizza Nõmme,"Pärnu mnt. 326, 11611 Tallinn, Estonia","Pärnu mnt. 326, Tallinn",326,Pärnu maantee,,Tallinn,Harju maakond,11611,Estonia,EE,59.3880066,24.6832571,https://maps.google.com/?cid=8748214660050091296&g_mp=Cilnb29nbGUubWFwcy5wbGFjZXMudjEuUGxhY2VzLlNlYXJjaE5lYXJieRACGAQgAA,https://www.pappapizza.ee/pizzeria/nomme-parnu-mnt-326,677 0846,+372 677 0846,4.6,312,1,$,OPERATIONAL,pizza_restaurant,Pizza Restaurant,"pizza_restaurant,restaurant,food,point_of_interest,establishment","Monday: 11:00 AM – 10:00 PM
Tuesday: 11:00 AM – 10:00 PM
Wednesday: 11:00 AM – 10:00 PM
Thursday: 11:00 AM – 10:00 PM
Friday: 11:00 AM – 10:00 PM
Saturday: 11:00 AM – 10:00 PM
Sunday: 11:00 AM – 10:00 PM",1,,,,,,,,,,,,,,,180,9GF69MQM+68
ChIJF11JUgCTkkYR9bkTeq9Sq-E,Pappa Pizza Tallinn (Mere pst),"Mere pst 6, 10111 Tallinn, Estonia","Mere pst 6, Tallinn",6,Mere puiestee,,Tallinn,Harju maakond,10111,Estonia,EE,59.439331599999996,24.755013,https://maps.google.com/?cid=16261181793172175349&g_mp=Cilnb29nbGUubWFwcy5wbGFjZXMudjEuUGxhY2VzLlNlYXJjaE5lYXJieRACGAQgAA,https://www.pappapizza.ee/pizzeria/mere-pst,5196 9446,+372 5196 9446,4.4,98,2,$$,OPERATIONAL,pizza_restaurant,Pizza Restaurant,"pizza_restaurant,restaurant,food,point_of_interest,establishment","Monday: 11:00 AM – 9:00 PM
Tuesday: 11:00 AM – 9:00 PM
Wednesday: 11:00 AM – 9:00 PM
Thursday: 11:00 AM – 9:00 PM
Friday: 11:00 AM – 9:30 PM
Saturday: 11:00 AM – 9:30 PM
Sunday: 11:00 AM – 9:00 PM",1,,,,,,,,,,,,,,,180,9GF6CQQ4+P2
ChIJYbmNIaCVkkYRalkC8KCJp8M,Pastalicious,"Türi tn 7, 11314 Tallinn, Estonia","Türi tn 7, Tallinn",7,Türi tänav,,Tallinn,Harju maakond,11314,Estonia,EE,59.409606000000004,24.742413799999998,https://maps.google.com/?cid=14098388482821085546&g_mp=Cilnb29nbGUubWFwcy5wbGFjZXMudjEuUGxhY2VzLlNlYXJjaE5lYXJieRACGAQgAA,,5889 8654,+372 5889 8654,4.9,80,2,$$,OPERATIONAL,restaurant,Restaurant,"restaurant,food,point_of_interest,establishment","Monday: Closed
Tuesday: 12:00 – 7:00 PM
Wednesday: 12:00 – 9:00 PM
Thursday: 12:00 – 9:00 PM
Friday: 12:00 – 10:00 PM
Saturday: 3:00 – 9:00 PM
Sunday: Closed",0,,,,,,,,,,,,,,,180,9GF6CP5R+RX
ChIJeWFVwX2TkkYRaJbcvb113bw,Peatus,"Reisijate tn, 10412 Tallinn, Estonia","Reisijate tn, Tallinn",,Reisijate tänav,,Tallinn,Harju maakond,10412,Estonia,EE,59.4406177,24.731232,https://maps.google.com/?cid=13609163106778125928&g_mp=Cilnb29nbGUubWFwcy5wbGFjZXMudjEuUGxhY2VzLlNlYXJjaE5lYXJieRACGAQgAA,https://www.facebook.com/kohvikpeatus,5887 7727,+372 5887 7727,4.4,1323,2,$$,OPERATIONAL,restaurant,Restaurant,"restaurant,food,point_of_interest,establishment","Monday: 12:00 – 11:00 PM
Tuesday: 12:00 – 11:00 PM
Wednesday: 12:00 – 11:00 PM
Thursday: 12:00 – 11:00 PM
Friday: 11:00 AM – 12:00 AM
Saturday: 11:00 AM – 12:00 AM
Sunday: 11:00 AM – 12:00 AM",1,,,,,,,,,,,,,,,180,9GF6CPRJ+6F
ChIJ-SQlkxTrkkYRXjKvDcL8ZSs,Peetri kõrts,"Peetri tee 19, Peetri, 75312 Harju maakond, Estonia","Peetri tee 19, Peetri",19,Peetri tee,,Peetri,Harju maakond,75312,Estonia,EE,59.395132499999995,24.815125300000002,https://maps.google.com/?cid=3127183426662117982&g_mp=Cilnb29nbGUubWFwcy5wbGFjZXMudjEuUGxhY2VzLlNlYXJjaE5lYXJieRACGAQgAA,http://korts.tipp24.ee/,609 9989,+372 609 9989,4.4,89,1,$,OPERATIONAL,restaurant,Restaurant,"restaurant,food,point_of_interest,establishment","Monday: 12:00 – 10:00 PM
Tuesday: 12:00 – 10:00 PM
Wednesday: 12:00 – 10:00 PM
Thursday: 12:00 – 10:00 PM
Friday: 12:00 – 10:00 PM
Saturday: 3:00 – 10:00 PM
Sunday: Closed",0,,,,,,,,,,,,,,,180,9GF69RW8+33
ChIJCcGOv0HrkkYRqYQDg-nmKEQ,Peetri Pizza,"Veesaare tee 2, Peetri, 75312 Harju maakond, Estonia","Veesaare tee 2, Peetri",2,Veesaare tee,,Peetri,Harju maakond,75312,Estonia,EE,59.402402699999996,24.8112921,https://maps.google.com/?cid=4911429284247340201&g_mp=Cilnb29nbGUubWFwcy5wbGFjZXMudjEuUGxhY2VzLlNlYXJjaE5lYXJieRACGAQgAA,https://peetripizza.ee/pizzeria/peetri-selver,601 8011,+372 601 8011,3.3,46,1,$,OPERATIONAL,pizza_restaurant,Pizza Restaurant,"pizza_restaurant,restaurant,food,point_of_interest,establishment","Monday: 11:00 AM – 8:00 PM
Tuesday: 11:00 AM – 8:00 PM
Wednesday: 11:00 AM – 8:00 PM
Thursday: 11:00 AM – 8:00 PM
Friday: 11:00 AM – 9:00 PM
Saturday: 11:00 AM – 9:00 PM
Sunday: 11:00 AM – 8:00 PM",1,,,,,,,,,,,,,,,180,9GF6CR26+XG
ChIJI8M9ADaTkkYRvjihB6DVm-A,Peetri Pizza,"Pirita tee 26, 12011 Tallinn, Estonia","Pirita tee 26, Tallinn",26,Pirita tee,,Tallinn,Harju maakond,12011,Estonia,EE,59.448494100000005,24.8049888,https://maps.google.com/?cid=16184764569185499326&g_mp=Cilnb29nbGUubWFwcy5wbGFjZXMudjEuUGxhY2VzLlNlYXJjaE5lYXJieRACGAQgAA,http://www.peetripizza.ee/,639 3285,+372 639 3285,4.3,600,2,$$,OPERATIONAL,meal_takeaway,Takeout Restaurant,"meal_takeaway,restaurant,food,point_of_interest,establishment","Monday: 10:00 AM – 11:00 PM
Tuesday: 10:00 AM – 11:00 PM
Wednesday: 10:00 AM – 11:00 PM
Thursday: 10:00 AM – 11:00 PM
Friday: 10:00 AM – 1:00 AM
Saturday: 10:00 AM – 1:00 AM
Sunday: 10:00 AM – 11:00 PM",1,,,,,,,,,,,,,,,180,9GF6CRX3+9X
ChIJvddSNVOUkkYRR3VQZgy5A5s,Peetri Pizza,"E. Vilde tee 128, 12614 Tallinn, Estonia","E. Vilde tee 128, Tallinn",128,Eduard Vilde tee,,Tallinn,Harju maakond,12614,Estonia,EE,59.40321119999999,24.6632067,https://maps.google.com/?cid=11169974963716257095&g_mp=Cilnb29nbGUubWFwcy5wbGFjZXMudjEuUGxhY2VzLlNlYXJjaE5lYXJieRACGAQgAA,http://www.peetripizza.ee/en/pizzeriad/tallinn/vilde-tee-128/,654 3504,+372 654 3504,4.4,392,1,$,OPERATIONAL,pizza_restaurant,Pizza Restaurant,"pizza_restaurant,restaurant,food,point_of_interest,establishment","Monday: 11:00 AM – 10:00 PM
Tuesday: 11:00 AM – 10:00 PM
Wednesday: 11:00 AM – 10:00 PM
Thursday: 11:00 AM – 10:00 PM
Friday: 11:00 AM – 10:00 PM
Saturday: 11:00 AM – 10:00 PM
Sunday: 11:00 AM – 10:00 PM",1,,,,,,,,,,,,,,,180,9GF6CM37+77
ChIJGcZuBlKUkkYRWahP0LmxPn0,Peetri Pizza,"Kadaka tee 66b, 12615 Tallinn, Estonia","Parking lot, Kadaka tee 66b, Tallinn",66b,Kadaka tee,,Tallinn,Harju maakond,12615,Estonia,EE,59.409153399999994,24.661258399999998,https://maps.google.com/?cid=9024846114919000153&g_mp=Cilnb29nbGUubWFwcy5wbGFjZXMudjEuUGxhY2VzLlNlYXJjaE5lYXJieRACGAQgAA,http://www.peetripizza.ee/,505 9109,+372 505 9109,4.5,205,1,$,OPERATIONAL,meal_takeaway,Takeout Restaurant,"meal_takeaway,restaurant,food,point_of_interest,establishment","Monday: Closed
Tuesday: 11:00 AM – 9:00 PM
Wednesday: 11:00 AM – 9:00 PM
Thursday: 11:00 AM – 9:00 PM
Friday: 11:00 AM – 9:00 PM
Saturday: 11:00 AM – 9:00 PM
Sunday: 11:00 AM – 9:00 PM",1,,,,,,,,,,,,,,,180,9GF6CM56+MG
ChIJ9T031E6UkkYR0zJTr1m_I0M,Peetri Pizza,"Õismäe tee 1a, 13514 Tallinn, Estonia","Õismäe tee 1a, Tallinn",1a,Õismäe tee,,Tallinn,Harju maakond,13514,Estonia,EE,59.4138974,24.6548372,https://maps.google.com/?cid=4837920816640504531&g_mp=Cilnb29nbGUubWFwcy5wbGFjZXMudjEuUGxhY2VzLlNlYXJjaE5lYXJieRACGAQgAA,http://www.peetripizza.ee/,671 4067,+372 671 4067,4.4,212,1,$,OPERATIONAL,pizza_restaurant,Pizza Restaurant,"pizza_restaurant,restaurant,food,point_of_interest,establishment","Monday: 12:00 – 9:00 PM
Tuesday: 12:00 – 9:00 PM
Wednesday: 12:00 – 9:00 PM
Thursday: 12:00 – 9:00 PM
Friday: 12:00 – 9:00 PM
Saturday: 12:00 – 9:00 PM
Sunday: 12:00 – 9:00 PM",0,,,,,,,,,,,,,,,180,9GF6CM73+HW
ChIJyWfPA6KUkkYReW1IcZiNyY4,Peetri Pizza,"Liivalaia tn 17, 10118 Tallinn, Estonia","Liivalaia tn 17, Tallinn",17,Liivalaia tänav,,Tallinn,Harju maakond,10118,Estonia,EE,59.42862289999999,24.7505585,https://maps.google.com/?cid=10288910509579726201&g_mp=Cilnb29nbGUubWFwcy5wbGFjZXMudjEuUGxhY2VzLlNlYXJjaE5lYXJieRACGAQgAA,http://www.peetripizza.ee/,551 8254,+372 551 8254,4.3,514,2,$$,OPERATIONAL,pizza_restaurant,Pizza Restaurant,"pizza_restaurant,restaurant,food,point_of_interest,establishment","Monday: 11:00 AM – 11:00 PM
Tuesday: 11:00 AM – 11:00 PM
Wednesday: 11:00 AM – 11:00 PM
Thursday: 11:00 AM – 11:00 PM
Friday: 11:00 AM – 2:00 AM
Saturday: 11:00 AM – 2:00 AM
Sunday: 4:00 – 10:00 PM",1,,,,,,,,,,,,,,,180,9GF6CQH2+C6
ChIJfXXzzZ6UkkYRMjstMIv7R8w,Peetri Pizza,"Roosikrantsi tn 23, 10119 Tallinn, Estonia","Roosikrantsi tn 23, Tallinn",23,Roosikrantsi tänav,,Tallinn,Harju maakond,10119,Estonia,EE,59.4302017,24.744078899999998,https://maps.google.com/?cid=14720010482311052082&g_mp=Cilnb29nbGUubWFwcy5wbGFjZXMudjEuUGxhY2VzLlNlYXJjaE5lYXJieRACGAQgAA,https://peetripizza.ee/pizzeria/roosikrantsi,660 2626,+372 660 2626,4.4,290,1,$,OPERATIONAL,pizza_restaurant,Pizza Restaurant,"pizza_restaurant,restaurant,food,point_of_interest,establishment","Monday: 12:00 PM – 1:00 AM
Tuesday: 12:00 PM – 1:00 AM
Wednesday: 12:00 PM – 1:00 AM
Thursday: 12:00 PM – 1:00 AM
Friday: 12:00 PM – 1:00 AM
Saturday: 12:00 PM – 1:00 AM
Sunday: 12:00 PM – 1:00 AM",1,,,,,,,,,,,,,,,180,9GF6CPJV+3J
ChIJF1Pef6iUkkYRwOOjB8F42-I,Peetri Pizza,"Odra tn 16, 10144 Tallinn, Estonia","Odra tn 16, Tallinn",16,Odra tänav,,Tallinn,Harju maakond,10144,Estonia,EE,59.42745269999999,24.7718612,https://maps.google.com/?cid=16346792042923549632&g_mp=Cilnb29nbGUubWFwcy5wbGFjZXMudjEuUGxhY2VzLlNlYXJjaE5lYXJieRACGAQgAA,http://www.peetripizza.ee/,601 2616,+372 601 2616,4.2,425,1,$,OPERATIONAL,pizza_restaurant,Pizza Restaurant,"pizza_restaurant,pizza_delivery,meal_delivery,food_delivery,meal_takeaway,restaurant,food,point_of_interest,establishment","Monday: 11:00 AM – 11:00 PM
Tuesday: 11:00 AM – 11:00 PM
Wednesday: 11:00 AM – 11:00 PM
Thursday: 11:00 AM – 11:00 PM
Friday: 11:00 AM – 12:00 AM
Saturday: 11:00 AM – 12:00 AM
Sunday: 11:00 AM – 11:00 PM",1,,,,,,,,,,,,,,,180,9GF6CQGC+XP
ChIJ76LHsfyUkkYRLbWehg5H6rs,Peetri Pizza Magistrali,"Sõpruse pst 201-203, 13419 Tallinn, Estonia","Parking lot, Sõpruse pst 201-203, Tallinn",201,Sõpruse puiestee,,Tallinn,Harju maakond,13419,Estonia,EE,59.400840099999996,24.696771599999998,https://maps.google.com/?cid=13540713357356479789&g_mp=Cilnb29nbGUubWFwcy5wbGFjZXMudjEuUGxhY2VzLlNlYXJjaE5lYXJieRACGAQgAA,http://www.peetripizza.ee/,507 8121,+372 507 8121,4.2,290,1,$,OPERATIONAL,pizza_restaurant,Pizza Restaurant,"pizza_restaurant,restaurant,food,point_of_interest,establishment","Monday: 10:00 AM – 10:00 PM
Tuesday: 10:00 AM – 10:00 PM
Wednesday: 10:00 AM – 10:00 PM
Thursday: 10:00 AM – 10:00 PM
Friday: 10:00 AM – 10:00 PM
Saturday: 10:00 AM – 10:00 PM
Sunday: 10:00 AM – 10:00 PM",1,,,,,,,,,,,,,,,180,9GF6CM2W+8P
ChIJ26ijaZOTkkYROzGQ3jSpZrs,Peetri Pizza Narva mnt,"Narva mnt 36a, 10120 Tallinn, Estonia","Narva mnt 36a, Tallinn",36a,Narva maantee,,Tallinn,Harju maakond,10120,Estonia,EE,59.4383953,24.771759499999998,https://maps.google.com/?cid=13503666577254396219&g_mp=Cilnb29nbGUubWFwcy5wbGFjZXMudjEuUGxhY2VzLlNlYXJjaE5lYXJieRACGAQgAA,https://peetripizza.ee/pizzeria/narva-mnt,5622 2288,+372 5622 2288,3.3,117,2,$$,OPERATIONAL,pizza_restaurant,Pizza Restaurant,"pizza_restaurant,restaurant,point_of_interest,food,establishment","Monday: 12:00 PM – 1:00 AM
Tuesday: 12:00 PM – 1:00 AM
Wednesday: 12:00 PM – 1:00 AM
Thursday: 12:00 PM – 1:00 AM
Friday: 12:00 PM – 1:00 AM
Saturday: 12:00 PM – 1:00 AM
Sunday: 12:00 PM – 1:00 AM",1,,,,,,,,,,,,,,,180,9GF6CQQC+9P
ChIJEQomJgCVkkYRT9D5vSoVZ9E,Pekingi Part Restoran,"Tartu mnt 32, 10115 Tallinn, Estonia","Tartu mnt 32, Tallinn",32,Tartu maantee,,Tallinn,Harju maakond,10115,Estonia,EE,59.4313584,24.7669665,https://maps.google.com/?cid=15089052349848211535&g_mp=Cilnb29nbGUubWFwcy5wbGFjZXMudjEuUGxhY2VzLlNlYXJjaE5lYXJieRACGAQgAA,http://beijingrestoran.com/,5594 0612,+372 5594 0612,4.7,143,2,$$,OPERATIONAL,chinese_restaurant,Chinese Restaurant,"chinese_restaurant,restaurant,food,point_of_interest,establishment","Monday: 11:00 AM – 10:00 PM
Tuesday: 11:00 AM – 10:00 PM
Wednesday: 11:00 AM – 10:00 PM
Thursday: 11:00 AM – 10:00 PM
Friday: 11:00 AM – 10:00 PM
Saturday: 11:00 AM – 10:00 PM
Sunday: 11:00 AM – 10:00 PM",1,,,,,,,,,,,,,,,180,9GF6CQJ8+GQ
ChIJQ9wPoCSTkkYRogeH28F0F8I,Pelm,"Ahtri 9, 10151 Tallinn, Estonia","Parking lot, Ahtri 9, Tallinn",9,Ahtri,,Tallinn,Harju maakond,10151,Estonia,EE,59.44141719999999,24.761578,https://maps.google.com/?cid=13985775543782934434&g_mp=Cilnb29nbGUubWFwcy5wbGFjZXMudjEuUGxhY2VzLlNlYXJjaE5lYXJieRACGAQgAA,https://www.facebook.com/restoranpelm,,,4.6,729,2,$$,OPERATIONAL,restaurant,Restaurant,"restaurant,dumpling_restaurant,food,point_of_interest,establishment","Monday: 10:00 AM – 8:00 PM
Tuesday: 10:00 AM – 8:00 PM
Wednesday: 10:00 AM – 8:00 PM
Thursday: 10:00 AM – 8:00 PM
Friday: 10:00 AM – 8:00 PM
Saturday: 10:00 AM – 8:00 PM
Sunday: 10:00 AM – 8:00 PM",1,,,,,,,,,,,,,,,180,9GF6CQR6+HJ
ChIJcYDmyivrkkYRvbLuNfMjRqs,Pelm Restoran Ülemiste,"Suur-Sõjamäe tn 4, 11415 Tallinn, Estonia","Suur-Sõjamäe tn 4, Tallinn",4,Suur-Sõjamäe tänav,,Tallinn,Harju maakond,11415,Estonia,EE,59.4219071,24.7944225,https://maps.google.com/?cid=12341591356344283837&g_mp=Cilnb29nbGUubWFwcy5wbGFjZXMudjEuUGxhY2VzLlNlYXJjaE5lYXJieRACGAQgAA,https://www.pelm.ee/,600 1018,+372 600 1018,4.7,176,2,$$,OPERATIONAL,russian_restaurant,Russian Restaurant,"russian_restaurant,eastern_european_restaurant,european_restaurant,restaurant,food,point_of_interest,establishment","Monday: 11:00 AM – 9:00 PM
Tuesday: 11:00 AM – 9:00 PM
Wednesday: 11:00 AM – 9:00 PM
Thursday: 11:00 AM – 9:00 PM
Friday: 11:00 AM – 9:00 PM
Saturday: 11:00 AM – 9:00 PM
Sunday: 11:00 AM – 7:00 PM",1,,,,,,,,,,,,,,,180,9GF6CQCV+QQ
ChIJ9RhxURGTkkYRh5EZxvHYgUI,Pelmen Balti Jaam,"Balti jaama lilleputkad, Kopli tn 4c, 10412 Tallinn, Estonia","Balti jaama lilleputkad, Kopli tn 4c, Tallinn",4c,Kopli tänav,,Tallinn,Harju maakond,10412,Estonia,EE,59.44100160000001,24.7355894,https://maps.google.com/?cid=4792350011421200775&g_mp=Cilnb29nbGUubWFwcy5wbGFjZXMudjEuUGxhY2VzLlNlYXJjaE5lYXJieRACGAQgAA,,,,4.6,42,2,$$,OPERATIONAL,eastern_european_restaurant,Eastern European Restaurant,"eastern_european_restaurant,european_restaurant,restaurant,food,point_of_interest,establishment","Monday: 10:30 AM – 6:30 PM
Tuesday: 10:30 AM – 6:30 PM
Wednesday: 10:30 AM – 6:30 PM
Thursday: 10:30 AM – 6:30 PM
Friday: 10:30 AM – 6:30 PM
Saturday: 10:30 AM – 4:55 PM
Sunday: 10:30 AM – 4:55 PM",1,,,,,,,,,,,,,,,180,9GF6CPRP+C6
ChIJlaIvAoCTkkYRGOj1kgEBvvg,Pelmen kohvik,"Vana-Viru tn 4-8, 10111 Tallinn, Estonia","Vana-Viru tn 4-8, Tallinn",4,Vana-Viru tänav,,Tallinn,Harju maakond,10111,Estonia,EE,59.43687239999999,24.7504013,https://maps.google.com/?cid=17923764673253337112&g_mp=Cilnb29nbGUubWFwcy5wbGFjZXMudjEuUGxhY2VzLlNlYXJjaE5lYXJieRACGAQgAA,http://www.pelmen.ee/,5304 8912,+372 5304 8912,4.7,2080,2,$$,OPERATIONAL,restaurant,Restaurant,"restaurant,dumpling_restaurant,food,point_of_interest,establishment","Monday: 11:00 AM – 10:00 PM
Tuesday: 11:00 AM – 10:00 PM
Wednesday: 11:00 AM – 10:00 PM
Thursday: 11:00 AM – 11:00 PM
Friday: 11:00 AM – 11:00 PM
Saturday: 11:00 AM – 11:00 PM
Sunday: 11:00 AM – 10:00 PM",1,,,,,,,,,,,,,,,180,9GF6CQP2+P5
ChIJ95y-wbiTkkYRIxUKOqgzGFw,Pelmen Käsitöö Kohvik,"Kopli tn 1, 10412 Tallinn, Estonia","Kopli tn 1, Tallinn",1,Kopli tänav,,Tallinn,Harju maakond,10412,Estonia,EE,59.44124559999999,24.734928099999998,https://maps.google.com/?cid=6636110848551687459&g_mp=Cilnb29nbGUubWFwcy5wbGFjZXMudjEuUGxhY2VzLlNlYXJjaE5lYXJieRACGAQgAA,https://pelmen.ee/,5805 1852,+372 5805 1852,4.6,130,1,$,OPERATIONAL,eastern_european_restaurant,Eastern European Restaurant,"eastern_european_restaurant,european_restaurant,restaurant,food,point_of_interest,establishment","Monday: 9:00 AM – 7:00 PM
Tuesday: 9:00 AM – 7:00 PM
Wednesday: 9:00 AM – 7:00 PM
Thursday: 9:00 AM – 7:00 PM
Friday: 9:00 AM – 7:00 PM
Saturday: 9:00 AM – 7:00 PM
Sunday: 9:00 AM – 7:00 PM",1,,,,,,,,,,,,,,,180,9GF6CPRM+FX
ChIJRzS82N2VkkYRaeod1rShtYU,Pepper Mill Cafe,"Mäealuse tn 12, 12618 Tallinn, Estonia","Mäealuse tn 12, Tallinn",12,Mäealuse tänav,,Tallinn,Harju maakond,12618,Estonia,EE,59.398691199999995,24.6487451,https://maps.google.com/?cid=9634784775887514217&g_mp=Cilnb29nbGUubWFwcy5wbGFjZXMudjEuUGxhY2VzLlNlYXJjaE5lYXJieRACGAQgAA,https://www.facebook.com/pipraveski.kohvik,5813 0211,+372 5813 0211,4.7,38,1,$,OPERATIONAL,restaurant,Restaurant,"restaurant,food,point_of_interest,establishment","Monday: 10:00 AM – 3:30 PM
Tuesday: 10:00 AM – 3:30 PM
Wednesday: 10:00 AM – 3:30 PM, 4:00 – 9:30 PM
Thursday: 10:00 AM – 3:30 PM, 4:00 – 9:30 PM
Friday: 10:00 AM – 3:30 PM, 4:00 – 9:30 PM
Saturday: 12:00 – 10:00 PM
Sunday: 12:00 – 10:00 PM",1,,,,,,,,,,,,,,,180,9GF69JXX+FF
ChIJS-uRHWKTkkYR0ylpU91xElc,Peppersack Restaurant,"Vana turg 6, 10140 Tallinn, Estonia","Parking lot, Vana turg 6, Tallinn",6,Vana turg,,Tallinn,Harju maakond,10140,Estonia,EE,59.436704500000005,24.746681799999998,https://maps.google.com/?cid=6274202426281634259&g_mp=Cilnb29nbGUubWFwcy5wbGFjZXMudjEuUGxhY2VzLlNlYXJjaE5lYXJieRACGAQgAA,http://peppersack.ee/,646 6996,+372 646 6996,4.4,5990,2,$$,OPERATIONAL,eastern_european_restaurant,Eastern European Restaurant,"eastern_european_restaurant,european_restaurant,cafe,restaurant,food,point_of_interest,establishment","Monday: 12:00 – 11:00 PM
Tuesday: 12:00 – 11:00 PM
Wednesday: 12:00 – 11:00 PM
Thursday: 12:00 – 11:00 PM
Friday: 12:00 – 11:00 PM
Saturday: 12:00 – 11:00 PM
Sunday: 12:00 – 11:00 PM",1,,,,,,,,,,,,,,,180,9GF6CPPW+MM
ChIJ6c8mC5-UkkYRCyuwT32nTzI,Peps,"Kentmanni tn 6, 10116 Tallinn, Estonia","Kentmanni tn 6, Tallinn",6,Kentmanni tänav,,Tallinn,Harju maakond,10116,Estonia,EE,59.4316283,24.7496851,https://maps.google.com/?cid=3625300381706234635&g_mp=Cilnb29nbGUubWFwcy5wbGFjZXMudjEuUGxhY2VzLlNlYXJjaE5lYXJieRACGAQgAA,http://peps.ee/,601 1156,+372 601 1156,4.5,561,2,$$,OPERATIONAL,restaurant,Restaurant,"restaurant,food,point_of_interest,establishment","Monday: 11:00 AM – 9:00 PM
Tuesday: 11:00 AM – 10:00 PM
Wednesday: 11:00 AM – 10:00 PM
Thursday: 11:00 AM – 10:00 PM
Friday: 11:00 AM – 10:00 PM
Saturday: 11:00 AM – 10:00 PM
Sunday: 11:00 AM – 9:00 PM",1,,,,,,,,,,,,,,,180,9GF6CPJX+MV
ChIJJ4Q_JuOVkkYRsvv77ebo9RA,Pho Bar,"Tatari tn 6, 10116 Tallinn, Estonia","Tatari tn 6, Tallinn",6,Tatari tänav,,Tallinn,Harju maakond,10116,Estonia,EE,59.4318509,24.7463059,https://maps.google.com/?cid=1222138952433793970&g_mp=Cilnb29nbGUubWFwcy5wbGFjZXMudjEuUGxhY2VzLlNlYXJjaE5lYXJieRACGAQgAA,https://phobar.ee/,5388 5900,+372 5388 5900,4.7,686,2,$$,OPERATIONAL,vietnamese_restaurant,Vietnamese Restaurant,"vietnamese_restaurant,restaurant,food,point_of_interest,establishment","Monday: 11:30 AM – 9:00 PM
Tuesday: 11:30 AM – 9:00 PM
Wednesday: 11:30 AM – 9:00 PM
Thursday: 11:30 AM – 9:00 PM
Friday: 11:30 AM – 9:00 PM
Saturday: 12:00 – 9:00 PM
Sunday: 12:00 – 9:00 PM",1,,,,,,,,,,,,,,,180,9GF6CPJW+PG
ChIJSfmAeJ2UkkYRrNILKvvSyIc,Pika Jala restoran,"Pikk jalg 16, 10130 Tallinn, Estonia","Pikk jalg 16, Tallinn",16,Pikk jalg,,Tallinn,Harju maakond,10130,Estonia,EE,59.43624020000001,24.740730799999998,https://maps.google.com/?cid=9784302166646444716&g_mp=Cilnb29nbGUubWFwcy5wbGFjZXMudjEuUGxhY2VzLlNlYXJjaE5lYXJieRACGAQgAA,http://www.pikajalaresto.ee/,648 1428,+372 648 1428,4.2,574,2,$$,OPERATIONAL,european_restaurant,European Restaurant,"european_restaurant,restaurant,food,point_of_interest,establishment","Monday: 9:00 AM – 11:00 PM
Tuesday: 9:00 AM – 11:00 PM
Wednesday: 9:00 AM – 11:00 PM
Thursday: 9:00 AM – 11:00 PM
Friday: 9:00 AM – 11:00 PM
Saturday: 9:00 AM – 11:00 PM
Sunday: 9:00 AM – 11:00 PM",1,,,,,,,,,,,,,,,180,9GF6CPPR+F7
ChIJiaBl4UHrkkYR3hdeQ9A6wpQ,Pirosmani,"Tartu mnt 157, 10112 Tallinn, Estonia","Tartu mnt 157, Tallinn",157,Tartu maantee,,Tallinn,Harju maakond,10112,Estonia,EE,59.4026194,24.813617999999998,https://maps.google.com/?cid=10719194729253050334&g_mp=Cilnb29nbGUubWFwcy5wbGFjZXMudjEuUGxhY2VzLlNlYXJjaE5lYXJieRACGAQgAA,http://pirosmani.ee/,609 9778,+372 609 9778,4.4,1176,2,$$,OPERATIONAL,eastern_european_restaurant,Eastern European Restaurant,"eastern_european_restaurant,european_restaurant,restaurant,food,point_of_interest,establishment","Monday: 10:00 AM – 10:00 PM
Tuesday: 10:00 AM – 10:00 PM
Wednesday: 10:00 AM – 10:00 PM
Thursday: 10:00 AM – 10:00 PM
Friday: 10:00 AM – 11:00 PM
Saturday: 10:00 AM – 11:00 PM
Sunday: 11:00 AM – 10:00 PM",1,,,,,,,,,,,,,,,180,9GF6CR37+2C
ChIJcVOw8QaVkkYReEkzi8x692w,Pirosmani Restaurant,"Üliõpilaste tee 1, 12616 Tallinn, Estonia","Parking lot, Üliõpilaste tee 1, Tallinn",1,Üliõpilaste tee,,Tallinn,Harju maakond,12616,Estonia,EE,59.3925252,24.6738535,https://maps.google.com/?cid=7851879494271060344&g_mp=Cilnb29nbGUubWFwcy5wbGFjZXMudjEuUGxhY2VzLlNlYXJjaE5lYXJieRACGAQgAA,http://pirosmani.ee/,639 3246,+372 639 3246,4.4,2995,2,$$,OPERATIONAL,eastern_european_restaurant,Eastern European Restaurant,"eastern_european_restaurant,european_restaurant,restaurant,food,point_of_interest,establishment","Monday: 10:00 AM – 11:00 PM
Tuesday: 10:00 AM – 11:00 PM
Wednesday: 10:00 AM – 11:00 PM
Thursday: 10:00 AM – 11:00 PM
Friday: 10:00 AM – 11:00 PM
Saturday: 10:00 AM – 11:00 PM
Sunday: 10:00 AM – 11:00 PM",1,,,,,,,,,,,,,,,180,9GF69MVF+2G
ChIJEa2h552UkkYRKJ9P93bbt6E,Pizza Americana,"Kaarli pst 2, 10130 Tallinn, Estonia","Parking lot, Kaarli pst 2, Tallinn",2,Kaarli puiestee,,Tallinn,Harju maakond,10130,Estonia,EE,59.433183799999995,24.7418952,https://maps.google.com/?cid=11653023864846262056&g_mp=Cilnb29nbGUubWFwcy5wbGFjZXMudjEuUGxhY2VzLlNlYXJjaE5lYXJieRACGAQgAA,https://americana.ee/,644 8837,+372 644 8837,4.4,1792,2,$$,OPERATIONAL,pizza_restaurant,Pizza Restaurant,"pizza_restaurant,restaurant,food,point_of_interest,establishment","Monday: 11:30 AM – 9:30 PM
Tuesday: 11:30 AM – 9:30 PM
Wednesday: 11:30 AM – 9:30 PM
Thursday: 11:30 AM – 9:30 PM
Friday: 11:30 AM – 10:30 PM
Saturday: 1:00 – 10:30 PM
Sunday: 1:00 – 9:30 PM",1,,,,,,,,,,,,,,,180,9GF6CPMR+7Q
ChIJp80g_WGTkkYR7SYBOu7o0wI,Pizza Grande,"Väike-Karja tn 6a, 10140 Tallinn, Estonia","Väike-Karja tn 6a, Tallinn",6a,Väike-Karja tänav,,Tallinn,Harju maakond,10140,Estonia,EE,59.435715599999995,24.747106100000003,https://maps.google.com/?cid=203762518034818797&g_mp=Cilnb29nbGUubWFwcy5wbGFjZXMudjEuUGxhY2VzLlNlYXJjaE5lYXJieRACGAQgAA,https://pizzagrande.ee/,641 8718,+372 641 8718,4.0,1402,2,$$,OPERATIONAL,pizza_restaurant,Pizza Restaurant,"pizza_restaurant,restaurant,food,point_of_interest,establishment","Monday: 11:00 AM – 11:00 PM
Tuesday: 11:00 AM – 11:00 PM
Wednesday: 11:00 AM – 11:00 PM
Thursday: 11:00 AM – 11:00 PM
Friday: 11:00 AM – 11:00 PM
Saturday: 11:00 AM – 11:00 PM
Sunday: 11:00 AM – 11:00 PM",1,,,,,,,,,,,,,,,180,9GF6CPPW+7R
ChIJt6bf-e6UkkYRFWN0-lfqwHg,Pizza Wabrik Nõmme tee,"Nõmme tee 82a, 13418 Tallinn, Estonia","Nõmme tee 82a, Tallinn",82a,Nõmme tee,,Tallinn,Harju maakond,13418,Estonia,EE,59.40946729999999,24.7132214,https://maps.google.com/?cid=8701212143664784149&g_mp=Cilnb29nbGUubWFwcy5wbGFjZXMudjEuUGxhY2VzLlNlYXJjaE5lYXJieRACGAQgAA,http://www.pizzawabrik.ee/,5550 3322,+372 5550 3322,4.5,269,1,$,OPERATIONAL,pizza_restaurant,Pizza Restaurant,"pizza_restaurant,fast_food_restaurant,meal_takeaway,restaurant,food,point_of_interest,establishment","Monday: 11:00 AM – 10:00 PM
Tuesday: 11:00 AM – 10:00 PM
Wednesday: 11:00 AM – 10:00 PM
Thursday: 11:00 AM – 10:00 PM
Friday: 11:00 AM – 10:00 PM
Saturday: 11:00 AM – 10:00 PM
Sunday: 11:00 AM – 10:00 PM",1,,,,,,,,,,,,,,,180,9GF6CP57+Q7
ChIJrf1q8niTkkYR7BcMw_j_G88,Pizza Wabrik Tööstuse,"Tööstuse tn 47-a, 10416 Tallinn, Estonia","Tööstuse tn 47-a, Tallinn",47,Tööstuse tänav,,Tallinn,Harju maakond,10416,Estonia,EE,59.4481085,24.7274163,https://maps.google.com/?cid=14923803234111592428&g_mp=Cilnb29nbGUubWFwcy5wbGFjZXMudjEuUGxhY2VzLlNlYXJjaE5lYXJieRACGAQgAA,http://www.pizzawabrik.ee/,5300 7272,+372 5300 7272,4.3,393,2,$$,OPERATIONAL,pizza_restaurant,Pizza Restaurant,"pizza_restaurant,restaurant,food,point_of_interest,establishment","Monday: 11:00 AM – 10:00 PM
Tuesday: 11:00 AM – 10:00 PM
Wednesday: 11:00 AM – 10:00 PM
Thursday: 11:00 AM – 10:00 PM
Friday: 11:00 AM – 10:00 PM
Saturday: 11:00 AM – 10:00 PM
Sunday: 11:00 AM – 10:00 PM",1,,,,,,,,,,,,,,,180,9GF6CPXG+6X
ChIJa9tkVMLrkkYRAgAfLdVTpEQ,Pizzakiosk Peetri,"Küti tee 4, Peetri, 75312 Harju maakond, Estonia","Küti tee 4, Peetri",4,Küti tee,,Peetri,Harju maakond,75312,Estonia,EE,59.397628999999995,24.8048243,https://maps.google.com/?cid=4946170465809793026&g_mp=Cilnb29nbGUubWFwcy5wbGFjZXMudjEuUGxhY2VzLlNlYXJjaE5lYXJieRACGAQgAA,https://www.pizzakiosk.ee/,5892 1010,+372 5892 1010,4.0,57,1,$,OPERATIONAL,pizza_restaurant,Pizza Restaurant,"pizza_restaurant,restaurant,food,point_of_interest,establishment","Monday: 10:00 AM – 9:00 PM
Tuesday: 10:00 AM – 9:00 PM
Wednesday: 10:00 AM – 9:00 PM
Thursday: 10:00 AM – 9:00 PM
Friday: 10:00 AM – 9:00 PM
Saturday: 10:00 AM – 9:00 PM
Sunday: 10:00 AM – 9:00 PM",1,,,,,,,,,,,,,,,180,9GF69RX3+3W
ChIJ1fk1KWGTkkYRvYQM5qyzgvQ,Pizzanaut,"Roseni tn 13-10111, 10111 Tallinn, Estonia","Roseni tn 13-10111, Tallinn",13,Roseni tänav,,Tallinn,Harju maakond,10111,Estonia,EE,59.439704899999995,24.754812599999998,https://maps.google.com/?cid=17618842247402128573&g_mp=Cilnb29nbGUubWFwcy5wbGFjZXMudjEuUGxhY2VzLlNlYXJjaE5lYXJieRACGAQgAA,https://www.pizzanaut.ee/,5450 5040,+372 5450 5040,4.3,237,2,$$,CLOSED_TEMPORARILY,restaurant,Restaurant,"restaurant,food,point_of_interest,establishment",,,,,,,,,,,,,,,,,180,9GF6CQQ3+VW
ChIJRWkl2XyTkkYR3TQPjLeF8o8,Pizzer,"Toompuiestee 37, 10149 Tallinn, Estonia","Toompuiestee 37, Tallinn",37,Toompuiestee,,Tallinn,Harju maakond,10149,Estonia,EE,59.440722099999995,24.737685799999998,https://maps.google.com/?cid=10372499915162989789&g_mp=Cilnb29nbGUubWFwcy5wbGFjZXMudjEuUGxhY2VzLlNlYXJjaE5lYXJieRACGAQgAA,https://www.facebook.com/pizzeripizza/,550 2128,+372 550 2128,4.8,404,2,$$,OPERATIONAL,pizza_restaurant,Pizza Restaurant,"pizza_restaurant,restaurant,food,point_of_interest,establishment","Monday: 12:00 – 9:00 PM
Tuesday: 12:00 – 9:00 PM
Wednesday: 12:00 – 9:00 PM
Thursday: 12:00 – 9:00 PM
Friday: 12:00 – 9:00 PM
Saturday: 12:00 – 9:00 PM
Sunday: 12:00 – 9:00 PM",1,,,,,,,,,,,,,,,180,9GF6CPRQ+73
ChIJ5_Tggu6VkkYRrWpu0VHypSQ,Pizzeria Santa Lucia,"Kopli tn 27, 10412 Tallinn, Estonia","Kopli tn 27, Tallinn",27,Kopli tänav,,Tallinn,Harju maakond,10412,Estonia,EE,59.4492028,24.710323300000002,https://maps.google.com/?cid=2640783189742611117&g_mp=Cilnb29nbGUubWFwcy5wbGFjZXMudjEuUGxhY2VzLlNlYXJjaE5lYXJieRACGAQgAA,https://santalucia.pizza/,5802 7586,+372 5802 7586,4.9,455,2,$$,OPERATIONAL,pizza_restaurant,Pizza Restaurant,"pizza_restaurant,restaurant,food,point_of_interest,establishment","Monday: Closed
Tuesday: 4:00 – 10:00 PM
Wednesday: 4:00 – 10:00 PM
Thursday: 4:00 – 10:00 PM
Friday: 4:00 – 10:00 PM
Saturday: 1:00 – 10:00 PM
Sunday: Closed",0,,,,,,,,,,,,,,,180,9GF6CPX6+M4
ChIJwdXT3WCTkkYRKtwIhu95mUM,Platz Restoran,"Roseni tn 7, 10111 Tallinn, Estonia","Laudsepatöökoda, Roseni tn 7, Tallinn",7,Roseni tänav,,Tallinn,Harju maakond,10111,Estonia,EE,59.4385713,24.7554655,https://maps.google.com/?cid=4871058541630774314&g_mp=Cilnb29nbGUubWFwcy5wbGFjZXMudjEuUGxhY2VzLlNlYXJjaE5lYXJieRACGAQgAA,https://www.platz.ee/,664 5086,+372 664 5086,4.3,1556,2,$$,OPERATIONAL,restaurant,Restaurant,"restaurant,food,point_of_interest,establishment","Monday: 11:30 AM – 10:00 PM
Tuesday: 11:30 AM – 10:00 PM
Wednesday: 11:30 AM – 10:00 PM
Thursday: 11:30 AM – 10:00 PM
Friday: 11:30 AM – 11:00 PM
Saturday: 11:30 AM – 11:00 PM
Sunday: 12:00 – 9:00 PM",1,,,,,,,,,,,,,,,180,9GF6CQQ4+C5
ChIJhRXf_nyVkkYRxs8WCgf7bGs,Plus Kohvik Pärnu mnt. 113,"Pärnu mnt. 113, 11312 Tallinn, Estonia","Pärnu mnt. 113, Tallinn",113,Pärnu maantee,,Tallinn,Harju maakond,11312,Estonia,EE,59.415676100000006,24.740498199999998,https://maps.google.com/?cid=7740837867195649990&g_mp=Cilnb29nbGUubWFwcy5wbGFjZXMudjEuUGxhY2VzLlNlYXJjaE5lYXJieRACGAQgAA,https://pluskohvikud.ee/listing/buroo-113-arihoones/,5592 1130,+372 5592 1130,4.3,36,1,$,OPERATIONAL,buffet_restaurant,Buffet Restaurant,"buffet_restaurant,coffee_shop,cafe,food_store,store,restaurant,food,point_of_interest,establishment","Monday: 8:30 AM – 4:00 PM
Tuesday: 8:30 AM – 4:00 PM
Wednesday: 8:30 AM – 4:00 PM
Thursday: 8:30 AM – 4:00 PM
Friday: 8:30 AM – 4:00 PM
Saturday: Closed
Sunday: Closed",1,,,,,,,,,,,,,,,180,9GF6CP8R+75
ChIJa_Oh5xXrkkYRHejdiQi50XY,Plus Kohvik Ülemiste Tervisemaja 1,"Valukoja tn 7, 11415 Tallinn, Estonia","Ülemiste City, Valukoja tn 7, Tallinn",7,Valukoja tänav,,Tallinn,Harju maakond,11415,Estonia,EE,59.420663100000006,24.8065559,https://maps.google.com/?cid=8561827812931921949&g_mp=Cilnb29nbGUubWFwcy5wbGFjZXMudjEuUGxhY2VzLlNlYXJjaE5lYXJieRACGAQgAA,http://pluskohvikud.ee/,5885 9505,+372 5885 9505,3.9,45,1,$,OPERATIONAL,restaurant,Restaurant,"restaurant,food,point_of_interest,establishment","Monday: 10:00 AM – 4:00 PM
Tuesday: 10:00 AM – 4:00 PM
Wednesday: 10:00 AM – 4:00 PM
Thursday: 10:00 AM – 4:00 PM
Friday: 10:00 AM – 4:00 PM
Saturday: Closed
Sunday: Closed",1,,,,,,,,,,,,,,,180,9GF6CRC4+7J
ChIJlWkphs6TkkYRxICTgXCdQe8,Poké Bowl Järve,"Pärnu mnt. 238, 11624 Tallinn, Estonia","Pärnu mnt. 238, Tallinn",238,Pärnu maantee,,Tallinn,Harju maakond,11624,Estonia,EE,59.3933914,24.7202408,https://maps.google.com/?cid=17240233955086794948&g_mp=Cilnb29nbGUubWFwcy5wbGFjZXMudjEuUGxhY2VzLlNlYXJjaE5lYXJieRACGAQgAA,https://pokebowl.ee/,5810 0525,+372 5810 0525,4.6,174,1,$,OPERATIONAL,fast_food_restaurant,Fast Food Restaurant,"fast_food_restaurant,hawaiian_restaurant,american_restaurant,restaurant,food,point_of_interest,establishment","Monday: 10:00 AM – 9:00 PM
Tuesday: 10:00 AM – 9:00 PM
Wednesday: 10:00 AM – 9:00 PM
Thursday: 10:30 AM – 9:00 PM
Friday: 10:00 AM – 9:00 PM
Saturday: 10:00 AM – 9:00 PM
Sunday: 10:00 AM – 7:00 PM",1,,,,,,,,,,,,,,,180,9GF69PVC+93
ChIJc9JaEEOVkkYRFJgFKqbyHNc,Poké Bowl Mustamäe Keskus,"A. H. Tammsaare tee 104a, 12918 Tallinn, Estonia","A. H. Tammsaare tee 104a, Tallinn",104a,A. H. Tammsaare tee,,Tallinn,Harju maakond,12918,Estonia,EE,59.4085978,24.6888597,https://maps.google.com/?cid=15500530812985907220&g_mp=Cilnb29nbGUubWFwcy5wbGFjZXMudjEuUGxhY2VzLlNlYXJjaE5lYXJieRACGAQgAA,https://pokebowl.ee/,5624 9111,+372 5624 9111,4.3,183,2,$$,OPERATIONAL,fast_food_restaurant,Fast Food Restaurant,"fast_food_restaurant,hawaiian_restaurant,american_restaurant,restaurant,food,point_of_interest,establishment","Monday: 11:00 AM – 10:00 PM
Tuesday: 11:00 AM – 10:00 PM
Wednesday: 11:00 AM – 10:00 PM
Thursday: 11:00 AM – 10:00 PM
Friday: 11:00 AM – 10:00 PM
Saturday: 11:00 AM – 10:00 PM
Sunday: 11:00 AM – 10:00 PM",1,,,,,,,,,,,,,,,180,9GF6CM5Q+CG
ChIJ1WObDaSVkkYR75WsCw5_Om0,Poké Bowl Viru Keskus Food Hall,"Viru väljak 4-5, 10111 Tallinn, Estonia","Viru väljak 4-5, Tallinn",4,Viru väljak,,Tallinn,Harju maakond,10111,Estonia,EE,59.4358678,24.7546602,https://maps.google.com/?cid=7870742997085492719&g_mp=Cilnb29nbGUubWFwcy5wbGFjZXMudjEuUGxhY2VzLlNlYXJjaE5lYXJieRACGAQgAA,https://www.pokebowl.ee/,5611 1650,+372 5611 1650,4.1,285,2,$$,OPERATIONAL,fast_food_restaurant,Fast Food Restaurant,"fast_food_restaurant,hawaiian_restaurant,american_restaurant,restaurant,food,point_of_interest,establishment","Monday: 11:00 AM – 9:00 PM
Tuesday: 11:00 AM – 9:00 PM
Wednesday: 11:00 AM – 9:00 PM
Thursday: 11:00 AM – 9:00 PM
Friday: 11:00 AM – 10:00 PM
Saturday: 11:00 AM – 10:00 PM
Sunday: 11:00 AM – 8:00 PM",1,,,,,,,,,,,,,,,180,9GF6CQP3+8V
ChIJjTigq8LrkkYR_cqPQm4PCco,Poké Bowl Ülemiste Keskus,"Suur-Sõjamäe tn 4, 11415 Tallinn, Estonia","Suur-Sõjamäe tn 4, Tallinn",4,Suur-Sõjamäe tänav,,Tallinn,Harju maakond,11415,Estonia,EE,59.4219071,24.7944225,https://maps.google.com/?cid=14558184236689378045&g_mp=Cilnb29nbGUubWFwcy5wbGFjZXMudjEuUGxhY2VzLlNlYXJjaE5lYXJieRACGAQgAA,https://pokebowl.ee/,5685 6444,+372 5685 6444,4.5,159,1,$,OPERATIONAL,fast_food_restaurant,Fast Food Restaurant,"fast_food_restaurant,hawaiian_restaurant,american_restaurant,restaurant,food,point_of_interest,establishment","Monday: 10:30 AM – 9:00 PM
Tuesday: 10:30 AM – 9:00 PM
Wednesday: 10:30 AM – 9:00 PM
Thursday: 10:30 AM – 9:00 PM
Friday: 10:30 AM – 9:00 PM
Saturday: 10:30 AM – 9:00 PM
Sunday: 10:30 AM – 7:00 PM",1,,,,,,,,,,,,,,,180,9GF6CQCV+QQ
ChIJ0bkm32uTkkYRzlknzHZs9JI,Porgandipomm Bakery,"Manufaktuuri t. 7/1, 10412 Tallinn, Estonia","Manufaktuuri t. 7/1, Tallinn",7/1,Manufaktuuri tänav,,Tallinn,Harju maakond,10412,Estonia,EE,59.4491566,24.703142,https://maps.google.com/?cid=10589207881341950414&g_mp=Cilnb29nbGUubWFwcy5wbGFjZXMudjEuUGxhY2VzLlNlYXJjaE5lYXJieRACGAQgAA,https://www.facebook.com/porgandipomm,5812 3916,+372 5812 3916,4.9,62,1,$,OPERATIONAL,dessert_restaurant,Dessert Restaurant,"dessert_restaurant,bakery,coffee_shop,food_store,cafe,store,restaurant,food,point_of_interest,establishment","Monday: Closed
Tuesday: Closed
Wednesday: 10:00 AM – 6:00 PM
Thursday: 10:00 AM – 6:00 PM
Friday: 10:00 AM – 6:00 PM
Saturday: 10:00 AM – 6:00 PM
Sunday: 10:00 AM – 5:00 PM",1,,,,,,,,,,,,,,,180,9GF6CPX3+M7
ChIJLa8A0V-TkkYRR_w8vjmpVS4,"Port Desina Bistroo, Pitsa, Sushi, Šašlõkk","Paavli 1, Kopli tn 33, 10412 Tallinn, Estonia","Paavli 1, Kopli tn 33, Tallinn",33,Kopli tänav,,Tallinn,Harju County,10412,Estonia,EE,59.4501122,24.7084784,https://maps.google.com/?cid=3338760764234988615&g_mp=Cilnb29nbGUubWFwcy5wbGFjZXMudjEuUGxhY2VzLlNlYXJjaE5lYXJieRACGAQgAA,http://www.portdesina.ee/,5822 5654,+372 5822 5654,4.8,456,1,$,OPERATIONAL,bistro,Bistro,"bistro,restaurant,food,point_of_interest,establishment","Monday: 9:00 AM – 7:00 PM
Tuesday: 9:00 AM – 7:00 PM
Wednesday: 9:00 AM – 7:00 PM
Thursday: 9:00 AM – 7:00 PM
Friday: 9:00 AM – 10:00 PM
Saturday: 11:00 AM – 10:00 PM
Sunday: 11:00 AM – 7:00 PM",1,,,,,,,,,,,,,,,180,9GF6FP25+29
ChIJI_yzXb2TkkYRWZWW4OpfNpg,Port Resto & Kondiiter,"Laeva tn 1, 10111 Tallinn, Estonia","Laeva tn 1, Tallinn",1,Laeva tänav,,Tallinn,Harju maakond,10111,Estonia,EE,59.4410971,24.7579681,https://maps.google.com/?cid=10968059404902372697&g_mp=Cilnb29nbGUubWFwcy5wbGFjZXMudjEuUGxhY2VzLlNlYXJjaE5lYXJieRACGAQgAA,https://www.facebook.com/profile.php?id=61554864201621,5679 1121,+372 5679 1121,4.6,38,1,$,CLOSED_TEMPORARILY,restaurant,Restaurant,"restaurant,food,point_of_interest,establishment",,,,,,,,,,,,,,,,,180,9GF6CQR5+C5
ChIJMdIrl8WTkkYRQZcli1mpYec,Ports Kitchen & Bar,"Pikk tn 36, 10133 Tallinn, Estonia","Pikk tn 36, Tallinn",36,Pikk tänav,,Tallinn,Harju maakond,10133,Estonia,EE,59.4397692,24.747162799999998,https://maps.google.com/?cid=16672793497553966913&g_mp=Cilnb29nbGUubWFwcy5wbGFjZXMudjEuUGxhY2VzLlNlYXJjaE5lYXJieRACGAQgAA,https://ports.ee/,5698 2886,+372 5698 2886,4.8,271,2,$$,OPERATIONAL,restaurant,Restaurant,"restaurant,food,point_of_interest,establishment","Monday: 12:00 – 10:00 PM
Tuesday: 12:00 – 11:00 PM
Wednesday: 12:00 – 11:00 PM
Thursday: 12:00 – 11:00 PM
Friday: 12:00 PM – 1:00 AM
Saturday: 12:00 PM – 1:00 AM
Sunday: 12:00 – 10:00 PM",1,,,,,,,,,,,,,,,180,9GF6CPQW+WV
ChIJ-XFQEymTkkYRskiqlHgEzOI,PROTO suveterrass,"Noblessner, Peetri tn 10, 10415 Tallinn, Estonia","Noblessner, Peetri tn 10, Tallinn",10,Peetri tänav,,Tallinn,Harju maakond,10415,Estonia,EE,59.45151299999999,24.730532399999998,https://maps.google.com/?cid=16342442063757461682&g_mp=Cilnb29nbGUubWFwcy5wbGFjZXMudjEuUGxhY2VzLlNlYXJjaE5lYXJieRACGAQgAA,https://prototehas.ee/en/summer-terrace/,5450 0840,+372 5450 0840,4.1,29,2,$$,OPERATIONAL,restaurant,Restaurant,"restaurant,food,point_of_interest,establishment","Monday: Closed
Tuesday: Closed
Wednesday: Closed
Thursday: 5:00 – 10:00 PM
Friday: 5:00 – 10:00 PM
Saturday: 1:00 – 11:00 PM
Sunday: 1:00 – 11:00 PM",0,,,,,,,,,,,,,,,180,9GF6FP2J+J6
ChIJRyaVZWKTkkYRuibDxpgrOu4,Pub Kompressor,"Rataskaevu tn 3, 10123 Tallinn, Estonia","Rataskaevu tn 3, Tallinn",3,Rataskaevu tänav,,Tallinn,Harju maakond,10123,Estonia,EE,59.4373931,24.743207400000003,https://maps.google.com/?cid=17166080864845768378&g_mp=Cilnb29nbGUubWFwcy5wbGFjZXMudjEuUGxhY2VzLlNlYXJjaE5lYXJieRACGAQgAA,http://kompressorpub.ee/,646 4210,+372 646 4210,4.6,8627,2,$$,OPERATIONAL,restaurant,Restaurant,"restaurant,food,point_of_interest,establishment","Monday: 11:00 AM – 10:00 PM
Tuesday: 11:00 AM – 10:00 PM
Wednesday: 11:00 AM – 10:00 PM
Thursday: 11:00 AM – 10:00 PM
Friday: 11:00 AM – 10:00 PM
Saturday: 11:00 AM – 10:00 PM
Sunday: 11:00 AM – 10:00 PM",1,,,,,,,,,,,,,,,180,9GF6CPPV+X7
ChIJN_rcAWKTkkYRgics1yTJ1gc,Pub With No Name,"Suur-Karja tn 4, 10140 Tallinn, Estonia","Suur-Karja tn 4, Tallinn",4,Suur-Karja tänav,,Tallinn,Harju maakond,10140,Estonia,EE,59.4360658,24.7461582,https://maps.google.com/?cid=564859963347576706&g_mp=Cilnb29nbGUubWFwcy5wbGFjZXMudjEuUGxhY2VzLlNlYXJjaE5lYXJieRACGAQgAA,,,,4.0,1630,2,$$,OPERATIONAL,bar_and_grill,Bar & Grill,"bar_and_grill,bar,restaurant,food,point_of_interest,establishment","Monday: 12:00 PM – 3:30 AM
Tuesday: 12:00 PM – 3:30 AM
Wednesday: 12:00 PM – 4:00 AM
Thursday: 12:00 PM – 4:00 AM
Friday: 12:00 PM – 4:30 AM
Saturday: 12:00 PM – 4:30 AM
Sunday: 3:00 PM – 3:30 AM",1,,,,,,,,,,,,,,,180,9GF6CPPW+CF
ChIJPV7Vwm6TkkYRbF72RUObYzQ,Puente Tallinn,"Vesilennuki tn 80, 10415 Tallinn, Estonia","Vesilennuki tn 80, Tallinn",80,Vesilennuki tänav,,Tallinn,Harju maakond,10415,Estonia,EE,59.45249109999999,24.731794299999997,https://maps.google.com/?cid=3775031625905495660&g_mp=Cilnb29nbGUubWFwcy5wbGFjZXMudjEuUGxhY2VzLlNlYXJjaE5lYXJieRACGAQgAA,,554 5532,+372 554 5532,4.3,64,2,$$,OPERATIONAL,restaurant,Restaurant,"restaurant,food,point_of_interest,establishment","Monday: 12:00 – 11:00 PM
Tuesday: 12:00 – 11:00 PM
Wednesday: 12:00 – 11:00 PM
Thursday: 12:00 – 11:00 PM
Friday: 12:00 PM – 12:00 AM
Saturday: 12:00 PM – 12:00 AM
Sunday: 12:00 – 11:00 PM",1,,,,,,,,,,,,,,,180,9GF6FP2J+XP
ChIJX9r_AmKTkkYRw2u2AocgAXQ,Pulcinella Itaalia Restoran Pizzeria,"Suur-Karja tn 2, 10140 Tallinn, Estonia","Suur-Karja tn 2, Tallinn",2,Suur-Karja tänav,,Tallinn,Harju maakond,10140,Estonia,EE,59.436345700000004,24.745987799999998,https://maps.google.com/?cid=8358998147614534595&g_mp=Cilnb29nbGUubWFwcy5wbGFjZXMudjEuUGxhY2VzLlNlYXJjaE5lYXJieRACGAQgAA,http://www.pulcinella.ee/,5622 9691,+372 5622 9691,4.2,1739,2,$$,OPERATIONAL,italian_restaurant,Italian Restaurant,"italian_restaurant,steak_house,pizza_restaurant,cafe,european_restaurant,restaurant,food,point_of_interest,establishment","Monday: 1:00 – 9:30 PM
Tuesday: 1:00 – 9:30 PM
Wednesday: 1:00 – 9:30 PM
Thursday: 1:00 – 9:30 PM
Friday: 1:00 – 10:00 PM
Saturday: 1:00 – 10:00 PM
Sunday: 1:00 – 9:30 PM",0,,,,,,,,,,,,,,,180,9GF6CPPW+G9
ChIJq7VYQPyTkkYRdUmFpq2G6ms,Purtse resto,"Telliskivi tn 60/2-I-hoone, 10412 Tallinn, Estonia","Telliskivi tn 60/2-I-hoone, Tallinn",60/2,Telliskivi tänav,,Tallinn,Harju maakond,10412,Estonia,EE,59.4396543,24.7325214,https://maps.google.com/?cid=7776175786989799797&g_mp=Cilnb29nbGUubWFwcy5wbGFjZXMudjEuUGxhY2VzLlNlYXJjaE5lYXJieRACGAQgAA,http://purtseresto.ee/,5622 4228,+372 5622 4228,4.6,181,2,$$,OPERATIONAL,restaurant,Restaurant,"restaurant,food,point_of_interest,establishment","Monday: Closed
Tuesday: 12:00 – 10:00 PM
Wednesday: 12:00 – 10:00 PM
Thursday: 12:00 – 10:00 PM
Friday: 12:00 PM – 12:00 AM
Saturday: 2:00 PM – 12:00 AM
Sunday: Closed",1,,,,,,,,,,,,,,,180,9GF6CPQM+V2
ChIJ6b1hAgCTkkYRp89_0kC8aPA,Puusepa pitsa,"Marati tn 5, 11712 Tallinn, Estonia","Marati tn 5, Tallinn",5,Marati tänav,,Tallinn,Harju maakond,11712,Estonia,EE,59.4560116,24.673879799999998,https://maps.google.com/?cid=17323302953276133287&g_mp=Cilnb29nbGUubWFwcy5wbGFjZXMudjEuUGxhY2VzLlNlYXJjaE5lYXJieRACGAQgAA,https://www.puusepapitsa.ee/,5626 7004,+372 5626 7004,4.8,95,2,$$,OPERATIONAL,pizza_restaurant,Pizza Restaurant,"pizza_restaurant,restaurant,food,point_of_interest,establishment","Monday: Closed
Tuesday: Closed
Wednesday: 2:00 – 9:00 PM
Thursday: 2:00 – 9:00 PM
Friday: 4:00 – 10:00 PM
Saturday: 12:00 – 10:00 PM
Sunday: 12:00 – 7:00 PM",0,,,,,,,,,,,,,,,180,9GF6FM4F+CH
ChIJIZ4odQCTkkYRL1omUwN1HOg,Pühaste Taproom Tallinn,"Rotermanni tn 2, 10111 Tallinn, Estonia","Rotermanni tn 2, Tallinn",2,Rotermanni tänav,,Tallinn,Harju maakond,10111,Estonia,EE,59.43866809999999,24.758084999999998,https://maps.google.com/?cid=16725371773287553583&g_mp=Cilnb29nbGUubWFwcy5wbGFjZXMudjEuUGxhY2VzLlNlYXJjaE5lYXJieRACGAQgAA,http://puhaste-taproom.ourmenu.com/?menu=226736,557 9787,+372 557 9787,4.6,487,2,$$,OPERATIONAL,bar,Bar,"bar,cocktail_bar,restaurant,food,point_of_interest,establishment","Monday: 2:00 – 11:00 PM
Tuesday: 2:00 – 11:00 PM
Wednesday: 2:00 – 11:00 PM
Thursday: 2:00 – 11:00 PM
Friday: 2:00 PM – 1:00 AM
Saturday: 2:00 PM – 1:00 AM
Sunday: 2:00 – 8:00 PM",0,,,,,,,,,,,,,,,180,9GF6CQQ5+F6
ChIJv1CbtPqVkkYR4F-NebmndoQ,PÄRIS Pagar • Deli • Resto,"Maakri tn 30, 10145 Tallinn, Estonia","Maakri tn 30, Tallinn",30,Maakri tänav,,Tallinn,Harju maakond,10145,Estonia,EE,59.432841100000005,24.7592759,https://maps.google.com/?cid=9545000875308441568&g_mp=Cilnb29nbGUubWFwcy5wbGFjZXMudjEuUGxhY2VzLlNlYXJjaE5lYXJieRACGAQgAA,http://www.parisresto.ee/,5330 6003,+372 5330 6003,4.5,607,2,$$,OPERATIONAL,restaurant,Restaurant,"restaurant,point_of_interest,food,establishment","Monday: 8:00 AM – 11:00 PM
Tuesday: 8:00 AM – 11:00 PM
Wednesday: 8:00 AM – 11:00 PM
Thursday: 8:00 AM – 11:00 PM
Friday: 8:00 AM – 11:00 PM
Saturday: 12:00 – 11:00 PM
Sunday: 11:00 AM – 4:00 PM",1,,,,,,,,,,,,,,,180,9GF6CQM5+4P
ChIJ-X-2JUyTkkYRBM2xOwYptwY,Põhjala Brewery & Tap Room,"Peetri tn 5, 10415 Tallinn, Estonia","Peetri tn 5, Tallinn",5,Peetri tänav,,Tallinn,Harju maakond,10415,Estonia,EE,59.450270499999995,24.7272078,https://maps.google.com/?cid=483900591713668356&g_mp=Cilnb29nbGUubWFwcy5wbGFjZXMudjEuUGxhY2VzLlNlYXJjaE5lYXJieRACGAQgAA,https://pohjalabeer.com/taproom,5666 2800,+372 5666 2800,4.6,1877,,,OPERATIONAL,brewery,Brewery,"brewery,barbecue_restaurant,restaurant,food,manufacturer,service,point_of_interest,establishment","Monday: Closed
Tuesday: 12:00 PM – 12:00 AM
Wednesday: 12:00 PM – 12:00 AM
Thursday: 12:00 PM – 12:00 AM
Friday: 12:00 PM – 1:00 AM
Saturday: 12:00 PM – 1:00 AM
Sunday: 10:00 AM – 5:00 PM",1,,,,,,,,,,,,,,,180,9GF6FP2G+4V
ChIJe_YwWhKTkkYRReJfuowjmnM,Q Pizza&Pan,"Telliskivi tn 62, 10412 Tallinn, Estonia","Telliskivi tn 62, Tallinn",62,Telliskivi tänav,,Tallinn,Harju maakond,10412,Estonia,EE,59.4405383,24.7306816,https://maps.google.com/?cid=8330009548104393285&g_mp=Cilnb29nbGUubWFwcy5wbGFjZXMudjEuUGxhY2VzLlNlYXJjaE5lYXJieRACGAQgAA,,5847 2203,+372 5847 2203,4.6,272,2,$$,OPERATIONAL,pizza_restaurant,Pizza Restaurant,"pizza_restaurant,restaurant,food,point_of_interest,establishment","Monday: 6:00 PM – 2:00 AM
Tuesday: 6:00 PM – 2:00 AM
Wednesday: 6:00 PM – 2:00 AM
Thursday: 6:00 PM – 3:00 AM
Friday: 6:00 PM – 5:00 AM
Saturday: 6:00 PM – 5:00 AM
Sunday: 6:00 PM – 6:00 AM",0,,,,,,,,,,,,,,,180,9GF6CPRJ+67
ChIJSxlmtouTkkYRU0Ydt38_vHk,Quick Bites,"Väike-Karja tn 1, 10140 Tallinn, Estonia","Väike-Karja tn 1, Tallinn",1,Väike-Karja tänav,,Tallinn,Harju maakond,10140,Estonia,EE,59.4359719,24.7468528,https://maps.google.com/?cid=8771955991976429139&g_mp=Cilnb29nbGUubWFwcy5wbGFjZXMudjEuUGxhY2VzLlNlYXJjaE5lYXJieRACGAQgAA,https://quickbites.choiceqr.com/online-menu,5388 0010,+372 5388 0010,4.6,356,1,$,OPERATIONAL,turkish_restaurant,Turkish Restaurant,"turkish_restaurant,hamburger_restaurant,halal_restaurant,lounge_bar,pizza_restaurant,cocktail_bar,night_club,american_restaurant,event_venue,bar,restaurant,food,service,point_of_interest,establishment","Monday: 7:00 PM – 6:00 AM
Tuesday: 7:00 PM – 6:00 AM
Wednesday: 7:00 PM – 11:00 AM
Thursday: 7:00 PM – 11:00 AM
Friday: 7:00 PM – 11:00 AM
Saturday: 7:00 PM – 11:00 AM
Sunday: 7:00 PM – 6:00 AM",0,,,,,,,,,,,,,,,180,9GF6CPPW+9P
ChIJ0y_LzWCTkkYRYQ2IYkNewrY,R14,"Rotermanni tn 14, 10111 Tallinn, Estonia","Rotermanni tn 14, Tallinn",14,Rotermanni tänav,,Tallinn,Harju maakond,10111,Estonia,EE,59.43925759999999,24.757952099999997,https://maps.google.com/?cid=13169191903893654881&g_mp=Cilnb29nbGUubWFwcy5wbGFjZXMudjEuUGxhY2VzLlNlYXJjaE5lYXJieRACGAQgAA,https://www.r14.ee/,5855 8120,+372 5855 8120,4.4,1311,3,$$$,OPERATIONAL,restaurant,Restaurant,"restaurant,food,point_of_interest,establishment","Monday: 11:00 AM – 11:00 PM
Tuesday: 11:00 AM – 11:00 PM
Wednesday: 11:00 AM – 11:00 PM
Thursday: 11:00 AM – 11:00 PM
Friday: 11:00 AM – 12:00 AM
Saturday: 12:00 PM – 12:00 AM
Sunday: 12:00 – 9:00 PM",1,,,,,,,,,,,,,,,180,9GF6CQQ5+P5
ChIJjbhRMwCVkkYRu2xtX0kMNvE,Raasiku Õlletehas Esinduspood & Resto Mustamäe Keskus,"A. H. Tammsaare tee 104a, 12918 Tallinn, Estonia","A. H. Tammsaare tee 104a, Tallinn",104a,A. H. Tammsaare tee,,Tallinn,Harju maakond,12918,Estonia,EE,59.408376,24.6898664,https://maps.google.com/?cid=17381093321156160699&g_mp=Cilnb29nbGUubWFwcy5wbGFjZXMudjEuUGxhY2VzLlNlYXJjaE5lYXJieRACGAQgAA,https://www.raasiku-olletehas.ee/,5303 0273,+372 5303 0273,4.3,46,2,$$,OPERATIONAL,bar,Bar,"bar,liquor_store,restaurant,food,store,point_of_interest,establishment","Monday: 11:00 AM – 9:00 PM
Tuesday: 11:00 AM – 9:00 PM
Wednesday: 11:00 AM – 9:00 PM
Thursday: 11:00 AM – 9:00 PM
Friday: 11:00 AM – 10:00 PM
Saturday: 11:00 AM – 10:00 PM
Sunday: 11:00 AM – 9:00 PM",1,,,,,,,,,,,,,,,180,9GF6CM5Q+9W
ChIJkSbti72VkkYReuHQ3RZ8JcA,Raba kohvik,"Kopli tn 68a, 10412 Tallinn, Estonia","Kopli tn 68a, Tallinn",68a,Kopli tänav,,Tallinn,Harju maakond,10412,Estonia,EE,59.44549610000001,24.7212543,https://maps.google.com/?cid=13845609067073036666&g_mp=Cilnb29nbGUubWFwcy5wbGFjZXMudjEuUGxhY2VzLlNlYXJjaE5lYXJieRACGAQgAA,http://www.rabakohvik.ee/,5887 3324,+372 5887 3324,4.7,75,2,$$,OPERATIONAL,restaurant,Restaurant,"restaurant,food,point_of_interest,establishment","Monday: 10:00 AM – 3:00 PM
Tuesday: 10:00 AM – 3:00 PM
Wednesday: 10:00 AM – 3:00 PM
Thursday: 10:00 AM – 3:00 PM
Friday: 10:00 AM – 3:00 PM
Saturday: Closed
Sunday: Closed",1,,,,,,,,,,,,,,,180,9GF6CPWC+5G
ChIJ20Bjr0iTkkYRgQJgItfq4rk,Rabbit Hole Resto,"Sauna tn 5, 10140 Tallinn, Estonia","Sauna tn 5, Tallinn",5,Sauna tänav,,Tallinn,Harju maakond,10140,Estonia,EE,59.436673000000006,24.7483863,https://maps.google.com/?cid=13394526451468862081&g_mp=Cilnb29nbGUubWFwcy5wbGFjZXMudjEuUGxhY2VzLlNlYXJjaE5lYXJieRACGAQgAA,,5802 3808,+372 5802 3808,4.5,25,2,$$,OPERATIONAL,restaurant,Restaurant,"restaurant,food,point_of_interest,establishment","Monday: 12:00 – 10:00 PM
Tuesday: 12:00 – 10:00 PM
Wednesday: 12:00 – 10:00 PM
Thursday: 12:00 – 10:00 PM
Friday: 12:00 – 10:00 PM
Saturday: 12:00 – 10:00 PM
Sunday: 12:00 – 10:00 PM",1,,,,,,,,,,,,,,,180,9GF6CPPX+M9
ChIJ9RVVj4mTkkYRDmD8PQUM31w,Radio,"Terase tn 16, 10125 Tallinn, Estonia","Terase 16, Terase tn 16, Tallinn",16,Terase tänav,,Tallinn,Harju maakond,10125,Estonia,EE,59.434970299999996,24.7718684,https://maps.google.com/?cid=6692080787950166030&g_mp=Cilnb29nbGUubWFwcy5wbGFjZXMudjEuUGxhY2VzLlNlYXJjaE5lYXJieRACGAQgAA,http://www.restoranradio.ee/,550 4499,+372 550 4499,4.7,746,2,$$,OPERATIONAL,restaurant,Restaurant,"restaurant,food,point_of_interest,establishment","Monday: 12:00 – 11:00 PM
Tuesday: 12:00 – 11:00 PM
Wednesday: 12:00 – 11:00 PM
Thursday: 12:00 – 11:00 PM
Friday: 12:00 – 11:00 PM
Saturday: 12:00 – 11:00 PM
Sunday: 12:00 – 11:00 PM",1,,,,,,,,,,,,,,,180,9GF6CQMC+XP
ChIJzUMp4-KTkkYRWWPXb7oz0nY,Rado restoran,"Vene tn 7, 10123 Tallinn, Estonia","Vene tn 7, Tallinn",7,Vene tänav,,Tallinn,Harju maakond,10123,Estonia,EE,59.437530300000006,24.7469073,https://maps.google.com/?cid=8561962717418054489&g_mp=Cilnb29nbGUubWFwcy5wbGFjZXMudjEuUGxhY2VzLlNlYXJjaE5lYXJieRACGAQgAA,http://www.radorestoran.ee/,5858 8995,+372 5858 8995,4.7,885,3,$$$,OPERATIONAL,fine_dining_restaurant,Fine Dining Restaurant,"fine_dining_restaurant,restaurant,food,point_of_interest,establishment","Monday: 12:00 – 11:00 PM
Tuesday: 12:00 – 11:00 PM
Wednesday: 12:00 – 11:00 PM
Thursday: 12:00 – 11:00 PM
Friday: 12:00 – 11:00 PM
Saturday: 12:00 – 11:00 PM
Sunday: Closed",1,,,,,,,,,,,,,,,180,9GF6CPQW+2Q
ChIJE86NnJ6UkkYR5RtuLaIXDoc,Rahva Toit Roosikrantsi,"Roosikrantsi tn 2, 10119 Tallinn, Estonia","Roosikrantsi tn 2, Tallinn",2,Roosikrantsi tänav,,Tallinn,Harju maakond,10119,Estonia,EE,59.432350199999995,24.7429775,https://maps.google.com/?cid=9731741830108552165&g_mp=Cilnb29nbGUubWFwcy5wbGFjZXMudjEuUGxhY2VzLlNlYXJjaE5lYXJieRACGAQgAA,http://rahvatoit.ee/,611 0556,+372 611 0556,4.3,40,1,$,OPERATIONAL,brunch_restaurant,Brunch Restaurant,"brunch_restaurant,restaurant,food,point_of_interest,establishment","Monday: 8:00 AM – 3:30 PM
Tuesday: 8:00 AM – 3:30 PM
Wednesday: 8:00 AM – 3:30 PM
Thursday: 8:00 AM – 3:30 PM
Friday: 8:00 AM – 3:30 PM
Saturday: Closed
Sunday: Closed",1,,,,,,,,,,,,,,,180,9GF6CPJV+W5
ChIJ870_wcOTkkYRpuBp2NgHNJE,Ramen Rush,"Narva mnt 7, 10117 Tallinn, Estonia","Narva mnt 7, Tallinn",7,Narva maantee,,Tallinn,Harju maakond,10117,Estonia,EE,59.4374411,24.7598998,https://maps.google.com/?cid=10462996462213652646&g_mp=Cilnb29nbGUubWFwcy5wbGFjZXMudjEuUGxhY2VzLlNlYXJjaE5lYXJieRACGAQgAA,,518 9884,+372 518 9884,4.7,78,1,$,OPERATIONAL,ramen_restaurant,Ramen Restaurant,"ramen_restaurant,fast_food_restaurant,asian_restaurant,japanese_restaurant,restaurant,food,point_of_interest,establishment","Monday: 11:00 AM – 10:00 PM
Tuesday: 11:00 AM – 10:00 PM
Wednesday: 11:00 AM – 10:00 PM
Thursday: 11:00 AM – 10:00 PM
Friday: 11:00 AM – 10:00 PM
Saturday: 11:00 AM – 10:00 PM
Sunday: 11:00 AM – 10:00 PM",1,,,,,,,,,,,,,,,180,9GF6CQP5+XX
ChIJAYRP8LuTkkYR4xMB2r8R1f8,Ramen Taro Laulupeo,"Laulupeo tn 1, 10121 Tallinn, Estonia","Laulupeo tn 1, Tallinn",1,Laulupeo tänav,,Tallinn,Harju maakond,10121,Estonia,EE,59.4302614,24.7726871,https://maps.google.com/?cid=18434660165404922851&g_mp=Cilnb29nbGUubWFwcy5wbGFjZXMudjEuUGxhY2VzLlNlYXJjaE5lYXJieRACGAQgAA,https://www.ramentaro2023.com/,335 7735,+372 335 7735,4.9,530,2,$$,OPERATIONAL,ramen_restaurant,Ramen Restaurant,"ramen_restaurant,noodle_shop,japanese_restaurant,restaurant,food,point_of_interest,establishment","Monday: 11:30 AM – 6:00 PM
Tuesday: 11:30 AM – 6:00 PM
Wednesday: 11:30 AM – 6:00 PM
Thursday: 11:30 AM – 6:00 PM
Friday: 11:30 AM – 9:00 PM
Saturday: 11:30 AM – 9:00 PM
Sunday: 11:30 AM – 6:00 PM",1,,,,,,,,,,,,,,,180,9GF6CQJF+43
ChIJ868Few7rkkYReVTEV0H4Iow,Ramen Taro Ülemiste,"Suur-Sõjamäe tn 4, 11415 Tallinn, Estonia","Suur-Sõjamäe tn 4, Tallinn",4,Suur-Sõjamäe tänav,,Tallinn,Harju maakond,11415,Estonia,EE,59.4219071,24.7944225,https://maps.google.com/?cid=10097906274047120505&g_mp=Cilnb29nbGUubWFwcy5wbGFjZXMudjEuUGxhY2VzLlNlYXJjaE5lYXJieRACGAQgAA,https://www.ramentaro2023.com/,335 7335,+372 335 7335,4.6,118,2,$$,OPERATIONAL,ramen_restaurant,Ramen Restaurant,"ramen_restaurant,japanese_restaurant,restaurant,food,point_of_interest,establishment","Monday: 10:00 AM – 9:00 PM
Tuesday: 10:00 AM – 9:00 PM
Wednesday: 10:00 AM – 9:00 PM
Thursday: 10:00 AM – 9:00 PM
Friday: 10:00 AM – 9:00 PM
Saturday: 10:00 AM – 9:00 PM
Sunday: 10:00 AM – 7:00 PM",1,,,,,,,,,,,,,,,180,9GF6CQCV+QQ
ChIJic3GYH2TkkYRqiEk7XQ1TJQ,Raudtee Kohvik & Bistroo,"Toompuiestee 35, 10149 Tallinn, Estonia","Toompuiestee 35, Tallinn",35,Toompuiestee,,Tallinn,Harju maakond,10149,Estonia,EE,59.4385565,24.7345926,https://maps.google.com/?cid=10685974792154390954&g_mp=Cilnb29nbGUubWFwcy5wbGFjZXMudjEuUGxhY2VzLlNlYXJjaE5lYXJieRACGAQgAA,https://bistrood.ee/raudtee/,623 3008,+372 623 3008,4.7,251,1,$,CLOSED_TEMPORARILY,restaurant,Restaurant,"bistro,brunch_restaurant,cafe,restaurant,food,point_of_interest,establishment",,,,,,,,,,,,,,,,,180,9GF6CPQM+CR
ChIJSa6lRjrrkkYRyvd3axBgdHg,Repa Restoran,"Suur-Sõjamäe tn 4, 11415 Tallinn, Estonia","Suur-Sõjamäe tn 4, Tallinn",4,Suur-Sõjamäe tänav,,Tallinn,Harju maakond,11415,Estonia,EE,59.42159720000001,24.7922527,https://maps.google.com/?cid=8679668005488555978&g_mp=Cilnb29nbGUubWFwcy5wbGFjZXMudjEuUGxhY2VzLlNlYXJjaE5lYXJieRACGAQgAA,https://www.repa.ee/,600 1060,+372 600 1060,4.6,996,2,$$,OPERATIONAL,eastern_european_restaurant,Eastern European Restaurant,"eastern_european_restaurant,european_restaurant,restaurant,food,point_of_interest,establishment","Monday: 11:00 AM – 9:00 PM
Tuesday: 11:00 AM – 9:00 PM
Wednesday: 11:00 AM – 9:00 PM
Thursday: 11:00 AM – 9:00 PM
Friday: 11:00 AM – 9:00 PM
Saturday: 11:00 AM – 9:00 PM
Sunday: 11:00 AM – 7:00 PM",1,,,,,,,,,,,,,,,180,9GF6CQCR+JW
ChIJ2d6673yTkkYRdXcMvSa-1Sc,Repa Restoran Nautica,"Ahtri tn 9, 10151 Tallinn, Estonia","Parking lot, Ahtri tn 9, Tallinn",9,Ahtri tänav,,Tallinn,Harju maakond,10151,Estonia,EE,59.4420711,24.7628946,https://maps.google.com/?cid=2870409411108304757&g_mp=Cilnb29nbGUubWFwcy5wbGFjZXMudjEuUGxhY2VzLlNlYXJjaE5lYXJieRACGAQgAA,https://www.repa.ee/,600 1077,+372 600 1077,4.5,235,2,$$,OPERATIONAL,eastern_european_restaurant,Eastern European Restaurant,"eastern_european_restaurant,european_restaurant,restaurant,food,point_of_interest,establishment","Monday: 11:00 AM – 8:00 PM
Tuesday: 11:00 AM – 8:00 PM
Wednesday: 11:00 AM – 8:00 PM
Thursday: 11:00 AM – 8:00 PM
Friday: 11:00 AM – 8:00 PM
Saturday: 11:00 AM – 8:00 PM
Sunday: 11:00 AM – 8:00 PM",1,,,,,,,,,,,,,,,180,9GF6CQR7+R5
ChIJGxSnupuUkkYRYQJYbzLfIfM,"Restaurant ""100""","Endla tn 15, 10122 Tallinn, Estonia","Endla tn 15, Tallinn",15,Endla tänav,,Tallinn,Harju maakond,10122,Estonia,EE,59.429511999999995,24.7350273,https://maps.google.com/?cid=17519529433157337697&g_mp=Cilnb29nbGUubWFwcy5wbGFjZXMudjEuUGxhY2VzLlNlYXJjaE5lYXJieRACGAQgAA,http://www.resto100.ee/,647 4733,+372 647 4733,4.5,62,,,OPERATIONAL,restaurant,Restaurant,"restaurant,food,point_of_interest,establishment","Monday: 7:00 – 10:00 AM
Tuesday: 7:00 – 10:00 AM
Wednesday: 7:00 – 10:00 AM
Thursday: 7:00 – 10:00 AM
Friday: 7:00 – 10:00 AM
Saturday: 8:00 – 11:00 AM
Sunday: 8:00 – 11:00 AM",0,,,,,,,,,,,,,,,180,9GF6CPHP+R2
ChIJ3TbMRmKTkkYRfzI34uIT-8A,"Restaurant ""Turg""(Market)","Mündi tn 3, 10146 Tallinn, Estonia","Mündi tn 3, Tallinn",3,Mündi tänav,,Tallinn,Harju maakond,10146,Estonia,EE,59.4379294,24.7449808,https://maps.google.com/?cid=13905730139615343231&g_mp=Cilnb29nbGUubWFwcy5wbGFjZXMudjEuUGxhY2VzLlNlYXJjaE5lYXJieRACGAQgAA,,5551 4517,+372 5551 4517,4.2,74,,,CLOSED_TEMPORARILY,hamburger_restaurant,Hamburger Restaurant,"hamburger_restaurant,pizza_restaurant,meal_takeaway,american_restaurant,restaurant,food,point_of_interest,establishment",,,,,,,,,,,,,,,,,180,9GF6CPQV+5X
ChIJd88NlIaUkkYRBDq7d00ozac,Restaurant & Bar Kolm Sibulat,"Maakri tn 19-1, 10145 Tallinn, Estonia","Maakri tn 19-1, Tallinn",19,Maakri tänav,,Tallinn,Harju maakond,10145,Estonia,EE,59.43348919999999,24.759787199999998,https://maps.google.com/?cid=12091364887746001412&g_mp=Cilnb29nbGUubWFwcy5wbGFjZXMudjEuUGxhY2VzLlNlYXJjaE5lYXJieRACGAQgAA,http://www.kolmsibulat.eu/,664 4055,+372 664 4055,4.6,1546,2,$$,OPERATIONAL,restaurant,Restaurant,"restaurant,bar,point_of_interest,food,establishment","Monday: 11:30 AM – 11:00 PM
Tuesday: 11:30 AM – 11:00 PM
Wednesday: 11:30 AM – 11:00 PM
Thursday: 11:30 AM – 11:00 PM
Friday: 11:30 AM – 11:00 PM
Saturday: 1:00 – 11:00 PM
Sunday: Closed",1,,,,,,,,,,,,,,,180,9GF6CQM5+9W
ChIJnZDZCWGTkkYRJfNeMWvbkBg,Restaurant Amalfi,"Vana-Viru tn 13, 10111 Tallinn, Estonia","Vana-Viru tn 13, Tallinn",13,Vana-Viru tänav,,Tallinn,Harju maakond,10111,Estonia,EE,59.437472,24.7519669,https://maps.google.com/?cid=1770155906992894757&g_mp=Cilnb29nbGUubWFwcy5wbGFjZXMudjEuUGxhY2VzLlNlYXJjaE5lYXJieRACGAQgAA,http://www.amalfiresto.ee/,5819 1977,+372 5819 1977,4.5,2094,2,$$,OPERATIONAL,italian_restaurant,Italian Restaurant,"italian_restaurant,pizza_restaurant,european_restaurant,restaurant,food,point_of_interest,establishment","Monday: 12:00 – 10:00 PM
Tuesday: Closed
Wednesday: 12:00 – 10:00 PM
Thursday: 12:00 – 10:00 PM
Friday: 12:00 – 11:00 PM
Saturday: 12:00 – 11:00 PM
Sunday: 12:00 – 10:00 PM",1,,,,,,,,,,,,,,,180,9GF6CQP2+XQ
ChIJ7aKAL5mUkkYR5klwtRQkugY,Restaurant Argentina,"Tartu mnt 63, 10115 Tallinn, Estonia","Valge Maja, Tartu mnt 63, Tallinn",63,Tartu maantee,,Tallinn,Harju maakond,10115,Estonia,EE,59.4295487,24.7741468,https://maps.google.com/?cid=484739581257730534&g_mp=Cilnb29nbGUubWFwcy5wbGFjZXMudjEuUGxhY2VzLlNlYXJjaE5lYXJieRACGAQgAA,https://argentiina.ee/,660 5177,+372 660 5177,4.5,3106,3,$$$,CLOSED_TEMPORARILY,argentinian_restaurant,Argentinian Restaurant,"argentinian_restaurant,south_american_restaurant,restaurant,food,point_of_interest,establishment",,,,,,,,,,,,,,,,,180,9GF6CQHF+RM
ChIJrxCD62OTkkYRQldSNMdDfWY,Restaurant Chedi,"Sulevimägi 1, 10123 Tallinn, Estonia","Sulevimägi 1, Tallinn",1,Sulevimägi,,Tallinn,Harju maakond,10123,Estonia,EE,59.44041029999999,24.747944999999998,https://maps.google.com/?cid=7385133486812845890&g_mp=Cilnb29nbGUubWFwcy5wbGFjZXMudjEuUGxhY2VzLlNlYXJjaE5lYXJieRACGAQgAA,http://chedi.ee/,646 1676,+372 646 1676,4.5,472,3,$$$,OPERATIONAL,asian_restaurant,Asian Restaurant,"asian_restaurant,restaurant,food,point_of_interest,establishment","Monday: Closed
Tuesday: 12:00 – 11:00 PM
Wednesday: 12:00 – 11:00 PM
Thursday: 12:00 – 11:00 PM
Friday: 12:00 PM – 12:00 AM
Saturday: 12:00 PM – 12:00 AM
Sunday: Closed",1,,,,,,,,,,,,,,,180,9GF6CPRX+55
ChIJTxiVW2KTkkYRjqH0-KL7QVA,Restaurant Da Rocco,"Lai 6, 10133 Tallinn, Estonia","Lai 6, Tallinn",6,Lai,,Tallinn,Harju maakond,10133,Estonia,EE,59.438202800000006,24.743733499999998,https://maps.google.com/?cid=5783180073900482958&g_mp=Cilnb29nbGUubWFwcy5wbGFjZXMudjEuUGxhY2VzLlNlYXJjaE5lYXJieRACGAQgAA,https://www.darocco.ee/,5627 1177,+372 5627 1177,4.3,292,3,$$$,OPERATIONAL,restaurant,Restaurant,"restaurant,food,point_of_interest,establishment","Monday: Closed
Tuesday: 5:00 – 11:00 PM
Wednesday: 5:00 – 11:00 PM
Thursday: 5:00 – 11:00 PM
Friday: 5:00 – 11:00 PM
Saturday: 5:00 – 11:00 PM
Sunday: 5:00 – 11:00 PM",0,,,,,,,,,,,,,,,180,9GF6CPQV+7F
ChIJxW9C42GTkkYRebu-Nm0vyv0,Restaurant Frank,"Sauna tn 2, 10140 Tallinn, Estonia","Sauna tn 2, Tallinn",2,Sauna tänav,,Tallinn,Harju maakond,10140,Estonia,EE,59.435945000000004,24.747781,https://maps.google.com/?cid=18287481383007730553&g_mp=Cilnb29nbGUubWFwcy5wbGFjZXMudjEuUGxhY2VzLlNlYXJjaE5lYXJieRACGAQgAA,http://www.frankbistro.ee/,5638 9167,+372 5638 9167,4.4,622,2,$$,OPERATIONAL,cocktail_bar,Cocktail Bar,"cocktail_bar,bar,restaurant,food,point_of_interest,establishment","Monday: Closed
Tuesday: Closed
Wednesday: 6:00 PM – 2:00 AM
Thursday: 6:00 PM – 2:00 AM
Friday: 6:00 PM – 3:00 AM
Saturday: 6:00 PM – 3:00 AM
Sunday: 6:00 PM – 12:00 AM",0,,,,,,,,,,,,,,,180,9GF6CPPX+94
ChIJd_KZ0MyVkkYROI3HAsNZRFY,Restaurant Friend's Mustamäe - Indian Restaurant,"E. Vilde tee 128, 12914 Tallinn, Estonia","E. Vilde tee 128, Tallinn",128,Eduard Vilde tee,,Tallinn,Harju maakond,12914,Estonia,EE,59.4032013,24.6630075,https://maps.google.com/?cid=6216192079778254136&g_mp=Cilnb29nbGUubWFwcy5wbGFjZXMudjEuUGxhY2VzLlNlYXJjaE5lYXJieRACGAQgAA,https://restoranfriends.ee/,5647 6008,+372 5647 6008,4.7,469,2,$$,OPERATIONAL,asian_restaurant,Asian Restaurant,"asian_restaurant,thai_restaurant,indian_restaurant,chinese_restaurant,restaurant,food,point_of_interest,establishment","Monday: 11:00 AM – 10:30 PM
Tuesday: 11:00 AM – 10:30 PM
Wednesday: 11:00 AM – 10:30 PM
Thursday: 11:00 AM – 10:30 PM
Friday: 11:00 AM – 10:30 PM
Saturday: 11:00 AM – 10:30 PM
Sunday: 11:00 AM – 10:30 PM",1,,,,,,,,,,,,,,,180,9GF6CM37+76
ChIJ1Yfe-omUkkYRkYv9PblloWI,Restaurant Friends Kristiine,"Mustamäe tee 5, 10616 Tallinn, Estonia","Mustamäe tee 5, Tallinn",5,Mustamäe tee,,Tallinn,Harju maakond,10616,Estonia,EE,59.42636749999999,24.703751699999998,https://maps.google.com/?cid=7107073533250734993&g_mp=Cilnb29nbGUubWFwcy5wbGFjZXMudjEuUGxhY2VzLlNlYXJjaE5lYXJieRACGAQgAA,http://www.kristiine.restoranfriends.ee/,521 5864,+372 521 5864,4.7,216,2,$$,OPERATIONAL,indian_restaurant,Indian Restaurant,"indian_restaurant,restaurant,food,point_of_interest,establishment","Monday: 11:00 AM – 10:30 PM
Tuesday: 11:00 AM – 10:30 PM
Wednesday: 11:00 AM – 10:30 PM
Thursday: 11:00 AM – 10:30 PM
Friday: 11:00 AM – 10:30 PM
Saturday: 11:00 AM – 10:30 PM
Sunday: 11:00 AM – 10:30 PM",1,,,,,,,,,,,,,,,180,9GF6CPG3+GG
ChIJ1Xurt2OTkkYRafINkJ_y0Ek,Restaurant Golden Dragon,"Pühavaimu tn 7, 10133 Tallinn, Estonia","Pühavaimu tn 7, Tallinn",7,Pühavaimu tänav,,Tallinn,Harju maakond,10133,Estonia,EE,59.4385505,24.7469604,https://maps.google.com/?cid=5319017927055110761&g_mp=Cilnb29nbGUubWFwcy5wbGFjZXMudjEuUGxhY2VzLlNlYXJjaE5lYXJieRACGAQgAA,http://www.goldendragon.ee/,631 3506,+372 631 3506,4.4,522,2,$$,OPERATIONAL,chinese_restaurant,Chinese Restaurant,"chinese_restaurant,restaurant,food,point_of_interest,establishment","Monday: 12:00 – 10:00 PM
Tuesday: 12:00 – 10:00 PM
Wednesday: 12:00 – 10:00 PM
Thursday: 12:00 – 10:00 PM
Friday: 12:00 – 11:00 PM
Saturday: 12:00 – 11:00 PM
Sunday: 12:00 – 10:00 PM",1,,,,,,,,,,,,,,,180,9GF6CPQW+CQ
ChIJHaa7F2KTkkYR4rehavymbtY,Restaurant Kaerajaan,"Raekoja plats 17, 10146 Tallinn, Estonia","Raekoja plats 17, Tallinn",17,Raekoja plats,,Tallinn,Harju maakond,10146,Estonia,EE,59.43716310000001,24.745796799999997,https://maps.google.com/?cid=15451470974605703138&g_mp=Cilnb29nbGUubWFwcy5wbGFjZXMudjEuUGxhY2VzLlNlYXJjaE5lYXJieRACGAQgAA,https://www.kaerajaan.ee/,615 5400,+372 615 5400,4.3,958,2,$$,OPERATIONAL,restaurant,Restaurant,"restaurant,food,point_of_interest,establishment","Monday: 12:00 – 11:00 PM
Tuesday: 12:00 – 11:00 PM
Wednesday: 12:00 – 11:00 PM
Thursday: 12:00 – 11:00 PM
Friday: 12:00 PM – 12:00 AM
Saturday: 12:00 PM – 12:00 AM
Sunday: 12:00 – 11:00 PM",1,,,,,,,,,,,,,,,180,9GF6CPPW+V8
ChIJfQZDxp-UkkYR-xpxGq2x5_Y,Restaurant Lido,"Estonia pst 9, 10143 Tallinn, Estonia","Estonia pst 9, Tallinn",9,Estonia puiestee,,Tallinn,Harju maakond,10143,Estonia,EE,59.4335332,24.750667699999997,https://maps.google.com/?cid=17791384209981512443&g_mp=Cilnb29nbGUubWFwcy5wbGFjZXMudjEuUGxhY2VzLlNlYXJjaE5lYXJieRACGAQgAA,http://www.lido.ee/,5551 5663,+372 5551 5663,4.5,6681,2,$$,OPERATIONAL,buffet_restaurant,Buffet Restaurant,"buffet_restaurant,bistro,cafe,restaurant,food,point_of_interest,establishment","Monday: 10:00 AM – 9:00 PM
Tuesday: 10:00 AM – 9:00 PM
Wednesday: 10:00 AM – 9:00 PM
Thursday: 10:00 AM – 9:00 PM
Friday: 10:00 AM – 9:00 PM
Saturday: 10:00 AM – 9:00 PM
Sunday: 11:00 AM – 9:00 PM",1,,,,,,,,,,,,,,,180,9GF6CQM2+C7
ChIJrRJAQGKTkkYRpxI0lxAsvZE,Restaurant Maikrahv,"Raekoja plats 8, 10146 Tallinn, Estonia","Raekoja plats 8, Tallinn",8,Raekoja plats,,Tallinn,Harju maakond,10146,Estonia,EE,59.437643099999995,24.7445979,https://maps.google.com/?cid=10501598355865735847&g_mp=Cilnb29nbGUubWFwcy5wbGFjZXMudjEuUGxhY2VzLlNlYXJjaE5lYXJieRACGAQgAA,http://www.maikrahv.ee/,5664 1360,+372 5664 1360,4.1,510,2,$$,OPERATIONAL,restaurant,Restaurant,"restaurant,food,point_of_interest,establishment","Monday: Closed
Tuesday: Closed
Wednesday: Closed
Thursday: Closed
Friday: Closed
Saturday: 6:00 – 10:00 PM
Sunday: Closed",0,,,,,,,,,,,,,,,180,9GF6CPQV+3R
ChIJrcVFo1CTkkYRD_QMESZRgrM,Restaurant Mantel & Korsten,"Jaan Poska 19a, 10126 Tallinn, Estonia","Jaan Poska 19a, Tallinn",19a,Jaan Poska,,Tallinn,Harju maakond,10126,Estonia,EE,59.435864699999996,24.7818598,https://maps.google.com/?cid=12934990303698154511&g_mp=Cilnb29nbGUubWFwcy5wbGFjZXMudjEuUGxhY2VzLlNlYXJjaE5lYXJieRACGAQgAA,http://www.mantel-korsten.ee/,665 9555,+372 665 9555,4.7,727,3,$$$,OPERATIONAL,restaurant,Restaurant,"restaurant,food,point_of_interest,establishment","Monday: Closed
Tuesday: 5:00 – 11:00 PM
Wednesday: 5:00 – 11:00 PM
Thursday: 5:00 – 11:00 PM
Friday: 5:00 – 11:00 PM
Saturday: 2:00 – 11:00 PM
Sunday: 2:00 – 10:00 PM",0,,,,,,,,,,,,,,,180,9GF6CQPJ+8P
ChIJwZYTGWWTkkYRBwLl838J0QQ,Restaurant Moon,"Telliskivi tn 60-4, 10412 Tallinn, Estonia","Telliskivi tn 60-4, Tallinn",60,Telliskivi tänav,,Tallinn,Harju maakond,10412,Estonia,EE,59.4396681,24.731865799999998,https://maps.google.com/?cid=347069091441607175&g_mp=Cilnb29nbGUubWFwcy5wbGFjZXMudjEuUGxhY2VzLlNlYXJjaE5lYXJieRACGAQgAA,http://www.restoranmoon.ee/,631 4575,+372 631 4575,4.6,2396,2,$$,OPERATIONAL,eastern_european_restaurant,Eastern European Restaurant,"eastern_european_restaurant,european_restaurant,restaurant,food,point_of_interest,establishment","Monday: 12:00 – 11:00 PM
Tuesday: 12:00 – 11:00 PM
Wednesday: 12:00 – 11:00 PM
Thursday: 12:00 – 11:00 PM
Friday: 12:00 PM – 12:00 AM
Saturday: 12:00 PM – 12:00 AM
Sunday: 1:00 – 9:00 PM",1,,,,,,,,,,,,,,,180,9GF6CPQJ+VP
ChIJ2TO3KGKTkkYRDgVYW6nrV_k,Restaurant Munga Kelder,"Vene tn 12a, 10123 Tallinn, Estonia","Vene tn 12a, Tallinn",12a,Vene tänav,,Tallinn,Harju maakond,10123,Estonia,EE,59.437760600000004,24.7476597,https://maps.google.com/?cid=17967088351032378638&g_mp=Cilnb29nbGUubWFwcy5wbGFjZXMudjEuUGxhY2VzLlNlYXJjaE5lYXJieRACGAQgAA,http://www.mungakelder.ee/,644 4614,+372 644 4614,4.4,1872,2,$$,OPERATIONAL,restaurant,Restaurant,"restaurant,italian_restaurant,european_restaurant,bar,food,point_of_interest,establishment",,,,,,,,,,,,,,,,,180,9GF6CPQX+43
ChIJby7X_Z2UkkYReCg8cbmjwjw,Restaurant Nok Nok,"Vana-Posti tn 7, 10146 Tallinn, Estonia","Vana-Posti tn 7, Tallinn",7,Vana-Posti tänav,,Tallinn,Harju maakond,10146,Estonia,EE,59.4354554,24.745382799999998,https://maps.google.com/?cid=4378241804621588600&g_mp=Cilnb29nbGUubWFwcy5wbGFjZXMudjEuUGxhY2VzLlNlYXJjaE5lYXJieRACGAQgAA,http://www.noknok.ee/,5333 1744,+372 5333 1744,4.5,1012,2,$$,OPERATIONAL,thai_restaurant,Thai Restaurant,"thai_restaurant,restaurant,food,point_of_interest,establishment","Monday: 12:00 – 11:00 PM
Tuesday: 12:00 – 11:00 PM
Wednesday: 12:00 – 11:00 PM
Thursday: 12:00 – 11:00 PM
Friday: 12:00 – 11:00 PM
Saturday: 12:00 – 11:00 PM
Sunday: Closed",1,,,,,,,,,,,,,,,180,9GF6CPPW+55
ChIJlVxZCGKTkkYRybrkOofheew,Restaurant Pegasus,"Harju tn 1, 10146 Tallinn, Estonia","Harju tn 1, Tallinn",1,Harju tänav,,Tallinn,Harju maakond,10146,Estonia,EE,59.43586209999999,24.744450399999998,https://maps.google.com/?cid=17039898636057885385&g_mp=Cilnb29nbGUubWFwcy5wbGFjZXMudjEuUGxhY2VzLlNlYXJjaE5lYXJieRACGAQgAA,http://www.restoranpegasus.ee/,662 3013,+372 662 3013,4.5,2788,2,$$,OPERATIONAL,restaurant,Restaurant,"restaurant,food,point_of_interest,establishment","Monday: 12:00 – 11:00 PM
Tuesday: 12:00 – 11:00 PM
Wednesday: 12:00 – 11:00 PM
Thursday: 12:00 – 11:00 PM
Friday: 12:00 PM – 12:00 AM
Saturday: 12:00 PM – 12:00 AM
Sunday: 1:00 – 10:00 PM",1,,,,,,,,,,,,,,,180,9GF6CPPV+8Q
ChIJnSTSt2CTkkYRZH7crb5ndJs,Restaurant Purèe,"Rotermanni tn 2, 10111 Tallinn, Estonia","Rotermanni tn 2, Tallinn",2,Rotermanni tänav,,Tallinn,Harju maakond,10111,Estonia,EE,59.439062,24.7583456,https://maps.google.com/?cid=11201692241835621988&g_mp=Cilnb29nbGUubWFwcy5wbGFjZXMudjEuUGxhY2VzLlNlYXJjaE5lYXJieRACGAQgAA,https://mymenuweb.com/int/restaurants/1762773/?utm_source=google_profile&utm_medium=google_profile&utm_campaign=admin,5304 5759,+372 5304 5759,4.9,245,1,$,OPERATIONAL,vegetarian_restaurant,Vegetarian Restaurant,"vegetarian_restaurant,restaurant,food,point_of_interest,establishment","Monday: 9:00 AM – 4:30 PM
Tuesday: 9:00 AM – 4:30 PM
Wednesday: 9:00 AM – 4:30 PM
Thursday: 9:00 AM – 4:30 PM
Friday: 9:00 AM – 5:00 PM
Saturday: Closed
Sunday: Closed",1,,,,,,,,,,,,,,,180,9GF6CQQ5+J8
ChIJ20BUOWKTkkYRBc-k9Vz-XQs,Restaurant Rae,"Raekoja plats 10, 10146 Tallinn, Estonia","Raekoja plats 10, Tallinn",10,Raekoja plats,,Tallinn,Harju maakond,10146,Estonia,EE,59.4377845,24.7453626,https://maps.google.com/?cid=819090382462963461&g_mp=Cilnb29nbGUubWFwcy5wbGFjZXMudjEuUGxhY2VzLlNlYXJjaE5lYXJieRACGAQgAA,https://www.meritonhotels.com/en/meriton-hotels/restaurant-rae-kelder/,5332 5088,+372 5332 5088,4.1,462,2,$$,OPERATIONAL,restaurant,Restaurant,"restaurant,coffee_shop,lounge_bar,cafe,night_club,bar,food_store,store,food,point_of_interest,establishment","Monday: 11:00 AM – 9:00 PM
Tuesday: 11:00 AM – 9:00 PM
Wednesday: 11:00 AM – 9:00 PM
Thursday: 11:00 AM – 9:00 PM
Friday: 11:00 AM – 10:00 PM
Saturday: 11:00 AM – 10:00 PM
Sunday: 11:00 AM – 9:00 PM",1,,,,,,,,,,,,,,,180,9GF6CPQW+44
ChIJAcfoe2KTkkYR1m02V1YbrAo,Restaurant Rataskaevu 16,"Rataskaevu tn 16, 10123 Tallinn, Estonia","Rataskaevu tn 16, Tallinn",16,Rataskaevu tänav,,Tallinn,Harju maakond,10123,Estonia,EE,59.4369261,24.74243,https://maps.google.com/?cid=769019694017834454&g_mp=Cilnb29nbGUubWFwcy5wbGFjZXMudjEuUGxhY2VzLlNlYXJjaE5lYXJieRACGAQgAA,http://rataskaevu16.ee/,642 4025,+372 642 4025,4.8,6587,,,OPERATIONAL,restaurant,Restaurant,"restaurant,food,point_of_interest,establishment","Monday: 12:00 – 11:00 PM
Tuesday: 12:00 – 11:00 PM
Wednesday: 12:00 – 11:00 PM
Thursday: 12:00 – 11:00 PM
Friday: 12:00 PM – 12:00 AM
Saturday: 12:00 PM – 12:00 AM
Sunday: 12:00 – 11:00 PM",1,,,,,,,,,,,,,,,180,9GF6CPPR+QX
ChIJITprdFmTkkYRewYCwH_nBMg,Restaurant Salt,"Vase tn 14, 10125 Tallinn, Estonia","Vase tn 14, Tallinn",14,Vase tänav,,Tallinn,Harju maakond,10125,Estonia,EE,59.435097999999996,24.7734134,https://maps.google.com/?cid=14412899243360650875&g_mp=Cilnb29nbGUubWFwcy5wbGFjZXMudjEuUGxhY2VzLlNlYXJjaE5lYXJieRACGAQgAA,https://saltrestoran.ee/,518 8510,+372 518 8510,4.5,753,2,$$,OPERATIONAL,restaurant,Restaurant,"restaurant,fine_dining_restaurant,asian_fusion_restaurant,latin_american_restaurant,asian_restaurant,seafood_restaurant,south_american_restaurant,fusion_restaurant,european_restaurant,food,point_of_interest,establishment","Monday: 5:00 – 10:30 PM
Tuesday: 5:00 – 10:30 PM
Wednesday: 5:00 – 10:30 PM
Thursday: 5:00 – 10:30 PM
Friday: 12:00 – 11:00 PM
Saturday: 5:00 – 11:00 PM
Sunday: Closed",0,,,,,,,,,,,,,,,180,9GF6CQPF+29
ChIJmSqCJmKTkkYRUbTS4luA6vg,Restaurant Tchaikovsky,"Vene tn 9, 10123 Tallinn, Estonia","Vene tn 9, Tallinn",9,Vene tänav,,Tallinn,Harju maakond,10123,Estonia,EE,59.437866799999995,24.747342699999997,https://maps.google.com/?cid=17936289598092260433&g_mp=Cilnb29nbGUubWFwcy5wbGFjZXMudjEuUGxhY2VzLlNlYXJjaE5lYXJieRACGAQgAA,https://www.marriott.com/en-us/hotels/tllak-hotel-telegraaf-autograph-collection/dining/?scid=feed67b0-9a2f-4de1-8df6-114544116108,600 0610,+372 600 0610,4.7,506,4,$$$$,OPERATIONAL,restaurant,Restaurant,"restaurant,russian_restaurant,european_restaurant,eastern_european_restaurant,food,point_of_interest,establishment","Monday: 1:00 – 11:00 PM
Tuesday: 12:00 – 11:00 PM
Wednesday: 12:00 – 11:00 PM
Thursday: 12:00 – 11:00 PM
Friday: 12:00 – 11:00 PM
Saturday: 12:00 – 11:00 PM
Sunday: 12:00 – 11:00 PM",1,,,,,,,,,,,,,,,180,9GF6CPQW+4W
ChIJ2cprPWKTkkYR6t6ol1Nvoxs,Restaurant Troika,"Raekoja plats 15, 10146 Tallinn, Estonia","Raekoja plats 15, Tallinn",15,Raekoja plats,,Tallinn,Harju maakond,10146,Estonia,EE,59.4373619,24.745923899999998,https://maps.google.com/?cid=1991557865045286634&g_mp=Cilnb29nbGUubWFwcy5wbGFjZXMudjEuUGxhY2VzLlNlYXJjaE5lYXJieRACGAQgAA,https://troika.ee/,5333 8555,+372 5333 8555,4.2,1678,2,$$,OPERATIONAL,restaurant,Restaurant,"restaurant,food,point_of_interest,establishment","Monday: 12:00 – 11:00 PM
Tuesday: 12:00 – 11:00 PM
Wednesday: 12:00 – 11:00 PM
Thursday: 12:00 – 11:00 PM
Friday: 12:00 – 11:00 PM
Saturday: 12:00 – 11:00 PM
Sunday: 12:00 – 11:00 PM",1,,,,,,,,,,,,,,,180,9GF6CPPW+W9
ChIJLYC_KFTrkkYRcgf-b72FCi0,Restaurant Viktoria,"Keevise tn 6, 11415 Tallinn, Estonia","Keevise tn 6, Tallinn",6,Keevise tänav,,Tallinn,Harju maakond,11415,Estonia,EE,59.421382,24.7987759,https://maps.google.com/?cid=3245553530148095858&g_mp=Cilnb29nbGUubWFwcy5wbGFjZXMudjEuUGxhY2VzLlNlYXJjaE5lYXJieRACGAQgAA,http://www.restoranviktoria.ee/,5554 9680,+372 5554 9680,4.2,560,,,CLOSED_TEMPORARILY,restaurant,Restaurant,"restaurant,wedding_venue,concert_hall,auditorium,live_music_venue,event_venue,service,food,point_of_interest,establishment",,,,,,,,,,,,,,,,,180,9GF6CQCX+HG
ChIJP6mfAWOVkkYRJjdhQswBKxw,Resto Seitse,"Järvevana tee 7b, 10112 Tallinn, Estonia","Järvevana tee 7b, Tallinn",7b,Järvevana tee,,Tallinn,Harju maakond,10112,Estonia,EE,59.4143147,24.7620842,https://maps.google.com/?cid=2029718033859163942&g_mp=Cilnb29nbGUubWFwcy5wbGFjZXMudjEuUGxhY2VzLlNlYXJjaE5lYXJieRACGAQgAA,https://www.facebook.com/profile.php?id=100040334874991,5194 5025,+372 5194 5025,4.5,31,1,$,OPERATIONAL,bistro,Bistro,"bistro,restaurant,food,point_of_interest,establishment","Monday: 11:00 AM – 3:00 PM
Tuesday: 11:00 AM – 3:00 PM
Wednesday: 11:00 AM – 3:00 PM
Thursday: 11:00 AM – 3:00 PM
Friday: 11:00 AM – 3:00 PM
Saturday: Closed
Sunday: Closed",1,,,,,,,,,,,,,,,180,9GF6CQ76+PR
ChIJo2r5t3WTkkYRs10RyckhyD8,Restoran Armudu,"Lootsi tn 14, 10151 Tallinn, Estonia","Lootsi tn 14, Tallinn",14,Lootsi tänav,,Tallinn,Harju maakond,10151,Estonia,EE,59.4422379,24.764743199999998,https://maps.google.com/?cid=4595960570277092787&g_mp=Cilnb29nbGUubWFwcy5wbGFjZXMudjEuUGxhY2VzLlNlYXJjaE5lYXJieRACGAQgAA,https://www.restoranarmudu.ee/et,661 1422,+372 661 1422,4.5,1057,2,$$,OPERATIONAL,restaurant,Restaurant,"restaurant,eastern_european_restaurant,european_restaurant,middle_eastern_restaurant,food,point_of_interest,establishment","Monday: 11:00 AM – 11:00 PM
Tuesday: 11:00 AM – 11:00 PM
Wednesday: 11:00 AM – 11:00 PM
Thursday: 11:00 AM – 11:00 PM
Friday: 11:00 AM – 12:00 AM
Saturday: 11:00 AM – 12:00 AM
Sunday: 11:00 AM – 11:00 PM",1,,,,,,,,,,,,,,,180,9GF6CQR7+VV
ChIJ4x0Uh-6VkkYRjyXip9ya9q4,Restoran Armudu Haabersti,"Meistri tn 22, 13517 Tallinn, Estonia","Meistri tn 22, Tallinn",22,Meistri tänav,,Tallinn,Harju maakond,13517,Estonia,EE,59.4156627,24.658528800000003,https://maps.google.com/?cid=12607434479370380687&g_mp=Cilnb29nbGUubWFwcy5wbGFjZXMudjEuUGxhY2VzLlNlYXJjaE5lYXJieRACGAQgAA,https://www.restoranarmudu.ee/et,5555 9308,+372 5555 9308,4.4,679,2,$$,OPERATIONAL,restaurant,Restaurant,"restaurant,middle_eastern_restaurant,eastern_european_restaurant,european_restaurant,food,point_of_interest,establishment","Monday: 11:00 AM – 11:00 PM
Tuesday: 11:00 AM – 11:00 PM
Wednesday: 11:00 AM – 11:00 PM
Thursday: 11:00 AM – 11:00 PM
Friday: 11:00 AM – 12:00 AM
Saturday: 11:00 AM – 12:00 AM
Sunday: 11:00 AM – 11:00 PM",1,,,,,,,,,,,,,,,180,9GF6CM85+7C
ChIJwX2TFQCVkkYRVOcyOXoG0wA,Restoran Armudu Põhja-Tallinn,"Sõle tn 14, 10611 Tallinn, Estonia","Sõle tn 14, Tallinn",14,Sõle tänav,,Tallinn,Harju maakond,10611,Estonia,EE,59.434941,24.714017,https://maps.google.com/?cid=59398342101362516&g_mp=Cilnb29nbGUubWFwcy5wbGFjZXMudjEuUGxhY2VzLlNlYXJjaE5lYXJieRACGAQgAA,https://www.restoranarmudu.ee/et,5698 9838,+372 5698 9838,4.5,324,2,$$,OPERATIONAL,restaurant,Restaurant,"restaurant,middle_eastern_restaurant,eastern_european_restaurant,european_restaurant,food,point_of_interest,establishment","Monday: 11:00 AM – 10:00 PM
Tuesday: 11:00 AM – 10:00 PM
Wednesday: 11:00 AM – 10:00 PM
Thursday: 11:00 AM – 10:00 PM
Friday: 11:00 AM – 11:00 PM
Saturday: 11:00 AM – 11:00 PM
Sunday: 11:00 AM – 10:00 PM",1,,,,,,,,,,,,,,,180,9GF6CPM7+XJ
ChIJ-b-YmZ6UkkYR1KJTFKkDDt4,Restoran Baieri kelder,"Roosikrantsi tn 2a, 10119 Tallinn, Estonia","Roosikrantsi tn 2a, Tallinn",2a,Roosikrantsi tänav,,Tallinn,Harju maakond,10119,Estonia,EE,59.431993899999995,24.7431573,https://maps.google.com/?cid=16000730550819332820&g_mp=Cilnb29nbGUubWFwcy5wbGFjZXMudjEuUGxhY2VzLlNlYXJjaE5lYXJieRACGAQgAA,,640 0045,+372 640 0045,4.0,157,,,CLOSED_TEMPORARILY,german_restaurant,German Restaurant,"german_restaurant,pub,european_restaurant,bar,restaurant,food,point_of_interest,establishment",,,,,,,,,,,,,,,,,180,9GF6CPJV+Q7
ChIJOXH02Z-TkkYRVFmgkguG-aI,Restoran Bertolucci,"Vana-Kalamaja tn 28b, 10414 Tallinn, Estonia","Vana-Kalamaja tn 28b, Tallinn",28b,Vana-Kalamaja tänav,,Tallinn,Harju maakond,10414,Estonia,EE,59.44663980000001,24.7395314,https://maps.google.com/?cid=11743564887608023380&g_mp=Cilnb29nbGUubWFwcy5wbGFjZXMudjEuUGxhY2VzLlNlYXJjaE5lYXJieRACGAQgAA,http://www.bertolucci.ee/?utm_source=google&utm_medium=wix_google_business_profile&utm_campaign=10153906916011954901,5683 9904,+372 5683 9904,4.5,466,2,$$,OPERATIONAL,italian_restaurant,Italian Restaurant,"italian_restaurant,wine_bar,bar,pizza_restaurant,european_restaurant,restaurant,food,point_of_interest,establishment","Monday: 5:00 – 11:00 PM
Tuesday: 5:00 – 11:00 PM
Wednesday: 5:00 – 11:00 PM
Thursday: 5:00 – 11:00 PM
Friday: 5:00 – 11:00 PM
Saturday: 5:00 – 11:00 PM
Sunday: 3:00 – 9:00 PM",0,,,,,,,,,,,,,,,180,9GF6CPWQ+MR
ChIJjwnVJ2KTkkYRJ4cHGMj90Mg,Restoran Controvento,"Vene, Katariina käik 12, 10140 Tallinn, Estonia","Vene, Katariina käik 12, Tallinn",12,Katariina käik,,Tallinn,Harju maakond,10140,Estonia,EE,59.43760539999999,24.748533199999997,https://maps.google.com/?cid=14470344638579836711&g_mp=Cilnb29nbGUubWFwcy5wbGFjZXMudjEuUGxhY2VzLlNlYXJjaE5lYXJieRACGAQgAA,http://www.controvento.ee/,644 0470,+372 644 0470,4.5,2599,2,$$,OPERATIONAL,italian_restaurant,Italian Restaurant,"italian_restaurant,pizza_restaurant,european_restaurant,meal_takeaway,restaurant,food,point_of_interest,establishment","Monday: 12:00 – 11:00 PM
Tuesday: 12:00 – 11:00 PM
Wednesday: 12:00 – 11:00 PM
Thursday: 12:00 – 11:00 PM
Friday: 12:00 – 11:00 PM
Saturday: 12:00 – 11:00 PM
Sunday: 12:00 – 11:00 PM",1,,,,,,,,,,,,,,,180,9GF6CPQX+2C
ChIJTdH_2l2TkkYR7c_30K2SOMo,Restoran Gianni,"Jõe tn 4a, 10151 Tallinn, Estonia","Jõe tn 4a, Tallinn",4a,Jõe tänav,,Tallinn,Harju maakond,10151,Estonia,EE,59.43902329999999,24.7644157,https://maps.google.com/?cid=14571557869590138861&g_mp=Cilnb29nbGUubWFwcy5wbGFjZXMudjEuUGxhY2VzLlNlYXJjaE5lYXJieRACGAQgAA,http://www.gianni.ee/,5770 3161,+372 5770 3161,4.6,1328,3,$$$,OPERATIONAL,italian_restaurant,Italian Restaurant,"italian_restaurant,european_restaurant,restaurant,food,point_of_interest,establishment","Monday: 8:00 AM – 11:00 PM
Tuesday: 8:00 AM – 11:00 PM
Wednesday: 8:00 AM – 11:00 PM
Thursday: 8:00 AM – 11:00 PM
Friday: 8:00 AM – 11:00 PM
Saturday: 9:00 AM – 11:00 PM
Sunday: 10:00 AM – 10:00 PM",1,,,,,,,,,,,,,,,180,9GF6CQQ7+JQ
ChIJlcYoIIOUkkYRtSAf9s6Ce5c,Restoran Grill 250°,"Paldiski mnt 4, 10149 Tallinn, Estonia","Paldiski mnt 4, Tallinn",4,Paldiski maantee,,Tallinn,Harju maakond,10149,Estonia,EE,59.4352376,24.731197599999998,https://maps.google.com/?cid=10915461947266638005&g_mp=Cilnb29nbGUubWFwcy5wbGFjZXMudjEuUGxhY2VzLlNlYXJjaE5lYXJieRACGAQgAA,http://www.facebook.com/restoranGrill250/?ref=page_internal,628 8153,+372 628 8153,3.0,62,2,$$,CLOSED_TEMPORARILY,buffet_restaurant,Buffet Restaurant,"buffet_restaurant,restaurant,food,point_of_interest,establishment",,,,,,,,,,,,,,,,,180,9GF6CPPJ+3F
ChIJ1y-et4CTkkYRHqn-DrxjnUA,Restoran Härg,"Maakri 21 (sissepääs, Tornimäe tn, 10145 Tallinn, Estonia","Maakri 21 (sissepääs, Tornimäe tn, Tallinn",,Tornimäe tänav,,Tallinn,Harju maakond,10145,Estonia,EE,59.43280479999999,24.7601202,https://maps.google.com/?cid=4655987249127532830&g_mp=Cilnb29nbGUubWFwcy5wbGFjZXMudjEuUGxhY2VzLlNlYXJjaE5lYXJieRACGAQgAA,https://resto.harg.ee/,5382 5003,+372 5382 5003,4.7,1130,3,$$$,OPERATIONAL,restaurant,Restaurant,"restaurant,point_of_interest,food,establishment","Monday: 11:30 AM – 11:00 PM
Tuesday: 11:30 AM – 11:00 PM
Wednesday: 11:30 AM – 11:00 PM
Thursday: 11:30 AM – 11:00 PM
Friday: 11:30 AM – 12:00 AM
Saturday: 2:00 PM – 12:00 AM
Sunday: Closed",1,,,,,,,,,,,,,,,180,9GF6CQM6+42
ChIJPVKufQCVkkYRBXDOd1JxEpw,Restoran Italini,"Paldiski mnt 4, 10149 Tallinn, Estonia","Paldiski mnt 4, Tallinn",4,Paldiski maantee,,Tallinn,Harju maakond,10149,Estonia,EE,59.4354626,24.7313746,https://maps.google.com/?cid=11246175818508824581&g_mp=Cilnb29nbGUubWFwcy5wbGFjZXMudjEuUGxhY2VzLlNlYXJjaE5lYXJieRACGAQgAA,https://italini.ee/,505 6497,+372 505 6497,3.4,150,2,$$,OPERATIONAL,italian_restaurant,Italian Restaurant,"italian_restaurant,european_restaurant,restaurant,food,point_of_interest,establishment","Monday: 4:00 – 11:00 PM
Tuesday: 4:00 – 11:00 PM
Wednesday: 4:00 – 11:00 PM
Thursday: 4:00 – 11:00 PM
Friday: 4:00 – 11:00 PM
Saturday: 4:00 – 11:00 PM
Sunday: 4:00 – 11:00 PM",0,,,,,,,,,,,,,,,180,9GF6CPPJ+5G
ChIJn7hi-FSTkkYRpmfKZ8nE_jI,Restoran Kishmish,"Pallasti tn 21, 11411 Tallinn, Estonia","Pallasti tn 21, Tallinn",21,Pallasti tänav,,Tallinn,Harju maakond,11411,Estonia,EE,59.429367,24.7904609,https://maps.google.com/?cid=3674590715289692070&g_mp=Cilnb29nbGUubWFwcy5wbGFjZXMudjEuUGxhY2VzLlNlYXJjaE5lYXJieRACGAQgAA,http://www.kishmish.ee/,601 4118,+372 601 4118,4.0,437,2,$$,OPERATIONAL,middle_eastern_restaurant,Middle Eastern Restaurant,"banquet_hall,brewery,pizza_delivery,dessert_shop,shipping_service,meal_delivery,food_delivery,meal_takeaway,event_venue,middle_eastern_restaurant,eastern_european_restaurant,european_restaurant,confectionery,food_store,manufacturer,restaurant,food,store,point_of_interest,service,establishment","Monday: 10:00 AM – 11:45 PM
Tuesday: 10:00 AM – 11:45 PM
Wednesday: 10:00 AM – 11:45 PM
Thursday: 10:00 AM – 11:45 PM
Friday: 11:00 AM – 2:00 AM
Saturday: 11:00 AM – 2:00 AM
Sunday: 11:00 AM – 11:45 PM",1,,,,,,,,,,,,,,,180,9GF6CQHR+P5
ChIJGyiHkHXtkkYRYOa8_WJ4T1s,Restoran Mangal Grill Tähesaju,"Tähesaju tee 1, 13917 Tallinn, Estonia","Tähesaju tee 1, Tallinn",1,Tähesaju tee,,Tallinn,Harju maakond,13917,Estonia,EE,59.44164459999999,24.849572199999997,https://maps.google.com/?cid=6579609947170727520&g_mp=Cilnb29nbGUubWFwcy5wbGFjZXMudjEuUGxhY2VzLlNlYXJjaE5lYXJieRACGAQgAA,https://mangalgrill.ee/,5888 8911,+372 5888 8911,3.9,129,2,$$,OPERATIONAL,family_restaurant,Family Restaurant,"family_restaurant,restaurant,food,point_of_interest,establishment","Monday: 12:00 – 9:00 PM
Tuesday: 12:00 – 9:00 PM
Wednesday: 12:00 – 9:00 PM
Thursday: 12:00 – 9:00 PM
Friday: 12:00 – 9:00 PM
Saturday: 12:00 – 9:00 PM
Sunday: 12:00 – 9:00 PM",0,,,,,,,,,,,,,,,180,9GF6CRRX+MR
ChIJYcSJVWCTkkYRPlqZgbw5V5U,Restoran Merineitsi,"Viru väljak 4, 10111 Tallinn, Estonia","Viru väljak 4, Tallinn",4,Viru väljak,,Tallinn,Harju maakond,10111,Estonia,EE,59.436632200000005,24.7544939,https://maps.google.com/?cid=10761133316416035390&g_mp=Cilnb29nbGUubWFwcy5wbGFjZXMudjEuUGxhY2VzLlNlYXJjaE5lYXJieRACGAQgAA,https://www.facebook.com/RestoranMerineitsi,680 9300,+372 680 9300,4.5,197,4,$$$$,OPERATIONAL,restaurant,Restaurant,"restaurant,food,point_of_interest,establishment",,,,,,,,,,,,,,,,,180,9GF6CQP3+MQ
ChIJlc02Ja2VkkYRNE2UwM7tVec,Restoran Merlot,"E. Vilde tee 122, 12914 Tallinn, Estonia","E. Vilde tee 122, Tallinn",122,Eduard Vilde tee,,Tallinn,Harju maakond,12914,Estonia,EE,59.4038585,24.665122099999998,https://maps.google.com/?cid=16669491068031749428&g_mp=Cilnb29nbGUubWFwcy5wbGFjZXMudjEuUGxhY2VzLlNlYXJjaE5lYXJieRACGAQgAA,http://www.restoranmerlot.ee/,5650 5733,+372 5650 5733,4.1,660,2,$$,OPERATIONAL,restaurant,Restaurant,"restaurant,food,point_of_interest,establishment","Monday: 12:00 PM – 1:00 AM
Tuesday: 12:00 PM – 1:00 AM
Wednesday: 12:00 PM – 1:00 AM
Thursday: 12:00 PM – 1:00 AM
Friday: 12:00 PM – 3:00 AM
Saturday: 12:00 PM – 3:00 AM
Sunday: 12:00 PM – 1:00 AM",0,,,,,,,,,,,,,,,180,9GF6CM38+G2
ChIJwRac3K6VkkYR7UH8j-570Bc,Restoran Mets,"Mäealuse tn 2-1, 12618 Tallinn, Estonia","Mäealuse tn 2-1, Tallinn",2,Mäealuse tänav,,Tallinn,Harju maakond,12618,Estonia,EE,59.396220199999995,24.659270799999998,https://maps.google.com/?cid=1716007722576265709&g_mp=Cilnb29nbGUubWFwcy5wbGFjZXMudjEuUGxhY2VzLlNlYXJjaE5lYXJieRACGAQgAA,http://www.restoranmets.ee/,673 1722,+372 673 1722,4.4,172,1,$,OPERATIONAL,restaurant,Restaurant,"restaurant,food,point_of_interest,establishment","Monday: 8:30 AM – 3:30 PM
Tuesday: 8:30 AM – 3:30 PM
Wednesday: 8:30 AM – 3:30 PM
Thursday: 8:30 AM – 3:30 PM
Friday: 8:30 AM – 3:30 PM
Saturday: Closed
Sunday: Closed",1,,,,,,,,,,,,,,,180,9GF69MW5+FP
ChIJ0dFwitiUkkYRQ3JPMkZYyCg,Restoran Mimosa,"Viljandi mnt 6, 11214 Tallinn, Estonia","Viljandi mnt 6, Tallinn",6,Viljandi maantee,,Tallinn,Harju maakond,11214,Estonia,EE,59.391476000000004,24.7280224,https://maps.google.com/?cid=2938695815374271043&g_mp=Cilnb29nbGUubWFwcy5wbGFjZXMudjEuUGxhY2VzLlNlYXJjaE5lYXJieRACGAQgAA,http://www.restoranmimosa.ee/,631 3001,+372 631 3001,4.8,1426,2,$$,OPERATIONAL,restaurant,Restaurant,"restaurant,food,point_of_interest,establishment","Monday: 12:00 – 9:00 PM
Tuesday: 12:00 – 9:00 PM
Wednesday: 12:00 – 9:00 PM
Thursday: 12:00 – 9:00 PM
Friday: 12:00 – 10:00 PM
Saturday: 12:00 – 10:00 PM
Sunday: Closed",0,,,,,,,,,,,,,,,180,9GF69PRH+H6
ChIJsQwT5abrkkYRVkFA54dKWRo,Restoran Mona,"Valukoja tn 10, 11415 Tallinn, Estonia","Ülemiste City, Valukoja tn 10, Tallinn",10,Valukoja tänav,,Tallinn,Harju maakond,11415,Estonia,EE,59.419911199999994,24.8057566,https://maps.google.com/?cid=1898630665474163030&g_mp=Cilnb29nbGUubWFwcy5wbGFjZXMudjEuUGxhY2VzLlNlYXJjaE5lYXJieRACGAQgAA,http://www.restoranmona.ee/,600 3344,+372 600 3344,4.2,79,2,$$,OPERATIONAL,restaurant,Restaurant,"restaurant,food,point_of_interest,establishment","Monday: 8:00 AM – 2:00 PM
Tuesday: 8:00 AM – 2:00 PM
Wednesday: 8:00 AM – 2:00 PM
Thursday: 8:00 AM – 2:00 PM
Friday: 8:00 AM – 2:00 PM
Saturday: Closed
Sunday: Closed",1,,,,,,,,,,,,,,,180,9GF6CR94+X8
ChIJGT7OcmaTkkYRHvrwxjVeoXM,Restoran Nero,"Tallink Express Hotel, Sadama tn 11a, 10111 Tallinn, Estonia","Tallink Express Hotel, Sadama tn 11a, Tallinn",11a,Sadama tänav,,Tallinn,Harju maakond,10111,Estonia,EE,59.44452109999999,24.7563311,https://maps.google.com/?cid=8332044370676087326&g_mp=Cilnb29nbGUubWFwcy5wbGFjZXMudjEuUGxhY2VzLlNlYXJjaE5lYXJieRACGAQgAA,https://hotels.tallink.com/food-and-drinks/restaurants/nero,630 1018,+372 630 1018,4.0,202,2,$$,OPERATIONAL,restaurant,Restaurant,"restaurant,food,point_of_interest,establishment","Monday: 5:00 – 11:00 PM
Tuesday: 5:00 – 11:00 PM
Wednesday: 5:00 – 11:00 PM
Thursday: 5:00 – 11:00 PM
Friday: 5:00 – 11:00 PM
Saturday: 5:00 – 11:00 PM
Sunday: 5:00 – 11:00 PM",0,,,,,,,,,,,,,,,180,9GF6CQV4+RG
ChIJn6UcG2KTkkYRXQKgYrLUtvA,Restoran Olde Hansa,"Vana turg 1, 10140 Tallinn, Estonia","Vana turg 1, Tallinn",1,Vana turg,,Tallinn,Harju maakond,10140,Estonia,EE,59.4366705,24.745920299999998,https://maps.google.com/?cid=17345284877487964765&g_mp=Cilnb29nbGUubWFwcy5wbGFjZXMudjEuUGxhY2VzLlNlYXJjaE5lYXJieRACGAQgAA,http://www.oldehansa.com/,627 9020,+372 627 9020,4.5,12238,3,$$$,OPERATIONAL,restaurant,Restaurant,"restaurant,food,point_of_interest,establishment","Monday: 11:00 AM – 12:00 AM
Tuesday: 11:00 AM – 12:00 AM
Wednesday: 11:00 AM – 12:00 AM
Thursday: 11:00 AM – 12:00 AM
Friday: 11:00 AM – 12:00 AM
Saturday: 11:00 AM – 12:00 AM
Sunday: 11:00 AM – 12:00 AM",1,,,,,,,,,,,,,,,180,9GF6CPPW+M9
ChIJMZTPSmeTkkYRpm4eyPYnl9w,Restoran Pull,"Rotermanni 2 Hobujaama ja Ahtri tn nurgal, 10111 Tallinn, Estonia","Rotermanni 2 Hobujaama ja Ahtri tn nurgal, Tallinn",,,,Tallinn,Harju maakond,10111,Estonia,EE,59.4393686,24.7586576,https://maps.google.com/?cid=15895217350700330662&g_mp=Cilnb29nbGUubWFwcy5wbGFjZXMudjEuUGxhY2VzLlNlYXJjaE5lYXJieRACGAQgAA,http://www.pull.ee/,5382 5000,+372 5382 5000,4.6,1364,3,$$$,OPERATIONAL,restaurant,Restaurant,"restaurant,food,point_of_interest,establishment","Monday: 11:30 AM – 11:00 PM
Tuesday: 11:30 AM – 11:00 PM
Wednesday: 11:30 AM – 11:00 PM
Thursday: 11:30 AM – 11:00 PM
Friday: 11:30 AM – 11:00 PM
Saturday: 2:00 – 11:00 PM
Sunday: Closed",1,,,,,,,,,,,,,,,180,9GF6CQQ5+PF
ChIJNbGbmViVkkYRt8yi9AUyUJ0,Restoran ROOF,"Lembitu tn 12, 10114 Tallinn, Estonia","Lembitu tn 12, Tallinn",12,Lembitu tänav,,Tallinn,Harju maakond,10114,Estonia,EE,59.43050139999999,24.7553289,https://maps.google.com/?cid=11335615263252073655&g_mp=Cilnb29nbGUubWFwcy5wbGFjZXMudjEuUGxhY2VzLlNlYXJjaE5lYXJieRACGAQgAA,https://movenpicktallinn.ee/restoran-roof/,699 4390,+372 699 4390,4.5,102,3,$$$,OPERATIONAL,restaurant,Restaurant,"restaurant,bar,food,point_of_interest,establishment","Monday: 12:00 – 3:00 PM, 5:30 – 10:00 PM
Tuesday: 12:00 – 3:00 PM, 5:30 – 10:00 PM
Wednesday: 12:00 – 3:00 PM, 5:30 – 10:00 PM
Thursday: 12:00 – 3:00 PM, 5:30 – 10:00 PM
Friday: 12:00 – 3:00 PM, 5:30 – 11:00 PM
Saturday: 5:30 – 11:00 PM
Sunday: Closed",1,,,,,,,,,,,,,,,180,9GF6CQJ4+64
ChIJP4EnAKGUkkYRU8Xz1y6G_wU,Restoran Senso,"Liivalaia tn 33, 10118 Tallinn, Estonia","Radisson Blu Hotel Olumpia, Liivalaia tn 33, Tallinn",33,Liivalaia tänav,,Tallinn,Harju maakond,10118,Estonia,EE,59.4299263,24.7573528,https://maps.google.com/?cid=432211625000551763&g_mp=Cilnb29nbGUubWFwcy5wbGFjZXMudjEuUGxhY2VzLlNlYXJjaE5lYXJieRACGAQgAA,http://www.restoransenso.ee/,631 5870,+372 631 5870,4.3,265,2,$$,OPERATIONAL,restaurant,Restaurant,"restaurant,food,point_of_interest,establishment","Monday: 6:30 – 10:30 AM, 12:00 – 11:00 PM
Tuesday: 6:30 – 10:30 AM, 12:00 – 11:00 PM
Wednesday: 6:30 – 10:30 AM, 12:00 – 11:00 PM
Thursday: 6:30 – 10:30 AM, 12:00 – 11:00 PM
Friday: 6:30 – 10:30 AM, 12:00 PM – 1:00 AM
Saturday: 7:00 – 11:00 AM, 12:00 PM – 1:00 AM
Sunday: 7:00 AM – 1:00 AM",1,,,,,,,,,,,,,,,180,9GF6CQH4+XW
ChIJiVSxIWKTkkYRsX-qkvJeMk0,Restoran Spot,"Vene tn 4, 10123 Tallinn, Estonia","Vene tn 4, Tallinn",4,Vene tänav,,Tallinn,Harju maakond,10123,Estonia,EE,59.4371692,24.7470242,https://maps.google.com/?cid=5562612885691727793&g_mp=Cilnb29nbGUubWFwcy5wbGFjZXMudjEuUGxhY2VzLlNlYXJjaE5lYXJieRACGAQgAA,http://www.restoranspot.ee/,600 4977,+372 600 4977,4.6,709,2,$$,OPERATIONAL,restaurant,Restaurant,"restaurant,food,point_of_interest,establishment","Monday: 12:00 – 10:30 PM
Tuesday: 12:00 – 10:30 PM
Wednesday: 12:00 – 11:00 PM
Thursday: 12:00 – 11:00 PM
Friday: 12:00 PM – 12:00 AM
Saturday: 12:00 PM – 12:00 AM
Sunday: 12:00 – 10:00 PM",1,,,,,,,,,,,,,,,180,9GF6CPPW+VR
ChIJI4AmtWOTkkYR41CHriXIUlM,Restoran Trofé,"Pikk tn 29, 10133 Tallinn, Estonia","Pikk tn 29, Tallinn",29,Pikk tänav,,Tallinn,Harju maakond,10133,Estonia,EE,59.4388997,24.7459103,https://maps.google.com/?cid=6004081317405741283&g_mp=Cilnb29nbGUubWFwcy5wbGFjZXMudjEuUGxhY2VzLlNlYXJjaE5lYXJieRACGAQgAA,https://www.meritonhotels.com/en/meriton-hotels/restaurant-trofe/,664 8803,+372 664 8803,4.5,615,2,$$,OPERATIONAL,scandinavian_restaurant,Scandinavian Restaurant,"scandinavian_restaurant,european_restaurant,restaurant,food,point_of_interest,establishment","Monday: 12:00 – 10:00 PM
Tuesday: 12:00 – 10:00 PM
Wednesday: 12:00 – 10:00 PM
Thursday: 12:00 – 10:00 PM
Friday: 12:00 – 10:00 PM
Saturday: 12:00 – 10:00 PM
Sunday: 12:00 – 10:00 PM",1,,,,,,,,,,,,,,,180,9GF6CPQW+H9
ChIJdbhRiEmTkkYR0zj2USUMImM,Restoran Võru,"Pirita tee 20-1, 12011 Tallinn, Estonia","Pirita tee 20-1, Tallinn",20,Pirita tee,,Tallinn,Harju maakond,12011,Estonia,EE,59.446653000000005,24.802115999999998,https://maps.google.com/?cid=7143285313391442131&g_mp=Cilnb29nbGUubWFwcy5wbGFjZXMudjEuUGxhY2VzLlNlYXJjaE5lYXJieRACGAQgAA,https://www.restoranvoru.ee/,5368 3900,+372 5368 3900,4.6,440,2,$$,OPERATIONAL,restaurant,Restaurant,"restaurant,food,point_of_interest,establishment","Monday: 11:00 AM – 3:00 PM
Tuesday: 11:00 AM – 3:00 PM, 5:00 – 10:00 PM
Wednesday: 11:00 AM – 3:00 PM, 5:00 – 10:00 PM
Thursday: 11:00 AM – 3:00 PM, 5:00 – 10:00 PM
Friday: 11:00 AM – 3:00 PM, 5:00 – 11:00 PM
Saturday: 12:00 – 11:00 PM
Sunday: 12:00 – 5:00 PM",1,,,,,,,,,,,,,,,180,9GF6CRW2+MR
ChIJPemDmdyVkkYRKiRTKm3zIKc,Retro Burger,"Puhangu tänav 71, 10311 Tallinn, Estonia","Puhangu tänav 71, Tallinn",71,Puhangu tänav,,Tallinn,Harju maakond,10311,Estonia,EE,59.4439412,24.6939431,https://maps.google.com/?cid=12042893053775782954&g_mp=Cilnb29nbGUubWFwcy5wbGFjZXMudjEuUGxhY2VzLlNlYXJjaE5lYXJieRACGAQgAA,https://instagram.com/retroburgertallinn,565 4560,+372 565 4560,4.7,80,1,$,CLOSED_TEMPORARILY,fast_food_restaurant,Fast Food Restaurant,"fast_food_restaurant,restaurant,food,point_of_interest,establishment",,,,,,,,,,,,,,,,,180,9GF6CMVV+HH
ChIJrcy15oOTkkYRiTMeaTdmtMo,Reval Café KUMU,"Weizenbergi 34/Valge 1, Valge tn 1, 10127 Tallinn, Estonia","Weizenbergi 34/Valge 1, Valge tn 1, Tallinn",1,Valge tänav,,Tallinn,Harju maakond,10127,Estonia,EE,59.436561999999995,24.795569099999998,https://maps.google.com/?cid=14606411879642182537&g_mp=Cilnb29nbGUubWFwcy5wbGFjZXMudjEuUGxhY2VzLlNlYXJjaE5lYXJieRACGAQgAA,https://revalcafe.ee/kohvik/kumu/,602 6164,+372 602 6164,3.9,229,2,$$,OPERATIONAL,cafe,Cafe,"cafe,restaurant,food,point_of_interest,establishment","Monday: 10:00 AM – 3:00 PM
Tuesday: 10:00 AM – 7:00 PM
Wednesday: 10:00 AM – 7:00 PM
Thursday: 10:00 AM – 8:00 PM
Friday: 10:00 AM – 7:00 PM
Saturday: 10:00 AM – 7:00 PM
Sunday: 10:00 AM – 7:00 PM",1,,,,,,,,,,,,,,,180,9GF6CQPW+J6
ChIJUw1yw3-UkkYRWrv5Qc5etA8,Ristikheina Cafe,"Ristiku tn 57, 10320 Tallinn, Estonia","Ristiku tn 57, Tallinn",57,Ristiku tänav,,Tallinn,Harju maakond,10320,Estonia,EE,59.4402797,24.714436799999998,https://maps.google.com/?cid=1131633646339996506&g_mp=Cilnb29nbGUubWFwcy5wbGFjZXMudjEuUGxhY2VzLlNlYXJjaE5lYXJieRACGAQgAA,http://www.ristikheinakohvik.ee/,660 1701,+372 660 1701,4.7,1217,2,$$,OPERATIONAL,coffee_shop,Coffee Shop,"coffee_shop,breakfast_restaurant,cafe,restaurant,food_store,store,point_of_interest,food,establishment","Monday: 8:00 AM – 7:00 PM
Tuesday: 8:00 AM – 7:00 PM
Wednesday: 8:00 AM – 7:00 PM
Thursday: 8:00 AM – 7:00 PM
Friday: 8:00 AM – 7:00 PM
Saturday: 9:00 AM – 6:00 PM
Sunday: 9:00 AM – 6:00 PM",1,,,,,,,,,,,,,,,180,9GF6CPR7+4Q
ChIJad0PPgCTkkYRBhkVRpf3kbU,Riva restoran,"Sadama tn 4-Ankur building, 10111 Tallinn, Estonia","Sadama tn 4-Ankur building, Tallinn",4,Sadama tänav,,Tallinn,Harju maakond,10111,Estonia,EE,59.443615,24.755317899999998,https://maps.google.com/?cid=13083510621575911686&g_mp=Cilnb29nbGUubWFwcy5wbGFjZXMudjEuUGxhY2VzLlNlYXJjaE5lYXJieRACGAQgAA,https://riva-resto.ee/,511 1457,+372 511 1457,4.8,122,4,$$$$,OPERATIONAL,restaurant,Restaurant,"restaurant,food,point_of_interest,establishment","Monday: 12:00 – 11:00 PM
Tuesday: 12:00 – 11:00 PM
Wednesday: 12:00 – 11:00 PM
Thursday: 12:00 – 11:00 PM
Friday: 12:00 – 11:00 PM
Saturday: 12:00 – 11:00 PM
Sunday: 11:00 AM – 9:00 PM",1,,,,,,,,,,,,,,,180,9GF6CQV4+C4
ChIJx8U92MqTkkYRcoLY3DW2_eU,Rohe,"Kopli tn 4, 10416 Tallinn, Estonia","Kopli tn 4, Tallinn",4,Kopli tänav,,Tallinn,Harju maakond,10416,Estonia,EE,59.4412488,24.7381666,https://maps.google.com/?cid=16572602546247991922&g_mp=Cilnb29nbGUubWFwcy5wbGFjZXMudjEuUGxhY2VzLlNlYXJjaE5lYXJieRACGAQgAA,http://www.rohekohvik.ee/,437 0095,+372 437 0095,4.8,545,2,$$,OPERATIONAL,vegan_restaurant,Vegan Restaurant,"vegan_restaurant,vegetarian_restaurant,restaurant,food,point_of_interest,establishment","Monday: 9:00 AM – 9:00 PM
Tuesday: 9:00 AM – 9:00 PM
Wednesday: 9:00 AM – 9:00 PM
Thursday: 9:00 AM – 9:00 PM
Friday: 9:00 AM – 9:00 PM
Saturday: 9:00 AM – 9:00 PM
Sunday: 9:00 AM – 9:00 PM",1,,,,,,,,,,,,,,,180,9GF6CPRQ+F7
ChIJv-dG5dSTkkYRCBnUxVwnYXg,Roku resto,"Poordi 1, 10156 Tallinn, Estonia","Poordi 1, Tallinn",1,Poordi,,Tallinn,Harju maakond,10156,Estonia,EE,59.44115779999999,24.754740299999998,https://maps.google.com/?cid=8674257636701772040&g_mp=Cilnb29nbGUubWFwcy5wbGFjZXMudjEuUGxhY2VzLlNlYXJjaE5lYXJieRACGAQgAA,https://rokuresto.ee/,5626 4887,+372 5626 4887,4.6,208,2,$$,OPERATIONAL,restaurant,Restaurant,"restaurant,food,point_of_interest,establishment","Monday: 12:00 – 9:00 PM
Tuesday: 12:00 – 9:00 PM
Wednesday: 12:00 – 9:00 PM
Thursday: 12:00 – 9:00 PM
Friday: 12:00 – 11:00 PM
Saturday: 12:00 – 11:00 PM
Sunday: 12:00 – 9:00 PM",1,,,,,,,,,,,,,,,180,9GF6CQR3+FV
ChIJreebn-2TkkYR64G4jwmOjW0,Rollit Sushi,"Kalaranna tn 8-2, 10415 Tallinn, Estonia","Kalaranna tn 8-2, Tallinn",8,Kalaranna tänav,,Tallinn,Harju maakond,10415,Estonia,EE,59.44713530000001,24.746577499999997,https://maps.google.com/?cid=7894121893567431147&g_mp=Cilnb29nbGUubWFwcy5wbGFjZXMudjEuUGxhY2VzLlNlYXJjaE5lYXJieRACGAQgAA,http://www.rollit.ee/,5666 3005,+372 5666 3005,4.6,96,2,$$,CLOSED_TEMPORARILY,sushi_restaurant,Sushi Restaurant,"sushi_restaurant,japanese_restaurant,restaurant,food,point_of_interest,establishment",,,,,,,,,,,,,,,,,180,9GF6CPWW+VJ
ChIJXVkrAp6UkkYRBXAlGuSHwFI,Route 33 Bar & Grill,"Suur-Karja tn 13, 10140 Tallinn, Estonia","Suur-Karja tn 13, Tallinn",13,Suur-Karja tänav,,Tallinn,Harju maakond,10140,Estonia,EE,59.435530299999996,24.746518599999998,https://maps.google.com/?cid=5962915320399491077&g_mp=Cilnb29nbGUubWFwcy5wbGFjZXMudjEuUGxhY2VzLlNlYXJjaE5lYXJieRACGAQgAA,https://www.facebook.com/Route13BaarGrill/,602 1212,+372 602 1212,4.0,1512,2,$$,OPERATIONAL,bar_and_grill,Bar & Grill,"bar_and_grill,pub,bar,restaurant,food,point_of_interest,establishment","Monday: 12:00 PM – 3:30 AM
Tuesday: 12:00 PM – 3:30 AM
Wednesday: 12:00 PM – 4:00 AM
Thursday: 12:00 PM – 4:00 AM
Friday: 12:00 PM – 4:30 AM
Saturday: 1:00 PM – 4:30 AM
Sunday: 3:00 PM – 3:00 AM",1,,,,,,,,,,,,,,,180,9GF6CPPW+6J
ChIJqZBZLCSVkkYR6Z8I7JLUxeI,Royal Asian Restoran,"Kaarli pst 9, 10119 Tallinn, Estonia","Kaarli pst 9, Tallinn",9,Kaarli puiestee,,Tallinn,Harju maakond,10119,Estonia,EE,59.4319877,24.741183499999998,https://maps.google.com/?cid=16340700550474014697&g_mp=Cilnb29nbGUubWFwcy5wbGFjZXMudjEuUGxhY2VzLlNlYXJjaE5lYXJieRACGAQgAA,http://www.royalasianrestoran.com/,5636 3463,+372 5636 3463,3.9,152,2,$$,OPERATIONAL,asian_restaurant,Asian Restaurant,"asian_restaurant,restaurant,food,point_of_interest,establishment","Monday: 12:00 PM – 12:00 AM
Tuesday: 12:00 PM – 12:00 AM
Wednesday: 12:00 PM – 12:00 AM
Thursday: 12:00 PM – 12:00 AM
Friday: 12:00 PM – 12:00 AM
Saturday: 12:00 PM – 12:00 AM
Sunday: 12:00 PM – 12:00 AM",1,,,,,,,,,,,,,,,180,9GF6CPJR+QF
ChIJO1w2zJ2TkkYR-X4eTi9cUc0,Ruchi Restoran,"Kalaranna tn 8-4, 10415 Tallinn, Estonia","Kalaranna tn 8-4, Tallinn",8,Kalaranna tänav,,Tallinn,Harju maakond,10415,Estonia,EE,59.4472974,24.746324599999998,https://maps.google.com/?cid=14794707609132629753&g_mp=Cilnb29nbGUubWFwcy5wbGFjZXMudjEuUGxhY2VzLlNlYXJjaE5lYXJieRACGAQgAA,https://www.ruchiresto.ee/en/,5590 5974,+372 5590 5974,4.5,59,2,$$,OPERATIONAL,indian_restaurant,Indian Restaurant,"indian_restaurant,chicken_restaurant,thai_restaurant,restaurant,food,point_of_interest,establishment","Monday: 10:30 AM – 10:00 PM
Tuesday: 10:30 AM – 10:00 PM
Wednesday: 10:30 AM – 10:00 PM
Thursday: 10:30 AM – 10:00 PM
Friday: 10:30 AM – 10:00 PM
Saturday: 10:30 AM – 10:00 PM
Sunday: 10:30 AM – 10:00 PM",1,,,,,,,,,,,,,,,180,9GF6CPWW+WG
ChIJQUDH-PuTkkYRjeceHd3AMMw,Ruddy Baar,"Sauna tn 1, 10140 Tallinn, Estonia","Sauna tn 1, Tallinn",1,Sauna tänav,,Tallinn,Harju maakond,10140,Estonia,EE,59.4359474,24.7476593,https://maps.google.com/?cid=14713472038528280461&g_mp=Cilnb29nbGUubWFwcy5wbGFjZXMudjEuUGxhY2VzLlNlYXJjaE5lYXJieRACGAQgAA,https://ruddybaar.ee/,5829 2238,+372 5829 2238,4.3,176,2,$$,OPERATIONAL,bar,Bar,"bar,lounge_bar,cocktail_bar,night_club,restaurant,food,point_of_interest,establishment","Monday: 8:00 PM – 6:00 AM
Tuesday: 8:00 PM – 2:00 AM
Wednesday: 7:00 PM – 2:00 AM
Thursday: 7:00 PM – 2:00 AM
Friday: 7:00 PM – 5:00 AM
Saturday: 7:00 PM – 5:00 AM
Sunday: 8:00 PM – 6:00 AM",0,,,,,,,,,,,,,,,180,9GF6CPPX+93
ChIJUdUjCV2TkkYRcg8TxVp1XUI,Ruk Thai Tai Köök Kadriorg,"A. Weizenbergi tn 9, 10150 Tallinn, Estonia","A. Weizenbergi tn 9, Tallinn",9,A. Weizenbergi tänav,,Tallinn,Harju maakond,10150,Estonia,EE,59.43902009999999,24.7786725,https://maps.google.com/?cid=4782107412051201906&g_mp=Cilnb29nbGUubWFwcy5wbGFjZXMudjEuUGxhY2VzLlNlYXJjaE5lYXJieRACGAQgAA,http://www.rukthai.ee/,5650 6357,+372 5650 6357,5.0,117,2,$$,OPERATIONAL,thai_restaurant,Thai Restaurant,"thai_restaurant,restaurant,food,point_of_interest,establishment","Monday: 12:00 – 8:00 PM
Tuesday: 12:00 – 8:00 PM
Wednesday: 12:00 – 8:00 PM
Thursday: 12:00 – 8:00 PM
Friday: 12:00 – 8:00 PM
Saturday: 12:00 – 8:00 PM
Sunday: Closed",1,,,,,,,,,,,,,,,180,9GF6CQQH+JF
ChIJNT6AVx6TkkYR4nTjxnDZJZw,Rukkilill Cafe,"Kuninga 8, Kullassepa tn 13, 10146 Tallinn, Estonia","Kuninga 8, Kullassepa tn 13, Tallinn",13,Kullassepa tänav,,Tallinn,Harju maakond,10146,Estonia,EE,59.4364708,24.7449057,https://maps.google.com/?cid=11251638322451412194&g_mp=Cilnb29nbGUubWFwcy5wbGFjZXMudjEuUGxhY2VzLlNlYXJjaE5lYXJieRACGAQgAA,https://www.facebook.com/Rukkilill-Kohvik-379832789280920,5866 5826,+372 5866 5826,4.5,801,2,$$,OPERATIONAL,cafe,Cafe,"cafe,pastry_shop,cafeteria,dessert_shop,bistro,confectionery,bakery,food_store,store,restaurant,food,point_of_interest,establishment","Monday: 12:00 – 10:00 PM
Tuesday: 12:00 – 10:00 PM
Wednesday: 12:00 – 10:00 PM
Thursday: 12:00 – 10:00 PM
Friday: 12:00 – 11:00 PM
Saturday: 12:00 – 11:00 PM
Sunday: 12:00 – 10:00 PM",1,,,,,,,,,,,,,,,180,9GF6CPPV+HX
ChIJ2SFd5-yUkkYR6PXE30L-Zq0,Räägupesa,"Nõmme tee 53, 11311 Tallinn, Estonia","Nõmme tee 53, Tallinn",53,Nõmme tee,,Tallinn,Harju maakond,11311,Estonia,EE,59.41499399999999,24.7189147,https://maps.google.com/?cid=12494953779361543656&g_mp=Cilnb29nbGUubWFwcy5wbGFjZXMudjEuUGxhY2VzLlNlYXJjaE5lYXJieRACGAQgAA,https://facebook.com/raagupesa/,655 7161,+372 655 7161,4.4,2722,1,$,OPERATIONAL,fast_food_restaurant,Fast Food Restaurant,"fast_food_restaurant,restaurant,food,point_of_interest,establishment","Monday: 9:00 AM – 9:00 PM
Tuesday: 9:00 AM – 9:00 PM
Wednesday: 9:00 AM – 9:00 PM
Thursday: 9:00 AM – 9:00 PM
Friday: 9:00 AM – 10:00 PM
Saturday: 12:00 – 10:00 PM
Sunday: 12:00 – 9:00 PM",1,,,,,,,,,,,,,,,180,9GF6CP79+XH
ChIJNeed6YWTkkYRiJgHQ-NK8kw,SABA,"Telliskivi tn 60-1, 10412 Tallinn, Estonia","Telliskivi tn 60-1, Tallinn",60,Telliskivi tänav,,Tallinn,Harju maakond,10412,Estonia,EE,59.44033799999999,24.729571099999998,https://maps.google.com/?cid=5544576431189104776&g_mp=Cilnb29nbGUubWFwcy5wbGFjZXMudjEuUGxhY2VzLlNlYXJjaE5lYXJieRACGAQgAA,https://sabasaba.ee/,5695 5446,+372 5695 5446,4.8,36,2,$$,OPERATIONAL,meal_takeaway,Takeout Restaurant,"meal_takeaway,fast_food_restaurant,restaurant,food,point_of_interest,establishment","Monday: 12:00 – 3:00 PM, 4:00 – 9:00 PM
Tuesday: 12:00 – 3:00 PM, 4:00 – 9:00 PM
Wednesday: 12:00 – 3:00 PM, 4:00 – 9:00 PM
Thursday: 12:00 – 3:00 PM, 4:00 – 9:00 PM
Friday: 12:00 – 3:00 PM, 4:00 – 9:00 PM
Saturday: 12:00 – 3:00 PM, 4:00 – 9:00 PM
Sunday: 12:00 – 3:00 PM, 4:00 – 9:00 PM",1,,,,,,,,,,,,,,,180,9GF6CPRH+4R
ChIJf409FQCTkkYRsXsgJR4kt5g,SADU resto,"Kopli tn 68a, 10412 Tallinn, Estonia","Kopli tn 68a, Tallinn",68a,Kopli tänav,,Tallinn,Harju maakond,10412,Estonia,EE,59.44553259999999,24.721585599999997,https://maps.google.com/?cid=11004303926393600945&g_mp=Cilnb29nbGUubWFwcy5wbGFjZXMudjEuUGxhY2VzLlNlYXJjaE5lYXJieRACGAQgAA,http://www.saduresto.ee/,5887 3324,+372 5887 3324,4.5,89,2,$$,OPERATIONAL,asian_restaurant,Asian Restaurant,"asian_restaurant,restaurant,food,point_of_interest,establishment","Monday: Closed
Tuesday: 5:00 – 10:00 PM
Wednesday: 5:00 – 10:00 PM
Thursday: 5:00 – 10:00 PM
Friday: 5:00 – 11:00 PM
Saturday: 5:00 – 11:00 PM
Sunday: 1:00 – 7:00 PM",0,,,,,,,,,,,,,,,180,9GF6CPWC+6J
ChIJQerzCduTkkYRJwI7m8ZsDQU,Saffron Restoran,"Gonsiori tn 12, 10117 Tallinn, Estonia","Gonsiori tn 12, Tallinn",12,Gonsiori tänav,,Tallinn,Harju maakond,10117,Estonia,EE,59.434820200000004,24.7619912,https://maps.google.com/?cid=364066745150538279&g_mp=Cilnb29nbGUubWFwcy5wbGFjZXMudjEuUGxhY2VzLlNlYXJjaE5lYXJieRACGAQgAA,https://www.saffronrestoran.com/,558 4898,+372 558 4898,4.9,733,2,$$,OPERATIONAL,asian_restaurant,Asian Restaurant,"asian_restaurant,restaurant,food,point_of_interest,establishment","Monday: 11:00 AM – 11:00 PM
Tuesday: 11:00 AM – 11:00 PM
Wednesday: 11:00 AM – 11:00 PM
Thursday: 11:00 AM – 11:00 PM
Friday: 11:00 AM – 11:00 PM
Saturday: 11:00 AM – 11:00 PM
Sunday: 11:00 AM – 11:00 PM",1,,,,,,,,,,,,,,,180,9GF6CQM6+WQ
ChIJyz0HT8WVkkYRS5kqv9CE1-U,SAI!,"Pärnu mnt. 4, 10148 Tallinn, Estonia","Pärnu mnt. 4, Tallinn",4,Pärnu maantee,,Tallinn,Harju maakond,10148,Estonia,EE,59.4358156,24.7493297,https://maps.google.com/?cid=16561852186773592395&g_mp=Cilnb29nbGUubWFwcy5wbGFjZXMudjEuUGxhY2VzLlNlYXJjaE5lYXJieRACGAQgAA,https://www.saisai.ee/,5567 4469,+372 5567 4469,4.7,304,1,$,OPERATIONAL,sandwich_shop,Sandwich Shop,"sandwich_shop,restaurant,food,point_of_interest,establishment","Monday: 11:00 AM – 8:00 PM
Tuesday: 11:00 AM – 8:00 PM
Wednesday: 11:00 AM – 8:00 PM
Thursday: 11:00 AM – 8:00 PM
Friday: 11:00 AM – 8:00 PM
Saturday: 11:00 AM – 8:00 PM
Sunday: 11:00 AM – 8:00 PM",1,,,,,,,,,,,,,,,180,9GF6CPPX+8P
ChIJi5SVJiqTkkYROSHxhuYy-0k,Sailors Home Cafe,"Purje tn 8, 11911 Tallinn, Estonia","Parking lot, Purje tn 8, Tallinn",8,Purje tänav,,Tallinn,Harju maakond,11911,Estonia,EE,59.466898799999996,24.8253798,https://maps.google.com/?cid=5330910549610930489&g_mp=Cilnb29nbGUubWFwcy5wbGFjZXMudjEuUGxhY2VzLlNlYXJjaE5lYXJieRACGAQgAA,http://www.sailorshome.ee/,5662 7447,+372 5662 7447,4.5,178,2,$$,OPERATIONAL,cafe,Cafe,"cafe,breakfast_restaurant,italian_restaurant,european_restaurant,restaurant,food,point_of_interest,establishment","Monday: 9:30 AM – 7:00 PM
Tuesday: 9:30 AM – 7:00 PM
Wednesday: 9:30 AM – 7:00 PM
Thursday: 9:30 AM – 7:00 PM
Friday: 9:30 AM – 7:00 PM
Saturday: 9:30 AM – 7:00 PM
Sunday: 9:30 AM – 6:00 PM",1,,,,,,,,,,,,,,,180,9GF6FR8G+Q5
ChIJ35SJyreVkkYRORrEi8Ue1qU,Sakura Resto,"Roosikrantsi tn 16, 10119 Tallinn, Estonia","Roosikrantsi tn 16, Tallinn",16,Roosikrantsi tänav,,Tallinn,Harju maakond,10119,Estonia,EE,59.4300046,24.743700099999998,https://maps.google.com/?cid=11949772495076465209&g_mp=Cilnb29nbGUubWFwcy5wbGFjZXMudjEuUGxhY2VzLlNlYXJjaE5lYXJieRACGAQgAA,http://www.sakuraresto.ee/,5486 0852,+372 5486 0852,4.6,603,2,$$,OPERATIONAL,asian_restaurant,Asian Restaurant,"asian_restaurant,sushi_restaurant,asian_fusion_restaurant,fusion_restaurant,japanese_restaurant,restaurant,food,point_of_interest,establishment","Monday: 11:30 AM – 11:00 PM
Tuesday: 11:30 AM – 11:00 PM
Wednesday: 11:30 AM – 11:00 PM
Thursday: 11:30 AM – 11:00 PM
Friday: 11:30 AM – 1:00 AM
Saturday: 12:00 PM – 1:00 AM
Sunday: 12:00 – 10:00 PM",1,,,,,,,,,,,,,,,180,9GF6CPJV+2F
ChIJFfM49WGTkkYRY6NO8VaT2X0,Salvador Steakhouse,"Viru 3, 10140 Tallinn, Estonia","Viru 3, Tallinn",3,Viru,,Tallinn,Harju maakond,10140,Estonia,EE,59.43697349999999,24.7472913,https://maps.google.com/?cid=9068441326312137571&g_mp=Cilnb29nbGUubWFwcy5wbGFjZXMudjEuUGxhY2VzLlNlYXJjaE5lYXJieRACGAQgAA,,5360 6316,+372 5360 6316,4.3,265,,,CLOSED_TEMPORARILY,steak_house,Steak House,"steak_house,restaurant,food,point_of_interest,establishment",,,,,,,,,,,,,,,,,180,9GF6CPPW+QW
ChIJIUOR6YaTkkYR7YcIq8vg0Qs,Samsa family bakers,"Viru väljak 4, 10111 Tallinn, Estonia","Viru väljak 4, Tallinn",4,Viru väljak,,Tallinn,Harju maakond,10111,Estonia,EE,59.435990000000004,24.755222099999997,https://maps.google.com/?cid=851708969902180333&g_mp=Cilnb29nbGUubWFwcy5wbGFjZXMudjEuUGxhY2VzLlNlYXJjaE5lYXJieRACGAQgAA,https://samsafamilybakers.ee/,5851 5187,+372 5851 5187,4.1,284,2,$$,OPERATIONAL,restaurant,Restaurant,"restaurant,food,point_of_interest,establishment","Monday: 9:00 AM – 8:00 PM
Tuesday: 9:00 AM – 8:00 PM
Wednesday: 9:00 AM – 8:00 PM
Thursday: 9:00 AM – 8:00 PM
Friday: 9:00 AM – 8:00 PM
Saturday: 9:00 AM – 8:00 PM
Sunday: 9:00 AM – 6:00 PM",1,,,,,,,,,,,,,,,180,9GF6CQP4+93
ChIJT7KMjFyUkkYRDhs0LXeOdAY,Samsa Family Bakers,"Toompuiestee 37A, Kopli tn 1, 10412 Tallinn, Estonia","Toompuiestee 37A, Kopli tn 1, Tallinn",1,Kopli tänav,,Tallinn,Harju maakond,10412,Estonia,EE,59.4410913,24.7363233,https://maps.google.com/?cid=465153304036645646&g_mp=Cilnb29nbGUubWFwcy5wbGFjZXMudjEuUGxhY2VzLlNlYXJjaE5lYXJieRACGAQgAA,https://samsafamilybakers.ee/,5550 0310,+372 5550 0310,4.5,1041,2,$$,OPERATIONAL,restaurant,Restaurant,"fast_food_restaurant,tea_house,restaurant,food,point_of_interest,establishment","Monday: 9:00 AM – 7:00 PM
Tuesday: 9:00 AM – 7:00 PM
Wednesday: 9:00 AM – 7:00 PM
Thursday: 9:00 AM – 7:00 PM
Friday: 9:00 AM – 7:00 PM
Saturday: 9:00 AM – 7:00 PM
Sunday: 9:00 AM – 5:00 PM",1,,,,,,,,,,,,,,,180,9GF6CPRP+CG
ChIJTZqc_LrskkYRWA7qGuu9Wws,Samurai Sushi,"Punane tn 48, 13611 Tallinn, Estonia","Punane tn 48, Tallinn",48,Punane tänav,,Tallinn,Harju maakond,13611,Estonia,EE,59.435175099999995,24.842864799999997,https://maps.google.com/?cid=818456574764387928&g_mp=Cilnb29nbGUubWFwcy5wbGFjZXMudjEuUGxhY2VzLlNlYXJjaE5lYXJieRACGAQgAA,http://samurai-sushi.ee/,610 3103,+372 610 3103,4.0,216,2,$$,OPERATIONAL,sushi_restaurant,Sushi Restaurant,"sushi_restaurant,japanese_restaurant,restaurant,food,point_of_interest,establishment","Monday: 10:00 AM – 10:00 PM
Tuesday: 10:00 AM – 10:00 PM
Wednesday: 10:00 AM – 10:00 PM
Thursday: 10:00 AM – 10:00 PM
Friday: 10:00 AM – 12:00 AM
Saturday: 10:00 AM – 12:00 AM
Sunday: 10:00 AM – 10:00 PM",1,,,,,,,,,,,,,,,180,9GF6CRPV+34
ChIJDwVGST2TkkYR8eF-Js5T7gc,Sanga,"Rotermanni tn 18-1, 10111 Tallinn, Estonia","Rotermanni tn 18-1, Tallinn",18,Rotermanni tänav,,Tallinn,Harju maakond,10111,Estonia,EE,59.43947659999999,24.7568616,https://maps.google.com/?cid=571486347596849649&g_mp=Cilnb29nbGUubWFwcy5wbGFjZXMudjEuUGxhY2VzLlNlYXJjaE5lYXJieRACGAQgAA,http://www.sanga.ee/,5757 0171,+372 5757 0171,4.4,300,2,$$,OPERATIONAL,sandwich_shop,Sandwich Shop,"sandwich_shop,restaurant,food,point_of_interest,establishment","Monday: 11:00 AM – 8:00 PM
Tuesday: 11:00 AM – 8:00 PM
Wednesday: 11:00 AM – 8:00 PM
Thursday: 11:00 AM – 8:00 PM
Friday: 11:00 AM – 8:00 PM
Saturday: 11:00 AM – 8:00 PM
Sunday: 11:00 AM – 8:00 PM",1,,,,,,,,,,,,,,,180,9GF6CQQ4+QP
ChIJC6KCFiqTkkYRTMmnCXEJyCo,Sardiinia Resto & Lounge,"Masti tn 17-Hoone 2, 11911 Tallinn, Estonia","Parking lot, Masti tn 17-Hoone 2, Tallinn",17,Masti tänav,,Tallinn,Harju maakond,11911,Estonia,EE,59.4670443,24.8269759,https://maps.google.com/?cid=3082724326033049932&g_mp=Cilnb29nbGUubWFwcy5wbGFjZXMudjEuUGxhY2VzLlNlYXJjaE5lYXJieRACGAQgAA,https://sardiinia.ee/,660 6960,+372 660 6960,4.3,1246,2,$$,OPERATIONAL,restaurant,Restaurant,"restaurant,wine_bar,cocktail_bar,mediterranean_restaurant,lounge_bar,seafood_restaurant,night_club,live_music_venue,bar,event_venue,food,point_of_interest,establishment","Monday: Closed
Tuesday: 4:00 – 9:00 PM
Wednesday: 4:00 – 9:00 PM
Thursday: 4:00 – 10:00 PM
Friday: 4:00 – 10:00 PM
Saturday: 12:00 – 10:00 PM
Sunday: 12:00 – 9:00 PM",0,,,,,,,,,,,,,,,180,9GF6FR8G+RQ
ChIJ360lHWKTkkYRubgf6lUt7VY,Scheeli Restoran,"Vana turg 2, 10140 Tallinn, Estonia","Vana turg 2, Tallinn",2,Vana turg,,Tallinn,Harju maakond,10140,Estonia,EE,59.436593800000004,24.746475099999998,https://maps.google.com/?cid=6263712503765645497&g_mp=Cilnb29nbGUubWFwcy5wbGFjZXMudjEuUGxhY2VzLlNlYXJjaE5lYXJieRACGAQgAA,http://www.scheeliresto.com/,512 3852,+372 512 3852,4.5,743,2,$$,OPERATIONAL,restaurant,Restaurant,"restaurant,food,point_of_interest,establishment","Monday: 12:00 – 10:00 PM
Tuesday: 12:00 – 10:00 PM
Wednesday: 12:00 – 10:00 PM
Thursday: 12:00 – 11:00 PM
Friday: 12:00 – 11:00 PM
Saturday: 12:00 – 11:00 PM
Sunday: 12:00 – 10:00 PM",1,,,,,,,,,,,,,,,180,9GF6CPPW+JH
ChIJQ6ReJGGTkkYRAg8frkh0Mt8,Scotland Yard Pub,"Mere pst 6, 10111 Tallinn, Estonia","Mere pst 6, Tallinn",6,Mere puiestee,,Tallinn,Harju maakond,10111,Estonia,EE,59.439176100000005,24.754289699999998,https://maps.google.com/?cid=16083045074801200898&g_mp=Cilnb29nbGUubWFwcy5wbGFjZXMudjEuUGxhY2VzLlNlYXJjaE5lYXJieRACGAQgAA,http://www.scotlandyard.ee/,653 5190,+372 653 5190,4.3,3396,2,$$,OPERATIONAL,gastropub,Gastropub,"gastropub,live_music_venue,bar,event_venue,restaurant,food,point_of_interest,establishment","Monday: 12:00 – 11:00 PM
Tuesday: 12:00 – 11:00 PM
Wednesday: 12:00 – 11:00 PM
Thursday: 12:00 PM – 12:00 AM
Friday: 12:00 PM – 2:00 AM
Saturday: 12:00 PM – 2:00 AM
Sunday: 12:00 – 11:00 PM",1,,,,,,,,,,,,,,,180,9GF6CQQ3+MP
ChIJVzt-QWaTkkYRD-xWoa3KMJc,Seitse Merd Pub,"Kai 5, 1korrus Sadamarketi Ärihoone, 10111 Tallinn, Estonia","Kai 5, 1korrus Sadamarketi Ärihoone, Tallinn",,,,Tallinn,Harju maakond,10111,Estonia,EE,59.44369940000001,24.7579824,https://maps.google.com/?cid=10894430345694211087&g_mp=Cilnb29nbGUubWFwcy5wbGFjZXMudjEuUGxhY2VzLlNlYXJjaE5lYXJieRACGAQgAA,https://www.seitsemerd.ee/,661 4601,+372 661 4601,4.1,580,2,$$,OPERATIONAL,pub,Pub,"pub,hamburger_restaurant,fast_food_restaurant,pizza_restaurant,breakfast_restaurant,american_restaurant,bar,restaurant,food,point_of_interest,establishment","Monday: 9:00 AM – 7:00 PM
Tuesday: 9:00 AM – 7:00 PM
Wednesday: 9:00 AM – 7:00 PM
Thursday: 9:00 AM – 7:00 PM
Friday: 9:00 AM – 7:00 PM
Saturday: 9:00 AM – 7:00 PM
Sunday: 9:00 AM – 7:00 PM",1,,,,,,,,,,,,,,,180,9GF6CQV5+F5
ChIJB0AC_W6TkkYRPDLagoVpR4Q,Sepa Terrass Papa grilliga,"Sepa tn 19, 11712 Tallinn, Estonia","Sepa tn 19, Tallinn",19,Sepa tänav,,Tallinn,Harju maakond,11712,Estonia,EE,59.46067589999999,24.676537399999997,https://maps.google.com/?cid=9531703158499848764&g_mp=Cilnb29nbGUubWFwcy5wbGFjZXMudjEuUGxhY2VzLlNlYXJjaE5lYXJieRACGAQgAA,,5358 0004,+372 5358 0004,4.9,54,1,$,OPERATIONAL,family_restaurant,Family Restaurant,"family_restaurant,restaurant,food,point_of_interest,establishment","Monday: 11:00 AM – 3:00 PM
Tuesday: 11:00 AM – 3:00 PM
Wednesday: 11:00 AM – 3:00 PM
Thursday: 11:00 AM – 3:00 PM
Friday: 11:00 AM – 3:00 PM
Saturday: Closed
Sunday: Closed",1,,,,,,,,,,,,,,,180,9GF6FM6G+7J
ChIJQWJxZnuTkkYRYykH00YCcXo,Sesoon,"Kalma tn 9, 10414 Tallinn, Estonia","Kalma tn 9, Tallinn",9,Kalma tänav,,Tallinn,Harju maakond,10414,Estonia,EE,59.44304149999999,24.7355684,https://maps.google.com/?cid=8822835648206940515&g_mp=Cilnb29nbGUubWFwcy5wbGFjZXMudjEuUGxhY2VzLlNlYXJjaE5lYXJieRACGAQgAA,http://kohviksesoon.ee/,5866 5558,+372 5866 5558,4.4,614,,,OPERATIONAL,restaurant,Restaurant,"restaurant,food,point_of_interest,establishment",,,,,,,,,,,,,,,,,180,9GF6CPVP+66
ChIJ7bXux0iTkkYRmIZ6fE5oFy8,Shang Shi Restaurant,"Rataskaevu tn 5, 10123 Tallinn, Estonia","Rataskaevu tn 5, Tallinn",5,Rataskaevu tänav,,Tallinn,Harju maakond,10123,Estonia,EE,59.43714130000001,24.7429986,https://maps.google.com/?cid=3393295530552100504&g_mp=Cilnb29nbGUubWFwcy5wbGFjZXMudjEuUGxhY2VzLlNlYXJjaE5lYXJieRACGAQgAA,https://shangshi.bombayclub.com/,618 8840,+372 618 8840,4.5,77,4,$$$$,OPERATIONAL,restaurant,Restaurant,"restaurant,food,point_of_interest,establishment","Monday: Closed
Tuesday: Closed
Wednesday: 5:00 – 11:00 PM
Thursday: 5:00 – 11:00 PM
Friday: 5:00 – 11:00 PM
Saturday: 5:00 – 11:00 PM
Sunday: Closed",0,,,,,,,,,,,,,,,180,9GF6CPPV+V5
ChIJPZCPvP6UkkYRwGJgiB_DEZc,Shaurma Fusion,"E. Vilde tee 71a, 13421 Tallinn, Estonia","E. Vilde tee 71a, Tallinn",71a,Eduard Vilde tee,,Tallinn,Harju maakond,13421,Estonia,EE,59.40279849999999,24.6880262,https://maps.google.com/?cid=10885696314530620096&g_mp=Cilnb29nbGUubWFwcy5wbGFjZXMudjEuUGxhY2VzLlNlYXJjaE5lYXJieRACGAQgAA,http://www.shaurmafusion.ee/,5757 0353,+372 5757 0353,4.5,280,1,$,OPERATIONAL,meal_takeaway,Takeout Restaurant,"meal_takeaway,kebab_shop,fast_food_restaurant,restaurant,food,point_of_interest,establishment","Monday: 12:00 – 10:00 PM
Tuesday: 12:00 – 10:00 PM
Wednesday: 12:00 – 10:00 PM
Thursday: 12:00 – 10:00 PM
Friday: 12:00 – 10:00 PM
Saturday: 12:00 – 10:00 PM
Sunday: 12:00 – 10:00 PM",0,,,,,,,,,,,,,,,180,9GF6CM3Q+46
ChIJDWMIB2vtkkYRoclJp6bx2Wc,Shaurma Fusion Lasnamäe,"Punane tn 50-2, 13619 Tallinn, Estonia","Punane tn 50-2, Tallinn",50,Punane tänav,,Tallinn,Harju maakond,13619,Estonia,EE,59.435599200000006,24.844211899999998,https://maps.google.com/?cid=7483277953926285729&g_mp=Cilnb29nbGUubWFwcy5wbGFjZXMudjEuUGxhY2VzLlNlYXJjaE5lYXJieRACGAQgAA,http://www.shaurmafusion.ee/,5353 7175,+372 5353 7175,4.5,138,1,$,OPERATIONAL,fast_food_restaurant,Fast Food Restaurant,"fast_food_restaurant,restaurant,food,point_of_interest,establishment","Monday: 11:00 AM – 10:00 PM
Tuesday: 11:00 AM – 10:00 PM
Wednesday: 11:00 AM – 10:00 PM
Thursday: 11:00 AM – 10:00 PM
Friday: 11:00 AM – 10:00 PM
Saturday: 11:00 AM – 10:00 PM
Sunday: 11:00 AM – 10:00 PM",1,,,,,,,,,,,,,,,180,9GF6CRPV+6M
ChIJq42AxIyVkkYRNdYpvqXQjr0,Shaurma Kebab,"Sõpruse pst 210a, 13416 Tallinn, Estonia","Parking lot, Sõpruse pst 210a, Tallinn",210a,Sõpruse puiestee,,Tallinn,Harju maakond,13416,Estonia,EE,59.403509500000006,24.6986496,https://maps.google.com/?cid=13659084130139887157&g_mp=Cilnb29nbGUubWFwcy5wbGFjZXMudjEuUGxhY2VzLlNlYXJjaE5lYXJieRACGAQgAA,https://shaurmakebab.ee/et,5846 9090,+372 5846 9090,4.4,792,1,$,OPERATIONAL,turkish_restaurant,Turkish Restaurant,"turkish_restaurant,fast_food_restaurant,middle_eastern_restaurant,restaurant,food,point_of_interest,establishment","Monday: Open 24 hours
Tuesday: Open 24 hours
Wednesday: Open 24 hours
Thursday: Open 24 hours
Friday: Open 24 hours
Saturday: Open 24 hours
Sunday: Open 24 hours",1,,,,,,,,,,,,,,,180,9GF6CM3X+CF
ChIJz0Hy8f-VkkYR_Iok_rxPi0A,Shaurma Kebab,"Suur-Karja tn 18a, 10146 Tallinn, Estonia","Suur-Karja tn 18a, Tallinn",18a,Suur-Karja tänav,,Tallinn,Harju maakond,10146,Estonia,EE,59.43446949999999,24.7465261,https://maps.google.com/?cid=4650898713326422780&g_mp=Cilnb29nbGUubWFwcy5wbGFjZXMudjEuUGxhY2VzLlNlYXJjaE5lYXJieRACGAQgAA,https://shaurmakebab.ee/et,5552 5529,+372 5552 5529,3.9,176,1,$,OPERATIONAL,middle_eastern_restaurant,Middle Eastern Restaurant,"fast_food_restaurant,middle_eastern_restaurant,turkish_restaurant,eastern_european_restaurant,european_restaurant,restaurant,food,point_of_interest,establishment","Monday: 11:00 AM – 11:00 PM
Tuesday: 11:00 AM – 11:00 PM
Wednesday: 11:00 AM – 11:00 PM
Thursday: 11:00 AM – 11:00 PM
Friday: 11:00 AM – 6:00 AM
Saturday: 11:00 AM – 6:00 AM
Sunday: 11:00 AM – 11:00 PM",1,,,,,,,,,,,,,,,180,9GF6CPMW+QJ
ChIJ84z_6rrskkYRKnscj7bpBf0,Shaurma Kebab Punane,"Punane 37a, 13611 Tallinn, Estonia","Punane 37a, Tallinn",37a,Punane,,Tallinn,Harju maakond,13611,Estonia,EE,59.4335463,24.827318599999998,https://maps.google.com/?cid=18232235636773649194&g_mp=Cilnb29nbGUubWFwcy5wbGFjZXMudjEuUGxhY2VzLlNlYXJjaE5lYXJieRACGAQgAA,https://shaurmakebab.ee/et,5699 1933,+372 5699 1933,4.6,2617,1,$,OPERATIONAL,turkish_restaurant,Turkish Restaurant,"turkish_restaurant,fast_food_restaurant,middle_eastern_restaurant,restaurant,food,point_of_interest,establishment","Monday: Open 24 hours
Tuesday: Open 24 hours
Wednesday: Open 24 hours
Thursday: Open 24 hours
Friday: Open 24 hours
Saturday: Open 24 hours
Sunday: Open 24 hours",1,,,,,,,,,,,,,,,180,9GF6CRMG+CW
ChIJkVg-3ROVkkYRBfmDD3jgcpE,Shaurma Kebab Pärnu mnt,"Pärnu mnt. 146a, 11317 Tallinn, Estonia","Pärnu mnt. 146a, Tallinn",146a,Pärnu maantee,,Tallinn,Harju maakond,11317,Estonia,EE,59.4096333,24.7359354,https://maps.google.com/?cid=10480686089105570053&g_mp=Cilnb29nbGUubWFwcy5wbGFjZXMudjEuUGxhY2VzLlNlYXJjaE5lYXJieRACGAQgAA,https://shaurmakebab.ee/et,5555 6562,+372 5555 6562,4.6,231,1,$,OPERATIONAL,turkish_restaurant,Turkish Restaurant,"turkish_restaurant,middle_eastern_restaurant,fast_food_restaurant,restaurant,food,point_of_interest,establishment","Monday: 10:00 AM – 10:00 PM
Tuesday: 10:00 AM – 10:00 PM
Wednesday: 10:00 AM – 10:00 PM
Thursday: 10:00 AM – 10:00 PM
Friday: 10:00 AM – 10:00 PM
Saturday: 10:00 AM – 10:00 PM
Sunday: 10:00 AM – 10:00 PM",1,,,,,,,,,,,,,,,180,9GF6CP5P+V9
ChIJZS0Pwn2TkkYRSfHKHVJT1lk,Shaurma Kebab Telliskivi,"Telliskivi tn 60, 10149 Tallinn, Estonia","Telliskivi tn 60, Tallinn",60,Telliskivi tänav,,Tallinn,Harju maakond,10149,Estonia,EE,59.4405296,24.7302176,https://maps.google.com/?cid=6473453126543929673&g_mp=Cilnb29nbGUubWFwcy5wbGFjZXMudjEuUGxhY2VzLlNlYXJjaE5lYXJieRACGAQgAA,https://shaurmakebab.ee/et,5846 0030,+372 5846 0030,4.3,606,1,$,OPERATIONAL,turkish_restaurant,Turkish Restaurant,"turkish_restaurant,fast_food_restaurant,middle_eastern_restaurant,restaurant,food,point_of_interest,establishment","Monday: 10:30 AM – 10:30 PM
Tuesday: 10:30 AM – 10:30 PM
Wednesday: 10:30 AM – 10:30 PM
Thursday: 10:30 AM – 12:30 AM
Friday: 10:30 AM – 6:00 AM
Saturday: 10:30 AM – 6:00 AM
Sunday: 10:30 AM – 10:30 PM",1,,,,,,,,,,,,,,,180,9GF6CPRJ+63
ChIJr9hkhzeTkkYRitH8PV_GsOA,Shaurma Kebab Viru,"Viru väljak 6, 10153 Tallinn, Estonia","Viru väljak 6, Tallinn",6,Viru väljak,,Tallinn,Harju maakond,10153,Estonia,EE,59.436723699999995,24.757100299999998,https://maps.google.com/?cid=16190658772761104778&g_mp=Cilnb29nbGUubWFwcy5wbGFjZXMudjEuUGxhY2VzLlNlYXJjaE5lYXJieRACGAQgAA,https://shaurmakebab.ee/et,5821 8888,+372 5821 8888,4.3,339,1,$,OPERATIONAL,turkish_restaurant,Turkish Restaurant,"turkish_restaurant,fast_food_restaurant,middle_eastern_restaurant,restaurant,food,point_of_interest,establishment","Monday: 10:00 AM – 10:00 PM
Tuesday: 10:00 AM – 10:00 PM
Wednesday: 10:00 AM – 10:00 PM
Thursday: 10:00 AM – 10:00 PM
Friday: 10:00 AM – 10:00 PM
Saturday: 10:00 AM – 10:00 PM
Sunday: 10:00 AM – 10:00 PM",1,,,,,,,,,,,,,,,180,9GF6CQP4+MR
ChIJW74Q0COVkkYRiCmiTlJSo5s,Shaurma Kebab Õismäe,"Õismäe tee 1c, 13511 Tallinn, Estonia","Õismäe tee 1c, Tallinn",1c,Õismäe tee,,Tallinn,Harju maakond,13511,Estonia,EE,59.413139199999996,24.6543971,https://maps.google.com/?cid=11214898010542713224&g_mp=Cilnb29nbGUubWFwcy5wbGFjZXMudjEuUGxhY2VzLlNlYXJjaE5lYXJieRACGAQgAA,https://shaurmakebab.ee/et,5800 0808,+372 5800 0808,4.8,453,1,$,OPERATIONAL,turkish_restaurant,Turkish Restaurant,"turkish_restaurant,fast_food_restaurant,middle_eastern_restaurant,restaurant,food,point_of_interest,establishment","Monday: Open 24 hours
Tuesday: Open 24 hours
Wednesday: Open 24 hours
Thursday: Open 24 hours
Friday: Open 24 hours
Saturday: Open 24 hours
Sunday: Open 24 hours",1,,,,,,,,,,,,,,,180,9GF6CM73+7Q
ChIJ2XlChSOTkkYRDoBGMDm89ew,Shnelli Resto,"Toompuiestee 37-1, 10149 Tallinn, Estonia","Toompuiestee 37-1, Tallinn",37,Toompuiestee,,Tallinn,Harju maakond,10149,Estonia,EE,59.4394255,24.736308899999997,https://maps.google.com/?cid=17074760516054188046&g_mp=Cilnb29nbGUubWFwcy5wbGFjZXMudjEuUGxhY2VzLlNlYXJjaE5lYXJieRACGAQgAA,https://gohotels.ee/en/shnelli-resto/,5441 0030,+372 5441 0030,4.1,88,2,$$,OPERATIONAL,restaurant,Restaurant,"restaurant,catering_service,coffee_shop,cafe,food_delivery,food_store,store,food,point_of_interest,service,establishment","Monday: 7:00 AM – 10:00 PM
Tuesday: 7:00 AM – 10:00 PM
Wednesday: 7:00 AM – 10:00 PM
Thursday: 7:00 AM – 10:00 PM
Friday: 7:00 AM – 11:00 PM
Saturday: 7:00 AM – 11:00 PM
Sunday: 8:00 AM – 10:00 PM",1,,,,,,,,,,,,,,,180,9GF6CPQP+QG
ChIJsVOU20yTkkYRPBF6cTqEQdA,Siesta Tapas & Bar,"Rotermanni tn 2, 10111 Tallinn, Estonia","Rotermanni tn 2, Tallinn",2,Rotermanni tänav,,Tallinn,Harju maakond,10111,Estonia,EE,59.43861119999999,24.7581366,https://maps.google.com/?cid=15006420819921998140&g_mp=Cilnb29nbGUubWFwcy5wbGFjZXMudjEuUGxhY2VzLlNlYXJjaE5lYXJieRACGAQgAA,https://siestatallinn.ee/,5454 0181,+372 5454 0181,4.5,430,2,$$,OPERATIONAL,restaurant,Restaurant,"restaurant,food,point_of_interest,establishment","Monday: 4:00 PM – 12:00 AM
Tuesday: 4:00 PM – 12:00 AM
Wednesday: 4:00 PM – 12:00 AM
Thursday: 4:00 PM – 12:00 AM
Friday: 1:00 PM – 2:00 AM
Saturday: 1:00 PM – 2:00 AM
Sunday: 1:00 PM – 12:00 AM",0,,,,,,,,,,,,,,,180,9GF6CQQ5+C7
ChIJFya2Fk2TkkYRxnF77NpA3NI,Siga la Vaca,"Vabriku tn 6-1, 10414 Tallinn, Estonia","Vabriku tn 6-1, Tallinn",6,Vabriku tänav,,Tallinn,Harju maakond,10414,Estonia,EE,59.44244429999999,24.7332702,https://maps.google.com/?cid=15194090551855772102&g_mp=Cilnb29nbGUubWFwcy5wbGFjZXMudjEuUGxhY2VzLlNlYXJjaE5lYXJieRACGAQgAA,http://sigalavaca.ee/,5395 7512,+372 5395 7512,4.7,1166,2,$$,OPERATIONAL,restaurant,Restaurant,"restaurant,argentinian_restaurant,wine_bar,latin_american_restaurant,south_american_restaurant,bar,korean_restaurant,food,point_of_interest,establishment","Monday: 12:00 – 10:00 PM
Tuesday: 12:00 – 10:00 PM
Wednesday: 12:00 – 10:00 PM
Thursday: 12:00 – 10:00 PM
Friday: 12:00 – 10:00 PM
Saturday: 12:00 – 10:00 PM
Sunday: 12:00 – 9:00 PM",1,,,,,,,,,,,,,,,180,9GF6CPRM+X8
ChIJhVYFINCVkkYRiROYkCD8-wQ,SIIAM Tai söögikoht,"Juurdeveo tn 27, 11313 Tallinn, Estonia","Juurdeveo tn 27, Tallinn",27,Juurdeveo tänav,,Tallinn,Harju maakond,11313,Estonia,EE,59.413277400000005,24.745978899999997,https://maps.google.com/?cid=359157812101125001&g_mp=Cilnb29nbGUubWFwcy5wbGFjZXMudjEuUGxhY2VzLlNlYXJjaE5lYXJieRACGAQgAA,http://www.siiam.ee/,5670 0135,+372 5670 0135,4.8,307,1,$,OPERATIONAL,thai_restaurant,Thai Restaurant,"thai_restaurant,restaurant,food,point_of_interest,establishment","Monday: 11:00 AM – 7:00 PM
Tuesday: 11:00 AM – 7:00 PM
Wednesday: 11:00 AM – 7:00 PM
Thursday: 11:00 AM – 7:00 PM
Friday: 11:00 AM – 7:00 PM
Saturday: Closed
Sunday: Closed",1,,,,,,,,,,,,,,,180,9GF6CP7W+89
ChIJSc_796mTkkYRqYeDchS3iXc,Siilisahver lõunarestoran,"Maakri tn 19-3 korrus, 10145 Tallinn, Estonia","Maakri tn 19-3 korrus, Tallinn",19,Maakri tänav,,Tallinn,Harju maakond,10145,Estonia,EE,59.43331739999999,24.7601147,https://maps.google.com/?cid=8613617060771235753&g_mp=Cilnb29nbGUubWFwcy5wbGFjZXMudjEuUGxhY2VzLlNlYXJjaE5lYXJieRACGAQgAA,https://www.facebook.com/pages/category/Restaurant/SiiliSahver-2159253667645412/,5656 1799,+372 5656 1799,4.6,51,1,$,CLOSED_TEMPORARILY,restaurant,Restaurant,"restaurant,point_of_interest,food,establishment",,,,,,,,,,,,,,,,,180,9GF6CQM6+82
ChIJ8cG1PKqUkkYRoDYidfUqGYY,Sikupilli Pizzakiosk,"Tartu mnt 87, 10112 Tallinn, Estonia","Parking lot, Tartu mnt 87, Tallinn",87,Tartu maantee,,Tallinn,Harju maakond,10112,Estonia,EE,59.42634259999999,24.7834397,https://maps.google.com/?cid=9662801709220640416&g_mp=Cilnb29nbGUubWFwcy5wbGFjZXMudjEuUGxhY2VzLlNlYXJjaE5lYXJieRACGAQgAA,https://www.pizzakiosk.ee/,600 2009,+372 600 2009,3.8,60,2,$$,OPERATIONAL,meal_takeaway,Takeout Restaurant,"fast_food_restaurant,meal_takeaway,restaurant,food,point_of_interest,establishment","Monday: 10:00 AM – 9:00 PM
Tuesday: 10:00 AM – 9:00 PM
Wednesday: 10:00 AM – 9:00 PM
Thursday: 10:00 AM – 9:00 PM
Friday: 10:00 AM – 9:00 PM
Saturday: 10:00 AM – 9:00 PM
Sunday: 10:00 AM – 9:00 PM",1,,,,,,,,,,,,,,,180,9GF6CQGM+G9
ChIJR5ZaUr-UkkYRSUAlnn5OJTQ,Sileri Söök,"Peterburi tee 66, 13816 Tallinn, Estonia","Peterburi tee 66, Tallinn",66,Peterburi tee,,Tallinn,Harju maakond,13816,Estonia,EE,59.42961880000001,24.843177700000002,https://maps.google.com/?cid=3757495769836634185&g_mp=Cilnb29nbGUubWFwcy5wbGFjZXMudjEuUGxhY2VzLlNlYXJjaE5lYXJieRACGAQgAA,http://www.lounad.ee/,5669 9176,+372 5669 9176,4.5,78,1,$,OPERATIONAL,restaurant,Restaurant,"restaurant,food,point_of_interest,establishment","Monday: 10:00 AM – 3:00 PM
Tuesday: 10:00 AM – 3:00 PM
Wednesday: 10:00 AM – 3:00 PM
Thursday: 10:00 AM – 3:00 PM
Friday: 10:00 AM – 3:00 PM
Saturday: Closed
Sunday: Closed",1,,,,,,,,,,,,,,,180,9GF6CRHV+R7
ChIJ8SbExeSVkkYR9PjHzMpyPPo,Simple Resto,"Tartu mnt 83-103, 10115 Tallinn, Estonia","Tartu mnt 83-103, Tallinn",83,Tartu maantee,,Tallinn,Harju maakond,10115,Estonia,EE,59.4275354,24.7788778,https://maps.google.com/?cid=18031413223429241076&g_mp=Cilnb29nbGUubWFwcy5wbGFjZXMudjEuUGxhY2VzLlNlYXJjaE5lYXJieRACGAQgAA,https://simpleresto.ee/,5660 4744,+372 5660 4744,4.1,35,1,$,OPERATIONAL,restaurant,Restaurant,"restaurant,food,point_of_interest,establishment","Monday: 8:00 AM – 4:00 PM
Tuesday: 8:00 AM – 4:00 PM
Wednesday: 8:00 AM – 4:00 PM
Thursday: 8:00 AM – 4:00 PM
Friday: 8:00 AM – 4:00 PM
Saturday: Closed
Sunday: Closed",1,,,,,,,,,,,,,,,180,9GF6CQHH+2H
ChIJxTDQSACVkkYRTkwc7xbYaPw,Smash Head Burger Solaris,"Estonia pst 9, 10143 Tallinn, Estonia","Estonia pst 9, Tallinn",9,Estonia puiestee,,Tallinn,Harju maakond,10143,Estonia,EE,59.4336796,24.7509417,https://maps.google.com/?cid=18188024688148237390&g_mp=Cilnb29nbGUubWFwcy5wbGFjZXMudjEuUGxhY2VzLlNlYXJjaE5lYXJieRACGAQgAA,,,,4.3,30,1,$,OPERATIONAL,hamburger_restaurant,Hamburger Restaurant,"hamburger_restaurant,american_restaurant,restaurant,food,point_of_interest,establishment","Monday: 11:00 AM – 9:00 PM
Tuesday: 11:00 AM – 9:00 PM
Wednesday: 11:00 AM – 9:00 PM
Thursday: 11:00 AM – 9:00 PM
Friday: 11:00 AM – 9:00 PM
Saturday: 11:00 AM – 9:00 PM
Sunday: 11:00 AM – 6:00 PM",1,,,,,,,,,,,,,,,180,9GF6CQM2+F9
ChIJIfikytTskkYRePdIMBkIma0,Snack Point,"Rummu tee 3, 11911 Tallinn, Estonia","Parking lot, Rummu tee 3, Tallinn",3,Rummu tee,,Tallinn,Harju maakond,11911,Estonia,EE,59.462818299999995,24.829685899999998,https://maps.google.com/?cid=12509038344275556216&g_mp=Cilnb29nbGUubWFwcy5wbGFjZXMudjEuUGxhY2VzLlNlYXJjaE5lYXJieRACGAQgAA,,552 7627,+372 552 7627,4.2,354,1,$,OPERATIONAL,fast_food_restaurant,Fast Food Restaurant,"fast_food_restaurant,restaurant,food,point_of_interest,establishment","Monday: 10:00 AM – 9:00 PM
Tuesday: 10:00 AM – 9:00 PM
Wednesday: 10:00 AM – 9:00 PM
Thursday: 10:00 AM – 9:00 PM
Friday: 10:00 AM – 9:00 PM
Saturday: 10:00 AM – 9:00 PM
Sunday: 10:00 AM – 9:00 PM",1,,,,,,,,,,,,,,,180,9GF6FR7H+4V
ChIJyYVwSx-VkkYRtc2O2eJgEKk,SNOOB RESTO,"Pärnu mnt. 209a, 11624 Tallinn, Estonia","Pärnu mnt. 209a, Tallinn",209a,Pärnu maantee,,Tallinn,Harju maakond,11624,Estonia,EE,59.3886975,24.705734399999997,https://maps.google.com/?cid=12182343519466081717&g_mp=Cilnb29nbGUubWFwcy5wbGFjZXMudjEuUGxhY2VzLlNlYXJjaE5lYXJieRACGAQgAA,https://www.snoobresto.ee/,677 2000,+372 677 2000,4.7,951,2,$$,OPERATIONAL,restaurant,Restaurant,"restaurant,food,point_of_interest,establishment","Monday: 12:00 – 10:00 PM
Tuesday: 12:00 – 10:00 PM
Wednesday: 12:00 – 10:00 PM
Thursday: 12:00 – 10:00 PM
Friday: 12:00 – 11:00 PM
Saturday: 12:00 – 11:00 PM
Sunday: 12:00 – 9:00 PM",0,,,,,,,,,,,,,,,180,9GF69PQ4+F7
ChIJ06VElcqVkkYR9W6a3ZqbBO8,SODITA,"Telliskivi tn 51a, 10611 Tallinn, Estonia","Telliskivi tn 51a, Tallinn",51a,Telliskivi tänav,,Tallinn,Harju maakond,10611,Estonia,EE,59.43911490000001,24.7264353,https://maps.google.com/?cid=17223061964416773877&g_mp=Cilnb29nbGUubWFwcy5wbGFjZXMudjEuUGxhY2VzLlNlYXJjaE5lYXJieRACGAQgAA,https://sodita.ee/,5192 9907,+372 5192 9907,4.0,144,3,$$$,OPERATIONAL,restaurant,Restaurant,"restaurant,food,point_of_interest,establishment","Monday: 5:00 PM – 12:00 AM
Tuesday: 5:00 PM – 12:00 AM
Wednesday: 5:00 PM – 12:00 AM
Thursday: 5:00 PM – 12:00 AM
Friday: 5:00 PM – 2:00 AM
Saturday: 5:00 PM – 2:00 AM
Sunday: Closed",0,,,,,,,,,,,,,,,180,9GF6CPQG+JH
ChIJaX2uJoOTkkYRqYfMzQtMHCM,Soloha Juures,"Parking lot, Kopli tn 1-10149, 10149 Tallinn, Estonia","Parking lot, Kopli tn 1-10149, Tallinn",1,Kopli tänav,,Tallinn,Harju maakond,10149,Estonia,EE,59.44116019999999,24.736286399999997,https://maps.google.com/?cid=2529980704256460713&g_mp=Cilnb29nbGUubWFwcy5wbGFjZXMudjEuUGxhY2VzLlNlYXJjaE5lYXJieRACGAQgAA,,,,4.4,82,1,$,OPERATIONAL,ukrainian_restaurant,Ukrainian Restaurant,"ukrainian_restaurant,eastern_european_restaurant,european_restaurant,restaurant,food,point_of_interest,establishment","Monday: 9:00 AM – 7:00 PM
Tuesday: 9:00 AM – 7:00 PM
Wednesday: 9:00 AM – 7:00 PM
Thursday: 9:00 AM – 7:00 PM
Friday: 9:00 AM – 7:00 PM
Saturday: 9:00 AM – 7:00 PM
Sunday: 9:00 AM – 5:00 PM",1,,,,,,,,,,,,,,,180,9GF6CPRP+FG
ChIJeWFVwX2TkkYRp0qYCs5nMrc,Spice Wagon,"Telliskivi tn 62, 10412 Tallinn, Estonia","Telliskivi tn 62, Tallinn",62,Telliskivi tänav,,Tallinn,Harju maakond,10412,Estonia,EE,59.4405284,24.7305915,https://maps.google.com/?cid=13200727592415021735&g_mp=Cilnb29nbGUubWFwcy5wbGFjZXMudjEuUGxhY2VzLlNlYXJjaE5lYXJieRACGAQgAA,https://www.facebook.com/indiarestoran/,565 5001,+372 565 5001,4.4,135,2,$$,CLOSED_TEMPORARILY,indian_restaurant,Indian Restaurant,"indian_restaurant,restaurant,food,point_of_interest,establishment",,,,,,,,,,,,,,,,,180,9GF6CPRJ+66
ChIJD-PWI_yVkkYR00JsVbGaPjQ,Spice&Grill,"Mustamäe tee 39, 10619 Tallinn, Estonia","Mustamäe tee 39, Tallinn",39,Mustamäe tee,,Tallinn,Harju maakond,10619,Estonia,EE,59.422742799999995,24.6993087,https://maps.google.com/?cid=3764616424961360595&g_mp=Cilnb29nbGUubWFwcy5wbGFjZXMudjEuUGxhY2VzLlNlYXJjaE5lYXJieRACGAQgAA,,5665 1819,+372 5665 1819,3.1,92,2,$$,OPERATIONAL,restaurant,Restaurant,"restaurant,food,point_of_interest,establishment","Monday: 11:00 AM – 11:00 PM
Tuesday: 11:00 AM – 11:00 PM
Wednesday: 11:00 AM – 11:00 PM
Thursday: 11:00 AM – 11:00 PM
Friday: 11:00 AM – 11:00 PM
Saturday: 11:00 AM – 11:00 PM
Sunday: 11:00 AM – 11:00 PM",1,,,,,,,,,,,,,,,180,9GF6CMFX+3P
ChIJ25m_nSqTkkYReJKZiSjombA,St. Patrick's Birgitta Supluse pst,"Supluse pst 1, 11911 Tallinn, Estonia","Supluse pst 1, Tallinn",1,Supluse pst,,Tallinn,Harju maakond,11911,Estonia,EE,59.47192559999999,24.831569899999998,https://maps.google.com/?cid=12725457482916926072&g_mp=Cilnb29nbGUubWFwcy5wbGFjZXMudjEuUGxhY2VzLlNlYXJjaE5lYXJieRACGAQgAA,http://patricks.ee/,699 8077,+372 699 8077,4.2,2292,2,$$,OPERATIONAL,restaurant,Restaurant,"restaurant,food,point_of_interest,establishment","Monday: 11:00 AM – 11:00 PM
Tuesday: 11:00 AM – 11:00 PM
Wednesday: 11:00 AM – 11:00 PM
Thursday: 11:00 AM – 11:00 PM
Friday: 11:00 AM – 12:00 AM
Saturday: 11:00 AM – 12:00 AM
Sunday: 11:00 AM – 11:00 PM",1,,,,,,,,,,,,,,,180,9GF6FRCJ+QJ
ChIJQxu-pGCTkkYRTTFq-6jVJoc,"St. Patrick's, Foorum","Narva mnt 5, 10117 Tallinn, Estonia","Narva mnt 5, Tallinn",5,Narva maantee,,Tallinn,Harju maakond,10117,Estonia,EE,59.437470999999995,24.758571,https://maps.google.com/?cid=9738706165984538957&g_mp=Cilnb29nbGUubWFwcy5wbGFjZXMudjEuUGxhY2VzLlNlYXJjaE5lYXJieRACGAQgAA,http://www.patricks.ee/,664 0443,+372 664 0443,4.2,2028,2,$$,OPERATIONAL,restaurant,Restaurant,"restaurant,bar_and_grill,pub,bar,food,point_of_interest,establishment","Monday: 10:00 AM – 11:30 PM
Tuesday: 10:00 AM – 11:30 PM
Wednesday: 10:00 AM – 11:30 PM
Thursday: 10:00 AM – 11:30 PM
Friday: 10:00 AM – 2:00 AM
Saturday: 10:00 AM – 2:00 AM
Sunday: 10:00 AM – 11:30 PM",1,,,,,,,,,,,,,,,180,9GF6CQP5+XC
ChIJUcSI25KUkkYRaBO4V1mQAks,Staap,"Nõmme tee 34, 13425 Tallinn, Estonia","Nõmme tee 34, Tallinn",34,Nõmme tee,,Tallinn,Harju maakond,13425,Estonia,EE,59.417494,24.720439100000004,https://maps.google.com/?cid=5405041216196186984&g_mp=Cilnb29nbGUubWFwcy5wbGFjZXMudjEuUGxhY2VzLlNlYXJjaE5lYXJieRACGAQgAA,http://www.staabiburger.ee/,655 2516,+372 655 2516,4.2,1651,1,$,OPERATIONAL,fast_food_restaurant,Fast Food Restaurant,"fast_food_restaurant,restaurant,food,point_of_interest,establishment","Monday: Open 24 hours
Tuesday: Open 24 hours
Wednesday: Open 24 hours
Thursday: Open 24 hours
Friday: Open 24 hours
Saturday: Open 24 hours
Sunday: Open 24 hours",1,,,,,,,,,,,,,,,180,9GF6CP8C+X5
ChIJ64f9FqyTkkYRNgkhJDa7xYE,Stalker,"Rotermanni tn 6, 10111 Tallinn, Estonia","Rotermanni tn 6, Tallinn",6,Rotermanni tänav,,Tallinn,Harju maakond,10111,Estonia,EE,59.43870989999999,24.757980200000002,https://maps.google.com/?cid=9351086042513475894&g_mp=Cilnb29nbGUubWFwcy5wbGFjZXMudjEuUGxhY2VzLlNlYXJjaE5lYXJieRACGAQgAA,http://jalitaja.ee/,677 7778,+372 677 7778,4.0,555,2,$$,OPERATIONAL,restaurant,Restaurant,"restaurant,food,point_of_interest,establishment","Monday: 12:00 – 10:00 PM
Tuesday: 12:00 – 11:00 PM
Wednesday: 12:00 – 11:00 PM
Thursday: 12:00 – 11:00 PM
Friday: 12:00 PM – 3:00 AM
Saturday: 12:00 PM – 3:00 AM
Sunday: 12:00 – 10:00 PM",1,,,,,,,,,,,,,,,180,9GF6CQQ5+F5
ChIJO2hGRACVkkYR02pIo3IuUI0,STEFF GRILL,"Telliskivi tn 1, 10611 Tallinn, Estonia","Telliskivi tn 1, Tallinn",1,Telliskivi tänav,,Tallinn,Harju maakond,10611,Estonia,EE,59.433715500000005,24.7177116,https://maps.google.com/?cid=10182689827385273043&g_mp=Cilnb29nbGUubWFwcy5wbGFjZXMudjEuUGxhY2VzLlNlYXJjaE5lYXJieRACGAQgAA,https://steffgrill.ee/,5867 0013,+372 5867 0013,4.6,357,2,$$,OPERATIONAL,eastern_european_restaurant,Eastern European Restaurant,"eastern_european_restaurant,european_restaurant,restaurant,food,point_of_interest,establishment","Monday: Closed
Tuesday: 12:00 – 9:00 PM
Wednesday: 12:00 – 9:00 PM
Thursday: 12:00 – 9:00 PM
Friday: 12:00 – 10:00 PM
Saturday: 12:00 – 10:00 PM
Sunday: 12:00 – 8:00 PM",1,,,,,,,,,,,,,,,180,9GF6CPM9+F3
ChIJ_SaBzWOTkkYRPHbBO1bPjE4,Stenhus restaurant,"Pühavaimu tn 13-15, 10123 Tallinn, Estonia","Pühavaimu tn 13-15, Tallinn",13,Pühavaimu tänav,,Tallinn,Harju maakond,10123,Estonia,EE,59.43865199999999,24.7476882,https://maps.google.com/?cid=5660126800974542396&g_mp=Cilnb29nbGUubWFwcy5wbGFjZXMudjEuUGxhY2VzLlNlYXJjaE5lYXJieRACGAQgAA,https://stenhusrestaurant.ee/en/,699 7780,+372 699 7780,4.6,345,4,$$$$,OPERATIONAL,restaurant,Restaurant,"restaurant,food,point_of_interest,establishment","Monday: 12:00 – 10:30 PM
Tuesday: 12:00 – 10:30 PM
Wednesday: 12:00 – 10:30 PM
Thursday: 12:00 – 10:30 PM
Friday: 12:00 – 10:30 PM
Saturday: 12:00 – 10:30 PM
Sunday: 12:00 – 10:30 PM",1,,,,,,,,,,,,,,,180,9GF6CPQX+F3
ChIJ0SLd6FDrkkYRDHiXBNXnuXM,Subway,"Tartu Mtn 101, Gate 7, 10112 Tallinn, Estonia","Tartu Mtn 101, Gate 7, Tallinn",7,Gate,,Tallinn,Harju maakond,10112,Estonia,EE,59.4163479,24.801324599999997,https://maps.google.com/?cid=8338951087144269836&g_mp=Cilnb29nbGUubWFwcy5wbGFjZXMudjEuUGxhY2VzLlNlYXJjaE5lYXJieRACGAQgAA,https://restaurants.subway.com/et/eesti/tallinn/tartu-mtn-101?utm_source=yxt-goog&utm_medium=local&utm_term=acq&utm_content=59862&utm_campaign=evergreen-2020&y_source=1_MTQ5MjM5NDYtNzE1LWxvY2F0aW9uLndlYnNpdGU%3D,5304 5945,+372 5304 5945,3.7,260,2,$$,OPERATIONAL,sandwich_shop,Sandwich Shop,"sandwich_shop,fast_food_restaurant,meal_takeaway,restaurant,food,point_of_interest,establishment","Monday: 6:00 AM – 8:00 PM
Tuesday: 6:00 AM – 8:00 PM
Wednesday: 6:00 AM – 8:00 PM
Thursday: 6:00 AM – 8:00 PM
Friday: 6:00 AM – 9:00 PM
Saturday: 6:00 AM – 9:00 PM
Sunday: 6:00 AM – 9:00 PM",1,,,,,,,,,,,,,,,180,9GF6CR82+GG
ChIJCX243uyUkkYRR0ZvwOUbwJ4,Suliko Restaurant,"Nõmme tee 51, 11311 Tallinn, Estonia","Nõmme tee 51, Tallinn",51,Nõmme tee,,Tallinn,Harju maakond,11311,Estonia,EE,59.415196200000004,24.7190592,https://maps.google.com/?cid=11439173727111038535&g_mp=Cilnb29nbGUubWFwcy5wbGFjZXMudjEuUGxhY2VzLlNlYXJjaE5lYXJieRACGAQgAA,http://suliko.ee/,655 7368,+372 655 7368,4.4,1367,2,$$,OPERATIONAL,eastern_european_restaurant,Eastern European Restaurant,"eastern_european_restaurant,european_restaurant,restaurant,food,point_of_interest,establishment","Monday: 11:00 AM – 10:30 PM
Tuesday: 11:00 AM – 10:30 PM
Wednesday: 11:00 AM – 10:30 PM
Thursday: 11:00 AM – 10:30 PM
Friday: 11:00 AM – 10:30 PM
Saturday: 11:00 AM – 10:30 PM
Sunday: 11:00 AM – 10:00 PM",1,,,,,,,,,,,,,,,180,9GF6CP89+3J
ChIJySTfunaVkkYRDzJanq29Ib4,Sushi 7 Sõpruse,"Sõpruse pst 209, 13419 Tallinn, Estonia","Sõpruse pst 209, Tallinn",209,Sõpruse puiestee,,Tallinn,Harju maakond,13419,Estonia,EE,59.400236400000004,24.694596000000004,https://maps.google.com/?cid=13700440094821462543&g_mp=Cilnb29nbGUubWFwcy5wbGFjZXMudjEuUGxhY2VzLlNlYXJjaE5lYXJieRACGAQgAA,https://sushi7.ee/,5677 7720,+372 5677 7720,4.6,463,2,$$,OPERATIONAL,sushi_restaurant,Sushi Restaurant,"sushi_restaurant,japanese_restaurant,restaurant,food,point_of_interest,establishment","Monday: 12:00 – 10:00 PM
Tuesday: 12:00 – 10:00 PM
Wednesday: 12:00 – 10:00 PM
Thursday: 12:00 – 10:00 PM
Friday: 12:00 – 10:00 PM
Saturday: 12:00 – 10:00 PM
Sunday: 12:00 – 10:00 PM",0,,,,,,,,,,,,,,,180,9GF6CM2V+3R
ChIJG_PwQqyVkkYR4XTxjevrYzA,Sushi 7 Telliskivi,"Telliskivi tn 2, 10611 Tallinn, Estonia","Telliskivi tn 2, Tallinn",2,Telliskivi tänav,,Tallinn,Harju maakond,10611,Estonia,EE,59.4333305,24.718229299999997,https://maps.google.com/?cid=3486889933446149345&g_mp=Cilnb29nbGUubWFwcy5wbGFjZXMudjEuUGxhY2VzLlNlYXJjaE5lYXJieRACGAQgAA,https://sushi7.ee/,,,4.7,48,1,$,OPERATIONAL,asian_restaurant,Asian Restaurant,"asian_restaurant,restaurant,food,point_of_interest,establishment","Monday: 12:00 – 10:00 PM
Tuesday: 12:00 – 10:00 PM
Wednesday: 12:00 – 10:00 PM
Thursday: 12:00 – 10:00 PM
Friday: 12:00 – 10:00 PM
Saturday: 12:00 – 10:00 PM
Sunday: 12:00 – 10:00 PM",1,,,,,,,,,,,,,,,180,9GF6CPM9+87
ChIJH0yoX7SVkkYR8U7DFn-4DmI,Sushi Guru Kristiine,"Tulika tn 19, 10613 Tallinn, Estonia","Tulika tn 19, Tallinn",19,Tulika tänav,,Tallinn,Harju maakond,10613,Estonia,EE,59.429087599999995,24.720119699999998,https://maps.google.com/?cid=7065787721373142769&g_mp=Cilnb29nbGUubWFwcy5wbGFjZXMudjEuUGxhY2VzLlNlYXJjaE5lYXJieRACGAQgAA,http://www.sushiguru.ee/,5880 0038,+372 5880 0038,4.8,172,,,CLOSED_TEMPORARILY,meal_delivery,Delivery Restaurant,"meal_delivery,food_delivery,restaurant,food,point_of_interest,establishment",,,,,,,,,,,,,,,,,180,9GF6CPHC+J2
ChIJ_ygXIFCVkkYREXTKvJ7_tdE,Sushi Guru Mustamäe (Vilde tee 101b),"E. Vilde tee 101b, 12911 Tallinn, Estonia","Parking lot, E. Vilde tee 101b, Tallinn",101b,Eduard Vilde tee,,Tallinn,Harju maakond,12911,Estonia,EE,59.404563200000005,24.6765012,https://maps.google.com/?cid=15111265181948867601&g_mp=Cilnb29nbGUubWFwcy5wbGFjZXMudjEuUGxhY2VzLlNlYXJjaE5lYXJieRACGAQgAA,https://www.sushiguru.ee/,5880 0060,+372 5880 0060,4.7,231,,,OPERATIONAL,meal_delivery,Delivery Restaurant,"meal_delivery,food_delivery,meal_takeaway,restaurant,food,point_of_interest,establishment","Monday: 11:00 AM – 10:00 PM
Tuesday: 11:00 AM – 10:00 PM
Wednesday: 11:00 AM – 10:00 PM
Thursday: 11:00 AM – 10:00 PM
Friday: 11:00 AM – 11:00 PM
Saturday: 11:00 AM – 11:00 PM
Sunday: 11:00 AM – 10:00 PM",1,,,,,,,,,,,,,,,180,9GF6CM3G+RJ
ChIJpbBmdg-VkkYRrxvpmy0Am8w,Sushi House Kristiine,"Endla tn 53, 10615 Tallinn, Estonia","Endla tn 53, Tallinn",53,Endla tänav,,Tallinn,Harju maakond,10615,Estonia,EE,59.427488499999995,24.715695699999998,https://maps.google.com/?cid=14743378001016724399&g_mp=Cilnb29nbGUubWFwcy5wbGFjZXMudjEuUGxhY2VzLlNlYXJjaE5lYXJieRACGAQgAA,http://sushihouse.ee/,5831 1412,+372 5831 1412,3.9,96,2,$$,OPERATIONAL,meal_takeaway,Takeout Restaurant,"meal_takeaway,restaurant,food,point_of_interest,establishment","Monday: 10:30 AM – 9:30 PM
Tuesday: 10:30 AM – 9:30 PM
Wednesday: 10:30 AM – 9:30 PM
Thursday: 10:30 AM – 9:30 PM
Friday: 10:30 AM – 9:30 PM
Saturday: 10:30 AM – 9:30 PM
Sunday: 10:30 AM – 9:31 PM",1,,,,,,,,,,,,,,,180,9GF6CPG8+X7
ChIJz_WsmV-TkkYRyfVcXX0p_vg,Sushi Panda Kesklinn,"Rävala pst 2, 10145 Tallinn, Estonia","Rävala pst 2, Tallinn",2,Rävala puiestee,,Tallinn,Harju maakond,10145,Estonia,EE,59.434078199999995,24.759144,https://maps.google.com/?cid=17941823583904658889&g_mp=Cilnb29nbGUubWFwcy5wbGFjZXMudjEuUGxhY2VzLlNlYXJjaE5lYXJieRACGAQgAA,http://www.sushipanda.ee/,5596 9996,+372 5596 9996,4.0,1185,2,$$,OPERATIONAL,sushi_restaurant,Sushi Restaurant,"sushi_restaurant,meal_delivery,food_delivery,bar,japanese_restaurant,restaurant,point_of_interest,food,establishment","Monday: 11:00 AM – 1:00 AM
Tuesday: 11:00 AM – 1:00 AM
Wednesday: 11:00 AM – 1:00 AM
Thursday: 11:00 AM – 1:00 AM
Friday: 11:00 AM – 6:00 AM
Saturday: 11:00 AM – 6:00 AM
Sunday: 11:00 AM – 1:00 AM",1,,,,,,,,,,,,,,,180,9GF6CQM5+JM
ChIJwS5mIcyTkkYR0BdZD5ILZmo,Sushi Plaza IZAKAYA (Kalamaja),"Vana-Kalamaja tn 10, 10412 Tallinn, Estonia","Vana-Kalamaja tn 10, Tallinn",10,Vana-Kalamaja tänav,,Tallinn,Harju maakond,10412,Estonia,EE,59.442387499999995,24.738550200000002,https://maps.google.com/?cid=7666828137595475920&g_mp=Cilnb29nbGUubWFwcy5wbGFjZXMudjEuUGxhY2VzLlNlYXJjaE5lYXJieRACGAQgAA,http://www.izakaya.ee/,5300 8362,+372 5300 8362,4.5,254,2,$$,OPERATIONAL,japanese_izakaya_restaurant,Izakaya Restaurant,"japanese_izakaya_restaurant,japanese_restaurant,restaurant,food,point_of_interest,establishment","Monday: 11:00 AM – 10:00 PM
Tuesday: 11:00 AM – 10:00 PM
Wednesday: 11:00 AM – 10:00 PM
Thursday: 11:00 AM – 10:00 PM
Friday: 11:00 AM – 11:00 PM
Saturday: 12:00 – 11:00 PM
Sunday: 12:00 – 10:00 PM",1,,,,,,,,,,,,,,,180,9GF6CPRQ+XC
ChIJneR4QF6TkkYR_Fo8FoLEB1A,Sushi Plaza SUSHI & SASHIMI (Maakri),"Maakri tn 23a, 10145 Tallinn, Estonia","Maakri tn 23a, Tallinn",23a,Maakri tänav,,Tallinn,Harju maakond,10145,Estonia,EE,59.432436599999996,24.760251999999998,https://maps.google.com/?cid=5766793910869056252&g_mp=Cilnb29nbGUubWFwcy5wbGFjZXMudjEuUGxhY2VzLlNlYXJjaE5lYXJieRACGAQgAA,http://www.sushiplaza.ee/,5333 2699,+372 5333 2699,4.4,1413,2,$$,OPERATIONAL,sushi_restaurant,Sushi Restaurant,"sushi_restaurant,japanese_restaurant,restaurant,food,point_of_interest,establishment","Monday: 11:00 AM – 10:00 PM
Tuesday: 11:00 AM – 10:00 PM
Wednesday: 11:00 AM – 10:00 PM
Thursday: 11:00 AM – 11:00 PM
Friday: 11:00 AM – 11:00 PM
Saturday: 11:00 AM – 11:00 PM
Sunday: 11:00 AM – 10:00 PM",1,,,,,,,,,,,,,,,180,9GF6CQJ6+X4
ChIJbc8eX4OUkkYRcNxl7PfbyMw,Sushi Set,"Koidu tn 11, 10137 Tallinn, Estonia","Koidu tn 11, Tallinn",11,Koidu tänav,,Tallinn,Harju maakond,10137,Estonia,EE,59.43302099999999,24.729608,https://maps.google.com/?cid=14756286036948933744&g_mp=Cilnb29nbGUubWFwcy5wbGFjZXMudjEuUGxhY2VzLlNlYXJjaE5lYXJieRACGAQgAA,https://www.sushiset.ee/,5889 4887,+372 5889 4887,4.1,219,2,$$,OPERATIONAL,sushi_restaurant,Sushi Restaurant,"sushi_restaurant,japanese_restaurant,restaurant,food,point_of_interest,establishment","Monday: 12:00 – 10:00 PM
Tuesday: 12:00 – 10:00 PM
Wednesday: 12:00 – 10:00 PM
Thursday: 12:00 – 10:00 PM
Friday: 12:00 – 10:00 PM
Saturday: 12:00 – 10:00 PM
Sunday: 12:00 – 10:00 PM",1,,,,,,,,,,,,,,,180,9GF6CPMH+6R
ChIJk0-oO9SSkkYRMiRR6Ym12WU,Sushi Velvet,"Supluse pst 1, 11911 Tallinn, Estonia","Supluse pst 1, Tallinn",1,Supluse pst,,Tallinn,Harju maakond,11911,Estonia,EE,59.47192559999999,24.831569899999998,https://maps.google.com/?cid=7339096671706489906&g_mp=Cilnb29nbGUubWFwcy5wbGFjZXMudjEuUGxhY2VzLlNlYXJjaE5lYXJieRACGAQgAA,http://sushivelvet.ee/,5334 0200,+372 5334 0200,3.3,41,3,$$$,OPERATIONAL,sushi_restaurant,Sushi Restaurant,"sushi_restaurant,japanese_restaurant,restaurant,food,point_of_interest,establishment","Monday: 11:00 AM – 10:30 PM
Tuesday: 11:00 AM – 10:30 PM
Wednesday: 11:00 AM – 10:30 PM
Thursday: 11:00 AM – 11:30 PM
Friday: 11:00 AM – 11:30 PM
Saturday: 11:00 AM – 11:30 PM
Sunday: 11:00 AM – 10:30 PM",1,,,,,,,,,,,,,,,180,9GF6FRCJ+QJ
ChIJ4TI9wwGTkkYR2bhJBu6JvY4,Sushi Vibes Central Station,"Toompuiestee 37, 10149 Tallinn, Estonia","Toompuiestee 37, Tallinn",37,Toompuiestee,,Tallinn,Harju maakond,10149,Estonia,EE,59.4398658,24.7366097,https://maps.google.com/?cid=10285528779384797401&g_mp=Cilnb29nbGUubWFwcy5wbGFjZXMudjEuUGxhY2VzLlNlYXJjaE5lYXJieRACGAQgAA,https://sushivibes.ee/,5887 4066,+372 5887 4066,4.5,69,2,$$,OPERATIONAL,sushi_restaurant,Sushi Restaurant,"sushi_restaurant,japanese_restaurant,meal_takeaway,restaurant,food,point_of_interest,establishment","Monday: 10:00 AM – 9:00 PM
Tuesday: 10:00 AM – 9:00 PM
Wednesday: 10:00 AM – 9:00 PM
Thursday: 10:00 AM – 9:00 PM
Friday: 10:00 AM – 10:00 PM
Saturday: 11:00 AM – 10:00 PM
Sunday: 11:00 AM – 10:00 PM",1,,,,,,,,,,,,,,,180,9GF6CPQP+WJ
ChIJX6FObNiVkkYRud3Qu7afUns,Sushi Vibes Kadaka,"Kadaka tee 7, 12915 Tallinn, Estonia","Kadaka tee 7, Tallinn",7,Kadaka tee,,Tallinn,Harju maakond,12915,Estonia,EE,59.41573700000001,24.6781413,https://maps.google.com/?cid=8886340621939301817&g_mp=Cilnb29nbGUubWFwcy5wbGFjZXMudjEuUGxhY2VzLlNlYXJjaE5lYXJieRACGAQgAA,https://sushivibes.ee/,518 0852,+372 518 0852,3.6,29,2,$$,OPERATIONAL,meal_takeaway,Takeout Restaurant,"meal_takeaway,restaurant,food,point_of_interest,establishment","Monday: 10:00 AM – 9:00 PM
Tuesday: 10:00 AM – 9:00 PM
Wednesday: 10:00 AM – 9:00 PM
Thursday: 10:00 AM – 9:00 PM
Friday: 10:00 AM – 10:00 PM
Saturday: 11:00 AM – 10:00 PM
Sunday: 11:00 AM – 10:00 PM",1,,,,,,,,,,,,,,,180,9GF6CM8H+77
ChIJJfKpwsqTkkYRGo0sLK9k3Ds,Sushi24h,"Gonsiori tn 2, 10140 Tallinn, Estonia","Gonsiori tn 2, Tallinn",2,Gonsiori tänav,,Tallinn,Harju maakond,10140,Estonia,EE,59.434990299999996,24.756200699999997,https://maps.google.com/?cid=4313433246637264154&g_mp=Cilnb29nbGUubWFwcy5wbGFjZXMudjEuUGxhY2VzLlNlYXJjaE5lYXJieRACGAQgAA,http://www.sushi24h.ee/,5885 7772,+372 5885 7772,4.4,157,2,$$,OPERATIONAL,sushi_restaurant,Sushi Restaurant,"sushi_restaurant,cafe,european_restaurant,japanese_restaurant,restaurant,point_of_interest,food,establishment","Monday: 3:00 PM – 3:00 AM
Tuesday: 3:00 PM – 3:00 AM
Wednesday: 6:00 PM – 6:00 AM
Thursday: 6:00 PM – 6:00 AM
Friday: 12:00 PM – 6:00 AM
Saturday: 12:00 PM – 6:00 AM
Sunday: 12:00 PM – 3:00 AM",0,,,,,,,,,,,,,,,180,9GF6CQM4+XF
ChIJbWKUfISTkkYRiND09NSVAoI,SushiArt,"Erika tn 14, 10416 Tallinn, Estonia","Erika tn 14, Tallinn",14,Erika tänav,,Tallinn,Harju maakond,10416,Estonia,EE,59.451462199999995,24.7185827,https://maps.google.com/?cid=9368214916759343240&g_mp=Cilnb29nbGUubWFwcy5wbGFjZXMudjEuUGxhY2VzLlNlYXJjaE5lYXJieRACGAQgAA,http://sushiart.ee/,5322 6060,+372 5322 6060,4.6,225,2,$$,OPERATIONAL,sushi_restaurant,Sushi Restaurant,"sushi_restaurant,japanese_restaurant,restaurant,food,point_of_interest,establishment","Monday: 11:00 AM – 9:00 PM
Tuesday: 11:00 AM – 9:00 PM
Wednesday: 11:00 AM – 9:00 PM
Thursday: 11:00 AM – 9:00 PM
Friday: 11:00 AM – 9:00 PM
Saturday: 11:00 AM – 9:00 PM
Sunday: 11:00 AM – 9:00 PM",1,,,,,,,,,,,,,,,180,9GF6FP29+HC
ChIJJc1jRZOVkkYRylFZprhEWfQ,Sushiro Kesklinn,"Viru 13-15, 10111 Tallinn, Estonia","Viru 13-15, Tallinn",13,Viru,,Tallinn,Harju maakond,10111,Estonia,EE,59.43678299999999,24.749205999999997,https://maps.google.com/?cid=17607179778037207498&g_mp=Cilnb29nbGUubWFwcy5wbGFjZXMudjEuUGxhY2VzLlNlYXJjaE5lYXJieRACGAQgAA,https://wolt.com/et/est/tallinn/restaurant/sushiro-vanalinn,5629 3777,+372 5629 3777,3.9,49,1,$,OPERATIONAL,japanese_restaurant,Japanese Restaurant,"japanese_restaurant,restaurant,food,point_of_interest,establishment","Monday: 12:00 PM – 12:00 AM
Tuesday: 12:00 PM – 12:00 AM
Wednesday: 12:00 PM – 12:00 AM
Thursday: 12:00 PM – 12:00 AM
Friday: 12:00 PM – 12:00 AM
Saturday: 12:00 PM – 12:00 AM
Sunday: 12:00 PM – 12:00 AM",1,,,,,,,,,,,,,,,180,9GF6CPPX+PM
ChIJSYiKQmaTkkYRYLEiyt1yKv4,Suveterrass,"Kai tn 5, 10111 Tallinn, Estonia","Kai tn 5, Tallinn",5,Kai tänav,,Tallinn,Harju maakond,10111,Estonia,EE,59.443602299999995,24.7573394,https://maps.google.com/?cid=18314577131560153440&g_mp=Cilnb29nbGUubWFwcy5wbGFjZXMudjEuUGxhY2VzLlNlYXJjaE5lYXJieRACGAQgAA,https://www.suveterrass.ee/,5557 0006,+372 5557 0006,4.4,1440,2,$$,OPERATIONAL,restaurant,Restaurant,"restaurant,cafeteria,lounge_bar,night_club,bar,food,point_of_interest,establishment","Monday: 12:00 – 11:00 PM
Tuesday: 12:00 – 11:00 PM
Wednesday: 12:00 – 11:00 PM
Thursday: 12:00 – 11:00 PM
Friday: 12:00 PM – 1:00 AM
Saturday: 12:00 PM – 1:00 AM
Sunday: 12:00 – 11:00 PM",1,,,,,,,,,,,,,,,180,9GF6CQV4+CW
ChIJYer5WQCTkkYRaVvLy2d4DIc,Suzani,"Vesilennuki tn 24, 10415 Tallinn, Estonia","Vesilennuki tn 24, Tallinn",24,Vesilennuki tänav,,Tallinn,Harju maakond,10415,Estonia,EE,59.452717,24.7316723,https://maps.google.com/?cid=9731285282036865897&g_mp=Cilnb29nbGUubWFwcy5wbGFjZXMudjEuUGxhY2VzLlNlYXJjaE5lYXJieRACGAQgAA,https://suzani.ee/,5666 4748,+372 5666 4748,4.6,74,2,$$,OPERATIONAL,restaurant,Restaurant,"restaurant,food,point_of_interest,establishment","Monday: Closed
Tuesday: 12:00 – 10:00 PM
Wednesday: 12:00 – 10:00 PM
Thursday: 12:00 – 10:00 PM
Friday: 12:00 – 11:00 PM
Saturday: 12:00 – 11:00 PM
Sunday: 12:00 – 9:00 PM",1,,,,,,,,,,,,,,,180,9GF6FP3J+3M
ChIJVXhNl3iUkkYR2Dc-COeRVT0,SÕLE GRILL,"Sõle tn 42b, 10317 Tallinn, Estonia","Sõle tn 42b, Tallinn",42b,Sõle tänav,,Tallinn,Harju maakond,10317,Estonia,EE,59.443273100000006,24.7044258,https://maps.google.com/?cid=4419599030795778008&g_mp=Cilnb29nbGUubWFwcy5wbGFjZXMudjEuUGxhY2VzLlNlYXJjaE5lYXJieRACGAQgAA,http://s-grill.ee/,5555 5483,+372 5555 5483,4.7,404,2,$$,OPERATIONAL,family_restaurant,Family Restaurant,"family_restaurant,cafe,bar,restaurant,food,point_of_interest,establishment","Monday: 11:00 AM – 10:00 PM
Tuesday: 11:00 AM – 10:00 PM
Wednesday: 11:00 AM – 10:00 PM
Thursday: 11:00 AM – 10:00 PM
Friday: 11:00 AM – 11:00 PM
Saturday: 11:00 AM – 11:00 PM
Sunday: 11:00 AM – 10:00 PM",1,,,,,,,,,,,,,,,180,9GF6CPV3+8Q
ChIJsRgOT26TkkYRxAOveoBUri4,SÕÕRIKU JAAM (Balti Jaama Turg),"Balti Jaama Turg, Kopli tn 1, 10412 Tallinn, Estonia","Balti Jaama Turg, Kopli tn 1, Tallinn",1,Kopli tänav,,Tallinn,Harju maakond,10412,Estonia,EE,59.441173400000004,24.7359511,https://maps.google.com/?cid=3363718882483176388&g_mp=Cilnb29nbGUubWFwcy5wbGFjZXMudjEuUGxhY2VzLlNlYXJjaE5lYXJieRACGAQgAA,https://www.soorikujaam.ee/,552 1559,+372 552 1559,4.5,82,,,OPERATIONAL,food,Food,"coffee_stand,coffee_shop,cafe,donut_shop,bakery,food_store,store,restaurant,food,point_of_interest,establishment","Monday: 9:00 AM – 7:00 PM
Tuesday: 9:00 AM – 7:00 PM
Wednesday: 9:00 AM – 7:00 PM
Thursday: 9:00 AM – 7:00 PM
Friday: 9:00 AM – 7:00 PM
Saturday: 9:00 AM – 7:00 PM
Sunday: 9:00 AM – 5:00 PM",1,,,,,,,,,,,,,,,180,9GF6CPRP+F9
ChIJfcHTVfuUkkYRr6Dck-wOqUI,Sõpruse kohvik,"Sõpruse pst 195, 13415 Tallinn, Estonia","Sõpruse pst 195, Tallinn",195,Sõpruse puiestee,,Tallinn,Harju maakond,13415,Estonia,EE,59.402400899999996,24.6988029,https://maps.google.com/?cid=4803386886823125167&g_mp=Cilnb29nbGUubWFwcy5wbGFjZXMudjEuUGxhY2VzLlNlYXJjaE5lYXJieRACGAQgAA,https://sopruskohvik.ee/,672 0990,+372 672 0990,4.3,1325,2,$$,OPERATIONAL,restaurant,Restaurant,"restaurant,food,point_of_interest,establishment","Monday: 11:00 AM – 11:00 PM
Tuesday: 11:00 AM – 11:00 PM
Wednesday: 11:00 AM – 11:00 PM
Thursday: 11:00 AM – 11:00 PM
Friday: 11:00 AM – 12:00 AM
Saturday: 11:00 AM – 12:00 AM
Sunday: 11:00 AM – 11:00 PM",1,,,,,,,,,,,,,,,180,9GF6CM2X+XG
ChIJezZPNwCVkkYRzVB7ngiD-lk,Süüria Kebab,"Tatari tn 42, 10134 Tallinn, Estonia","Tatari tn 42, Tallinn",42,Tatari tänav,,Tallinn,Harju maakond,10134,Estonia,EE,59.4279386,24.750168199999997,https://maps.google.com/?cid=6483638686595109069&g_mp=Cilnb29nbGUubWFwcy5wbGFjZXMudjEuUGxhY2VzLlNlYXJjaE5lYXJieRACGAQgAA,,5823 9047,+372 5823 9047,4.7,119,1,$,OPERATIONAL,asian_restaurant,Asian Restaurant,"asian_restaurant,restaurant,food,point_of_interest,establishment","Monday: 12:00 – 10:00 PM
Tuesday: 12:00 – 10:00 PM
Wednesday: 12:00 – 10:00 PM
Thursday: 12:00 – 10:00 PM
Friday: 2:00 – 10:00 PM
Saturday: 12:00 – 10:00 PM
Sunday: 12:00 – 7:30 PM",1,,,,,,,,,,,,,,,180,9GF6CQH2+53
ChIJMZA_F3mTkkYRMmbj2-7Y1vs,T35 - The Breakfast Club,"Tööstuse tn 35, 10411 Tallinn, Estonia","Tööstuse tn 35, Tallinn",35,Tööstuse tänav,,Tallinn,Harju maakond,10411,Estonia,EE,59.4468182,24.7307795,https://maps.google.com/?cid=18146930268938921522&g_mp=Cilnb29nbGUubWFwcy5wbGFjZXMudjEuUGxhY2VzLlNlYXJjaE5lYXJieRACGAQgAA,https://menu.dinnero.eu/t35,5559 1535,+372 5559 1535,4.6,606,2,$$,OPERATIONAL,cafe,Cafe,"cafe,breakfast_restaurant,bakery,food_store,store,restaurant,food,point_of_interest,establishment","Monday: Closed
Tuesday: 9:00 AM – 5:00 PM
Wednesday: 9:00 AM – 5:00 PM
Thursday: 9:00 AM – 5:00 PM
Friday: 9:00 AM – 5:00 PM
Saturday: 9:00 AM – 5:00 PM
Sunday: 9:00 AM – 5:00 PM",1,,,,,,,,,,,,,,,180,9GF6CPWJ+P8
ChIJleKjOxSTkkYR5O_GrzsaV80,Taberna,"Suur-Karja tn 3, 10140 Tallinn, Estonia","Suur-Karja tn 3, Tallinn",3,Suur-Karja tänav,,Tallinn,Harju maakond,10140,Estonia,EE,59.43628769999999,24.746374199999998,https://maps.google.com/?cid=14796323944403496932&g_mp=Cilnb29nbGUubWFwcy5wbGFjZXMudjEuUGxhY2VzLlNlYXJjaE5lYXJieRACGAQgAA,http://www.taberna.ee/,5613 8551,+372 5613 8551,4.2,185,2,$$,OPERATIONAL,bar,Bar,"wine_bar,mediterranean_restaurant,portuguese_restaurant,spanish_restaurant,european_restaurant,bar,restaurant,food,point_of_interest,establishment","Monday: 5:00 – 10:00 PM
Tuesday: 5:00 – 10:00 PM
Wednesday: 5:00 – 10:00 PM
Thursday: 5:00 – 10:00 PM
Friday: 4:00 – 11:00 PM
Saturday: 12:00 – 11:00 PM
Sunday: 12:00 – 10:00 PM",0,,,,,,,,,,,,,,,180,9GF6CPPW+GG
ChIJoxIUClrrkkYR6idkfx04Wlo,Tallinn Airport Lounge,"Reisiterminal, Lennujaama tee 12, 11101 Tallinn, Estonia","Passenger Terminal, Lennujaama tee 12, Tallinn",12,Lennujaama tee,,Tallinn,Harju maakond,11101,Estonia,EE,59.416517199999994,24.7993673,https://maps.google.com/?cid=6510577910659950570&g_mp=Cilnb29nbGUubWFwcy5wbGFjZXMudjEuUGxhY2VzLlNlYXJjaE5lYXJieRACGAQgAA,https://airport.ee/services/lennujaama-lhv-lounge/,605 8550,+372 605 8550,4.2,280,,,OPERATIONAL,,,"restaurant,food,point_of_interest,establishment","Monday: 4:30 AM – 10:00 PM
Tuesday: 4:30 AM – 10:00 PM
Wednesday: 4:30 AM – 10:00 PM
Thursday: 4:30 AM – 10:00 PM
Friday: 4:30 AM – 10:00 PM
Saturday: 4:30 AM – 10:00 PM
Sunday: 4:30 AM – 10:00 PM",1,,,,,,,,,,,,,,,180,9GF6CQ8X+JP
ChIJsbdfomGTkkYRgBfbk7zK1lY,Tallinn Pizza & Kebab,"Aia tn 10, 10111 Tallinn, Estonia","Aia tn 10, Tallinn",10,Aia tänav,,Tallinn,Harju maakond,10111,Estonia,EE,59.4382161,24.751351999999997,https://maps.google.com/?cid=6257411643561154432&g_mp=Cilnb29nbGUubWFwcy5wbGFjZXMudjEuUGxhY2VzLlNlYXJjaE5lYXJieRACGAQgAA,,5435 0545,+372 5435 0545,4.1,1576,1,$,OPERATIONAL,turkish_restaurant,Turkish Restaurant,"turkish_restaurant,restaurant,food,point_of_interest,establishment","Monday: Open 24 hours
Tuesday: Open 24 hours
Wednesday: Open 24 hours
Thursday: Open 24 hours
Friday: Open 24 hours
Saturday: Open 24 hours
Sunday: Open 24 hours",1,,,,,,,,,,,,,,,180,9GF6CQQ2+7G
ChIJbyjJsO6TkkYRme1IJqHWpVE,Tantra restaurant,"Nunne tn 7, 10133 Tallinn, Estonia","Nunne tn 7, Tallinn",7,Nunne tänav,,Tallinn,Harju maakond,10133,Estonia,EE,59.438489800000006,24.7426194,https://maps.google.com/?cid=5883344475849813401&g_mp=Cilnb29nbGUubWFwcy5wbGFjZXMudjEuUGxhY2VzLlNlYXJjaE5lYXJieRACGAQgAA,https://www.tantrarestoran.com/?utm_source=google&utm_medium=wix_google_business_profile&utm_campaign=12083657740984807712,675 5590,+372 675 5590,3.8,40,2,$$,OPERATIONAL,indian_restaurant,Indian Restaurant,"indian_restaurant,restaurant,food,point_of_interest,establishment","Monday: 12:00 – 10:30 PM
Tuesday: 12:00 – 10:30 PM
Wednesday: 12:00 – 10:30 PM
Thursday: 12:00 – 10:30 PM
Friday: 12:00 – 10:30 PM
Saturday: 12:00 – 10:30 PM
Sunday: 12:00 – 10:30 PM",1,,,,,,,,,,,,,,,180,9GF6CPQV+92
ChIJbRp5tWCTkkYR3JpAYD-vx3Q,Taqueria,"Rotermanni tn 14, 10111 Tallinn, Estonia","Rotermanni tn 14, Tallinn",14,Rotermanni tänav,,Tallinn,Harju maakond,10111,Estonia,EE,59.4392255,24.7582973,https://maps.google.com/?cid=8414887115497708252&g_mp=Cilnb29nbGUubWFwcy5wbGFjZXMudjEuUGxhY2VzLlNlYXJjaE5lYXJieRACGAQgAA,https://taqueria.ee/,5699 8898,+372 5699 8898,4.0,1111,2,$$,OPERATIONAL,taco_restaurant,Taco Restaurant,"taco_restaurant,restaurant,food,point_of_interest,establishment","Monday: 11:45 AM – 10:00 PM
Tuesday: 11:45 AM – 10:00 PM
Wednesday: 11:45 AM – 10:00 PM
Thursday: 11:45 AM – 10:00 PM
Friday: 11:45 AM – 12:00 AM
Saturday: 12:00 PM – 12:00 AM
Sunday: 12:00 – 10:00 PM",1,,,,,,,,,,,,,,,180,9GF6CQQ5+M8
ChIJnb7jP32TkkYRH9RNP8FUqNQ,Tasca Portuguesa,"Kullassepa tn 13, 10146 Tallinn, Estonia","Kullassepa tn 13, Tallinn",13,Kullassepa tänav,,Tallinn,Harju maakond,10146,Estonia,EE,59.4365016,24.7447253,https://maps.google.com/?cid=15323590921095599135&g_mp=Cilnb29nbGUubWFwcy5wbGFjZXMudjEuUGxhY2VzLlNlYXJjaE5lYXJieRACGAQgAA,http://www.tasca.ee/,5613 8551,+372 5613 8551,4.4,706,2,$$,OPERATIONAL,portuguese_restaurant,Portuguese Restaurant,"portuguese_restaurant,bar,european_restaurant,restaurant,food,point_of_interest,establishment","Monday: 10:00 AM – 12:00 AM
Tuesday: 10:00 AM – 12:00 AM
Wednesday: 10:00 AM – 12:00 AM
Thursday: 10:00 AM – 12:00 AM
Friday: 10:00 AM – 12:00 AM
Saturday: 10:00 AM – 12:00 AM
Sunday: 10:00 AM – 10:00 PM",1,,,,,,,,,,,,,,,180,9GF6CPPV+JV
ChIJC_7GZFCTkkYRB3XEdv3p4M0,Taverna del Gallo Nero,"J. Poska tn 45, 10150 Tallinn, Estonia","J. Poska tn 45, Tallinn",45,J. Poska tänav,,Tallinn,Harju maakond,10150,Estonia,EE,59.437797499999995,24.784179599999998,https://maps.google.com/?cid=14835114447386998023&g_mp=Cilnb29nbGUubWFwcy5wbGFjZXMudjEuUGxhY2VzLlNlYXJjaE5lYXJieRACGAQgAA,http://www.tavernagallonero.com/kontakt,601 3344,+372 601 3344,4.1,719,2,$$,OPERATIONAL,italian_restaurant,Italian Restaurant,"italian_restaurant,european_restaurant,restaurant,food,point_of_interest,establishment","Monday: 12:00 – 10:00 PM
Tuesday: 12:00 – 10:00 PM
Wednesday: 12:00 – 10:00 PM
Thursday: 12:00 – 10:00 PM
Friday: 12:00 – 10:00 PM
Saturday: 12:00 – 10:00 PM
Sunday: 12:00 – 10:00 PM",1,,,,,,,,,,,,,,,180,9GF6CQQM+4M
ChIJJR_ClZ2UkkYRt-2Q64ASHoM,Tbilisi,"Pikk tn 43, 10133 Tallinn, Estonia","Pikk tn 43, Tallinn",43,Pikk tänav,,Tallinn,Harju maakond,10133,Estonia,EE,59.4396967,24.7467461,https://maps.google.com/?cid=9448009413187136951&g_mp=Cilnb29nbGUubWFwcy5wbGFjZXMudjEuUGxhY2VzLlNlYXJjaE5lYXJieRACGAQgAA,http://www.tbilisi.ee/,742 2828,+372 742 2828,4.5,1856,2,$$,OPERATIONAL,eastern_european_restaurant,Eastern European Restaurant,"european_restaurant,eastern_european_restaurant,restaurant,food,point_of_interest,establishment","Monday: 12:00 – 11:00 PM
Tuesday: 12:00 – 11:00 PM
Wednesday: 12:00 – 11:00 PM
Thursday: 12:00 – 11:00 PM
Friday: 12:00 – 11:00 PM
Saturday: 12:00 – 11:00 PM
Sunday: 12:00 – 11:00 PM",1,,,,,,,,,,,,,,,180,9GF6CPQW+VM
ChIJHQaU_zuVkkYRgZfJgYrB6A8,Teatriresto,"Pärnu mnt. 326, 11611 Tallinn, Estonia","Pärnu mnt. 326, Tallinn",326,Pärnu maantee,,Tallinn,Harju maakond,11611,Estonia,EE,59.3881647,24.6833243,https://maps.google.com/?cid=1146378905792911233&g_mp=Cilnb29nbGUubWFwcy5wbGFjZXMudjEuUGxhY2VzLlNlYXJjaE5lYXJieRACGAQgAA,https://teatriresto.ee/,5806 2882,+372 5806 2882,4.6,91,2,$$,OPERATIONAL,restaurant,Restaurant,"restaurant,food,point_of_interest,establishment","Monday: 12:00 – 4:00 PM
Tuesday: 12:00 – 4:00 PM
Wednesday: 12:00 – 4:00 PM
Thursday: 12:00 – 10:00 PM
Friday: 12:00 – 10:00 PM
Saturday: 12:00 – 10:00 PM
Sunday: 12:00 – 6:00 PM",0,,,,,,,,,,,,,,,180,9GF69MQM+78
ChIJuwgroK6VkkYRBIjEqWbvQ4s,Tehnopol Pizzakiosk,"Akadeemia tee 21/6, 12618 Tallinn, Estonia","Akadeemia tee 21/6, Tallinn",21/6,Akadeemia tee,,Tallinn,Harju maakond,12618,Estonia,EE,59.3978708,24.657694199999998,https://maps.google.com/?cid=10035127618925529092&g_mp=Cilnb29nbGUubWFwcy5wbGFjZXMudjEuUGxhY2VzLlNlYXJjaE5lYXJieRACGAQgAA,https://www.pizzakiosk.ee/,5670 9757,+372 5670 9757,4.5,233,2,$$,OPERATIONAL,meal_takeaway,Takeout Restaurant,"meal_takeaway,restaurant,food,point_of_interest,establishment","Monday: 11:00 AM – 9:00 PM
Tuesday: 11:00 AM – 9:00 PM
Wednesday: 11:00 AM – 9:00 PM
Thursday: 11:00 AM – 9:00 PM
Friday: 11:00 AM – 9:00 PM
Saturday: 11:00 AM – 9:00 PM
Sunday: 11:00 AM – 9:00 PM",1,,,,,,,,,,,,,,,180,9GF69MX5+43
ChIJR2sRfl-TkkYRPeWlglaVb9g,Telli Kokk Koju OÜ,"Kaarli pst 11, 10145 Tallinn, Estonia","Kaarli pst 11, Tallinn",11,Kaarli puiestee,,Tallinn,Harju maakond,10145,Estonia,EE,59.4318372,24.7407224,https://maps.google.com/?cid=15595848233398953277&g_mp=Cilnb29nbGUubWFwcy5wbGFjZXMudjEuUGxhY2VzLlNlYXJjaE5lYXJieRACGAQgAA,http://www.kokkkoju.ee/,525 5015,+372 525 5015,4.8,40,,,OPERATIONAL,restaurant,Restaurant,"restaurant,food,point_of_interest,establishment","Monday: 12:00 – 9:00 PM
Tuesday: 12:00 – 9:00 PM
Wednesday: 12:00 – 9:00 PM
Thursday: 12:00 – 9:00 PM
Friday: 12:00 – 9:00 PM
Saturday: 12:00 – 9:00 PM
Sunday: 12:00 – 9:00 PM",1,,,,,,,,,,,,,,,180,9GF6CPJR+P7
ChIJV3MbLN6TkkYRa3gxaZ00fcA,Telliskivi KoHo,"Telliskivi tn 60-1, 10412 Tallinn, Estonia","Telliskivi tn 60-1, Tallinn",60,Telliskivi tänav,,Tallinn,Harju maakond,10412,Estonia,EE,59.440137299999996,24.7303523,https://maps.google.com/?cid=13870300278050355307&g_mp=Cilnb29nbGUubWFwcy5wbGFjZXMudjEuUGxhY2VzLlNlYXJjaE5lYXJieRACGAQgAA,https://telliskivi.koho.ee/,650 1020,+372 650 1020,4.6,302,2,$$,OPERATIONAL,restaurant,Restaurant,"restaurant,food,point_of_interest,establishment","Monday: 11:30 AM – 10:00 PM
Tuesday: 11:30 AM – 10:00 PM
Wednesday: 11:30 AM – 10:00 PM
Thursday: 11:30 AM – 10:00 PM
Friday: 11:30 AM – 11:00 PM
Saturday: 12:00 – 11:00 PM
Sunday: 12:00 – 9:00 PM",1,,,,,,,,,,,,,,,180,9GF6CPRJ+34
ChIJLfHSc2aTkkYR7gw0XSOEVP4,Tempo Resto&Bar,"Sadama tn 9, 10111 Tallinn, Estonia","Sadama tn 9, Tallinn",9,Sadama tänav,,Tallinn,Harju maakond,10111,Estonia,EE,59.44415759999999,24.7558892,https://maps.google.com/?cid=18326418071099804910&g_mp=Cilnb29nbGUubWFwcy5wbGFjZXMudjEuUGxhY2VzLlNlYXJjaE5lYXJieRACGAQgAA,https://hotels.tallink.com/et/toit-ja-jook/restoranid/tempo,667 8752,+372 667 8752,4.0,211,2,$$,OPERATIONAL,restaurant,Restaurant,"restaurant,food,point_of_interest,establishment","Monday: 7:00 – 10:00 AM, 11:30 AM – 2:30 PM
Tuesday: 7:00 – 10:00 AM, 11:30 AM – 2:30 PM
Wednesday: 7:00 – 10:00 AM, 11:30 AM – 2:30 PM
Thursday: 7:00 – 10:00 AM, 11:30 AM – 2:30 PM
Friday: 7:00 – 10:00 AM, 11:30 AM – 2:30 PM
Saturday: 8:00 – 11:00 AM
Sunday: 8:00 – 11:00 AM",1,,,,,,,,,,,,,,,180,9GF6CQV4+M9
ChIJVZfruGOTkkYR4Ci9TcrEXFQ,Texas Cantina,"Pikk tn 45, 10133 Tallinn, Estonia","Pikk tn 45, Tallinn",45,Pikk tänav,,Tallinn,Harju maakond,10133,Estonia,EE,59.43981470000001,24.7469401,https://maps.google.com/?cid=6078949970210007264&g_mp=Cilnb29nbGUubWFwcy5wbGFjZXMudjEuUGxhY2VzLlNlYXJjaE5lYXJieRACGAQgAA,http://www.texas.ee/,631 1755,+372 631 1755,4.6,2992,2,$$,OPERATIONAL,tex_mex_restaurant,Tex-Mex Restaurant,"tex_mex_restaurant,american_restaurant,restaurant,food,point_of_interest,establishment","Monday: 4:00 – 11:00 PM
Tuesday: 4:00 – 11:00 PM
Wednesday: 4:00 – 11:00 PM
Thursday: 4:00 – 11:00 PM
Friday: 4:00 – 11:00 PM
Saturday: 12:00 – 11:00 PM
Sunday: 12:00 – 11:00 PM",0,,,,,,,,,,,,,,,180,9GF6CPQW+WQ
ChIJBdv9JzCVkkYRGPy4tYBYDNQ,Thai Stop,"Koidu tn 108, 10139 Tallinn, Estonia","Koidu tn 108, Tallinn",108,Koidu tänav,,Tallinn,Harju maakond,10139,Estonia,EE,59.422173,24.7367083,https://maps.google.com/?cid=15279684945589107736&g_mp=Cilnb29nbGUubWFwcy5wbGFjZXMudjEuUGxhY2VzLlNlYXJjaE5lYXJieRACGAQgAA,https://thaistop.netlify.app/,5664 8575,+372 5664 8575,4.7,133,2,$$,OPERATIONAL,thai_restaurant,Thai Restaurant,"thai_restaurant,restaurant,food,point_of_interest,establishment","Monday: 12:00 – 9:00 PM
Tuesday: 12:00 – 9:00 PM
Wednesday: 12:00 – 9:00 PM
Thursday: 12:00 – 9:00 PM
Friday: 12:00 – 9:00 PM
Saturday: 12:00 – 8:00 PM
Sunday: 12:00 – 8:00 PM",1,,,,,,,,,,,,,,,180,9GF6CPCP+VM
ChIJXSNu2liTkkYRpCxCIRbsyxI,The Able Butcher,"F. R. Kreutzwaldi 23, Level 2, 10147 Tallinn, Estonia","F. R. Kreutzwaldi 23, Level 2, Tallinn",2,Level,,Tallinn,Harju maakond,10147,Estonia,EE,59.43388119999999,24.7687951,https://maps.google.com/?cid=1354435692746386596&g_mp=Cilnb29nbGUubWFwcy5wbGFjZXMudjEuUGxhY2VzLlNlYXJjaE5lYXJieRACGAQgAA,https://theablebutcher.ee/,630 5462,+372 630 5462,4.4,759,,,OPERATIONAL,steak_house,Steak House,"steak_house,restaurant,food,point_of_interest,establishment","Monday: 12:00 – 11:00 PM
Tuesday: 12:00 – 11:00 PM
Wednesday: 12:00 – 11:00 PM
Thursday: 12:00 – 11:00 PM
Friday: 12:00 – 11:00 PM
Saturday: 12:30 – 11:00 PM
Sunday: 12:30 – 11:00 PM",1,,,,,,,,,,,,,,,180,9GF6CQM9+HG
ChIJ8dOxBZ6UkkYRqogRCXOraFI,The Dubliner,"Suur-Karja tn 18, 10140 Tallinn, Estonia","Suur-Karja tn 18, Tallinn",18,Suur-Karja tänav,,Tallinn,Harju maakond,10140,Estonia,EE,59.434605100000006,24.7461858,https://maps.google.com/?cid=5938184619249731754&g_mp=Cilnb29nbGUubWFwcy5wbGFjZXMudjEuUGxhY2VzLlNlYXJjaE5lYXJieRACGAQgAA,http://www.villemipubid.ee/dubliner/,644 4694,+372 644 4694,4.4,4409,2,$$,OPERATIONAL,irish_pub,Irish Pub,"irish_pub,pub,european_restaurant,bar,restaurant,food,point_of_interest,establishment","Monday: 12:00 – 11:00 PM
Tuesday: 12:00 PM – 12:00 AM
Wednesday: 12:00 PM – 12:00 AM
Thursday: 12:00 PM – 12:00 AM
Friday: 12:00 PM – 1:00 AM
Saturday: 12:00 PM – 1:00 AM
Sunday: 12:00 – 11:00 PM",1,,,,,,,,,,,,,,,180,9GF6CPMW+RF
ChIJl7aCSgWVkkYRIUnf5fgbtLI,The food corner - tänavatoit | Stroomi,"Stromi rand, 10316 Tallinn, Estonia","Stromi rand, Tallinn",,,,Tallinn,Harju maakond,10316,Estonia,EE,59.4405125,24.6842,https://maps.google.com/?cid=12876947990381545761&g_mp=Cilnb29nbGUubWFwcy5wbGFjZXMudjEuUGxhY2VzLlNlYXJjaE5lYXJieRACGAQgAA,http://www.tfc.ee/,5696 4980,+372 5696 4980,4.8,54,1,$,OPERATIONAL,restaurant,Restaurant,"hamburger_restaurant,meal_takeaway,coffee_stand,american_restaurant,restaurant,food,point_of_interest,establishment",,,,,,,,,,,,,,,,,180,9GF6CMRM+6M
ChIJu8xXXGftkkYRTeieXR1Nxkc,The Gurkha’s Kitchen 🇳🇵,"Tartu mnt 13, 10145 Tallinn, Estonia","Tartu mnt 13, Tallinn",13,Tartu maantee,,Tallinn,Harju maakond,10145,Estonia,EE,59.434573699999994,24.7607754,https://maps.google.com/?cid=5171906010601678925&g_mp=Cilnb29nbGUubWFwcy5wbGFjZXMudjEuUGxhY2VzLlNlYXJjaE5lYXJieRACGAQgAA,,5786 9021,+372 5786 9021,4.7,190,2,$$,OPERATIONAL,restaurant,Restaurant,"restaurant,food,point_of_interest,establishment","Monday: 11:30 AM – 10:00 PM
Tuesday: 11:30 AM – 10:00 PM
Wednesday: 11:30 AM – 10:00 PM
Thursday: 11:30 AM – 10:00 PM
Friday: 11:30 AM – 10:00 PM
Saturday: 12:00 – 10:00 PM
Sunday: 12:00 – 10:00 PM",1,,,,,,,,,,,,,,,180,9GF6CQM6+R8
ChIJfcbci8STkkYRpzL7c-BKCPA,The Kurze,"Kopli tn 23, 10412 Tallinn, Estonia","Kopli tn 23, Tallinn",23,Kopli tänav,,Tallinn,Harju maakond,10412,Estonia,EE,59.444222700000005,24.7216979,https://maps.google.com/?cid=17296156696795361959&g_mp=Cilnb29nbGUubWFwcy5wbGFjZXMudjEuUGxhY2VzLlNlYXJjaE5lYXJieRACGAQgAA,https://thekurze.ee/,5682 2238,+372 5682 2238,4.8,1220,2,$$,OPERATIONAL,restaurant,Restaurant,"restaurant,family_restaurant,food,point_of_interest,establishment","Monday: 12:00 – 10:00 PM
Tuesday: 12:00 – 10:00 PM
Wednesday: 12:00 – 10:00 PM
Thursday: 12:00 – 10:00 PM
Friday: 12:00 – 11:00 PM
Saturday: 12:00 – 11:00 PM
Sunday: 12:00 – 9:00 PM",1,,,,,,,,,,,,,,,180,9GF6CPVC+MM
ChIJ3_UcDjyVkkYRr-lxBiEygPE,The Naturist Street Food Wonderland,"Telliskivi tn 60m, 10412 Tallinn, Estonia","Telliskivi tn 60m, Tallinn",60m,Telliskivi tänav,,Tallinn,Harju maakond,10412,Estonia,EE,59.4395994,24.7308825,https://maps.google.com/?cid=17401964077583034799&g_mp=Cilnb29nbGUubWFwcy5wbGFjZXMudjEuUGxhY2VzLlNlYXJjaE5lYXJieRACGAQgAA,,,,4.9,37,1,$,CLOSED_TEMPORARILY,vegan_restaurant,Vegan Restaurant,"vegan_restaurant,vegetarian_restaurant,restaurant,food,point_of_interest,establishment",,,,,,,,,,,,,,,,,180,9GF6CPQJ+R9
ChIJKTjsUADtkkYRdlSmR778Ku0,Tiger Wok Pae,"Pae tn 80, 13620 Tallinn, Estonia","Pae tn 80, Tallinn",80,Pae tänav,,Tallinn,Harju maakond,13620,Estonia,EE,59.4360826,24.820718,https://maps.google.com/?cid=17089749630186837110&g_mp=Cilnb29nbGUubWFwcy5wbGFjZXMudjEuUGxhY2VzLlNlYXJjaE5lYXJieRACGAQgAA,https://tigerwok.ee/menu,670 9000,+372 670 9000,4.6,85,2,$$,OPERATIONAL,asian_restaurant,Asian Restaurant,"asian_restaurant,restaurant,food,point_of_interest,establishment","Monday: 11:00 AM – 10:00 PM
Tuesday: 11:00 AM – 10:00 PM
Wednesday: 11:00 AM – 10:00 PM
Thursday: 11:00 AM – 10:00 PM
Friday: 11:00 AM – 10:00 PM
Saturday: 11:00 AM – 10:00 PM
Sunday: 11:00 AM – 10:00 PM",1,,,,,,,,,,,,,,,180,9GF6CRPC+C7
ChIJRwE85XyTkkYRlmAMRVgLUiI,Time to Wine Bar and Shop,"Kopli tn 6, 10412 Tallinn, Estonia","Kopli tn 6, Tallinn",6,Kopli tänav,,Tallinn,Harju maakond,10412,Estonia,EE,59.44154150000001,24.736359399999998,https://maps.google.com/?cid=2473051619123290262&g_mp=Cilnb29nbGUubWFwcy5wbGFjZXMudjEuUGxhY2VzLlNlYXJjaE5lYXJieRACGAQgAA,https://timetowine.ee/,5352 5555,+372 5352 5555,4.7,258,2,$$,OPERATIONAL,wine_bar,Wine Bar,"wine_bar,liquor_store,spanish_restaurant,bar,store,european_restaurant,restaurant,food,point_of_interest,establishment","Monday: 3:00 – 9:00 PM
Tuesday: 2:00 – 11:00 PM
Wednesday: 2:00 – 11:00 PM
Thursday: 2:00 – 11:00 PM
Friday: 2:00 PM – 2:00 AM
Saturday: 12:00 PM – 2:00 AM
Sunday: 3:00 – 9:00 PM",0,,,,,,,,,,,,,,,180,9GF6CPRP+JG
ChIJyRYVcdiVkkYRgEloscDfsc0,Tin Bhai Kebab And Curry,"Akadeemia tee, 12616 Tallinn, Estonia","Akadeemia tee, Tallinn",,Akadeemia tee,,Tallinn,Harju maakond,12616,Estonia,EE,59.3969641,24.668578,https://maps.google.com/?cid=14821873867356129664&g_mp=Cilnb29nbGUubWFwcy5wbGFjZXMudjEuUGxhY2VzLlNlYXJjaE5lYXJieRACGAQgAA,,5564 3944,+372 5564 3944,3.7,63,1,$,OPERATIONAL,restaurant,Restaurant,"restaurant,food,point_of_interest,establishment","Monday: 11:00 AM – 2:00 AM
Tuesday: 11:00 AM – 2:00 AM
Wednesday: 11:00 AM – 2:00 AM
Thursday: Closed
Friday: Closed
Saturday: 11:00 AM – 4:00 AM
Sunday: 11:00 AM – 2:00 AM",0,,,,,,,,,,,,,,,180,9GF69MW9+QC
ChIJnS-N4nyTkkYRy6LF29QORL0,Tokumaru Balti Jaama turg,"Kopli tn 1 10149, 10412 Tallinn, Estonia","Kopli tn 1 10149, Tallinn",1 10149,Kopli tänav,,Tallinn,Harju maakond,10412,Estonia,EE,59.4409334,24.7359464,https://maps.google.com/?cid=13638041878967722699&g_mp=Cilnb29nbGUubWFwcy5wbGFjZXMudjEuUGxhY2VzLlNlYXJjaE5lYXJieRACGAQgAA,https://www.tokumaru.ee/menyy/balti-jaama-turg,5688 1999,+372 5688 1999,4.1,153,2,$$,OPERATIONAL,japanese_restaurant,Japanese Restaurant,"japanese_restaurant,restaurant,food,point_of_interest,establishment","Monday: 11:00 AM – 8:00 PM
Tuesday: 11:00 AM – 8:00 PM
Wednesday: 11:00 AM – 8:00 PM
Thursday: 11:00 AM – 8:00 PM
Friday: 11:00 AM – 8:00 PM
Saturday: 11:00 AM – 8:00 PM
Sunday: 11:00 AM – 6:00 PM",1,,,,,,,,,,,,,,,180,9GF6CPRP+99
ChIJAyCX6p-UkkYRXn5UbE35bog,Tokumaru Solaris,"Estonia pst 9, 10143 Tallinn, Estonia","Estonia pst 9, Tallinn",9,Estonia puiestee,,Tallinn,Harju maakond,10143,Estonia,EE,59.4334397,24.751635,https://maps.google.com/?cid=9831069147521646174&g_mp=Cilnb29nbGUubWFwcy5wbGFjZXMudjEuUGxhY2VzLlNlYXJjaE5lYXJieRACGAQgAA,http://www.tokumaru.ee/,5770 2405,+372 5770 2405,4.4,1304,2,$$,OPERATIONAL,japanese_restaurant,Japanese Restaurant,"japanese_restaurant,asian_restaurant,sushi_restaurant,ramen_restaurant,restaurant,food,point_of_interest,establishment","Monday: 11:00 AM – 9:00 PM
Tuesday: 11:00 AM – 9:00 PM
Wednesday: 11:00 AM – 9:00 PM
Thursday: 11:00 AM – 9:00 PM
Friday: 11:00 AM – 10:00 PM
Saturday: 11:00 AM – 10:00 PM
Sunday: 11:00 AM – 9:00 PM",1,,,,,,,,,,,,,,,180,9GF6CQM2+9M
ChIJv5hb_WCTkkYRsbSjc3EB-Lw,Tommi Grill,"Viru väljak 2, 10111 Tallinn, Estonia","Viru väljak 2, Tallinn",2,Viru väljak,,Tallinn,Harju maakond,10111,Estonia,EE,59.43765679999999,24.7539278,https://maps.google.com/?cid=13616635060137735345&g_mp=Cilnb29nbGUubWFwcy5wbGFjZXMudjEuUGxhY2VzLlNlYXJjaE5lYXJieRACGAQgAA,http://tommigrill.com/,662 2099,+372 662 2099,4.4,1627,2,$$,OPERATIONAL,restaurant,Restaurant,"restaurant,food,point_of_interest,establishment","Monday: 11:30 AM – 11:00 PM
Tuesday: 11:30 AM – 11:00 PM
Wednesday: 11:30 AM – 11:00 PM
Thursday: 11:30 AM – 11:00 PM
Friday: 11:30 AM – 11:00 PM
Saturday: 11:30 AM – 11:00 PM
Sunday: 11:30 AM – 9:00 PM",1,,,,,,,,,,,,,,,180,9GF6CQQ3+3H
ChIJSRzqcpiUkkYRnfX1ElBcd0w,Tommi Tavern,"Tatari tn 64, 74008 Tallinn, Estonia","Tatari tn 64, Tallinn",64,Tatari tänav,,Tallinn,Harju maakond,74008,Estonia,EE,59.4253566,24.744305999999998,https://maps.google.com/?cid=5509974168096339357&g_mp=Cilnb29nbGUubWFwcy5wbGFjZXMudjEuUGxhY2VzLlNlYXJjaE5lYXJieRACGAQgAA,https://tommitavern.ee/,625 7816,+372 625 7816,4.5,1803,2,$$,OPERATIONAL,restaurant,Restaurant,"restaurant,food,point_of_interest,establishment","Monday: 11:00 AM – 11:00 PM
Tuesday: 11:00 AM – 11:00 PM
Wednesday: 11:00 AM – 11:00 PM
Thursday: 11:00 AM – 12:00 AM
Friday: 11:00 AM – 1:00 AM
Saturday: 12:00 PM – 12:00 AM
Sunday: 2:00 – 11:00 PM",1,,,,,,,,,,,,,,,180,9GF6CPGV+4P
ChIJV4-5X-aUkkYRQjMpXmU9khA,Tondi Resto - Grill & BBQ,"A. H. Tammsaare tee 62-1, 11316 Tallinn, Estonia","Parking lot, A. H. Tammsaare tee 62-1, Tallinn",62,A. H. Tammsaare tee,,Tallinn,Harju maakond,11316,Estonia,EE,59.403158399999995,24.714915200000004,https://maps.google.com/?cid=1194084356787352386&g_mp=Cilnb29nbGUubWFwcy5wbGFjZXMudjEuUGxhY2VzLlNlYXJjaE5lYXJieRACGAQgAA,https://www.tondiresto.ee/,5918 0000,+372 5918 0000,4.6,1718,2,$$,OPERATIONAL,restaurant,Restaurant,"restaurant,food,point_of_interest,establishment","Monday: 11:00 AM – 10:00 PM
Tuesday: 11:00 AM – 10:00 PM
Wednesday: 11:00 AM – 10:00 PM
Thursday: 11:00 AM – 10:00 PM
Friday: 11:00 AM – 11:00 PM
Saturday: 12:00 – 11:00 PM
Sunday: 12:00 – 9:00 PM",1,,,,,,,,,,,,,,,180,9GF6CP37+7X
ChIJhQXF0K_tkkYRvgy-69RRyo0,Tondiraba LIT,"13917 Tallinn, Estonia",Tallinn,,,,Tallinn,Harju County,13917,Estonia,EE,59.4461547,24.8474202,https://maps.google.com/?cid=10217068679573408958&g_mp=Cilnb29nbGUubWFwcy5wbGFjZXMudjEuUGxhY2VzLlNlYXJjaE5lYXJieRACGAQgAA,http://www.litwagon.ee/,755 5008,+372 755 5008,4.0,158,2,$$,OPERATIONAL,meal_takeaway,Takeout Restaurant,"meal_takeaway,restaurant,food,point_of_interest,establishment","Monday: 12:00 – 10:00 PM
Tuesday: 12:00 – 10:00 PM
Wednesday: 12:00 – 10:00 PM
Thursday: 12:00 – 10:00 PM
Friday: 12:00 – 11:00 PM
Saturday: 11:00 AM – 11:00 PM
Sunday: 11:00 AM – 10:00 PM",0,,,,,,,,,,,,,,,180,9GF6CRWW+FX
ChIJ6yq6WzzrkkYRBvbnHqmqVJU,TukTuk,"Tulika tn 19B, 10613 Tallinn, Estonia","Tulika tn 19B, Tallinn",19B,Tulika tänav,,Tallinn,Harju maakond,10613,Estonia,EE,59.42924999999999,24.720329399999997,https://maps.google.com/?cid=10760413053039670790&g_mp=Cilnb29nbGUubWFwcy5wbGFjZXMudjEuUGxhY2VzLlNlYXJjaE5lYXJieRACGAQgAA,https://www.facebook.com/Tuktutaifoods/,5619 3504,+372 5619 3504,4.8,178,2,$$,OPERATIONAL,thai_restaurant,Thai Restaurant,"thai_restaurant,restaurant,food,point_of_interest,establishment","Monday: 11:00 AM – 9:00 PM
Tuesday: 11:00 AM – 9:00 PM
Wednesday: 11:00 AM – 9:00 PM
Thursday: 11:00 AM – 9:00 PM
Friday: 11:00 AM – 9:00 PM
Saturday: 12:00 – 9:00 PM
Sunday: 12:00 – 8:00 PM",1,,,,,,,,,,,,,,,180,9GF6CPHC+M4
ChIJm0GCa2KTkkYRVpjOh-eTk8I,Tule Estonia Restaurant,"Raekoja plats 5, 10146 Tallinn, Estonia","Raekoja plats 5, Tallinn",5,Raekoja plats,,Tallinn,Harju maakond,10146,Estonia,EE,59.43719269999999,24.7442699,https://maps.google.com/?cid=14020712687559678038&g_mp=Cilnb29nbGUubWFwcy5wbGFjZXMudjEuUGxhY2VzLlNlYXJjaE5lYXJieRACGAQgAA,https://tuleestonia.ee/,5669 7840,+372 5669 7840,3.2,1567,2,$$,OPERATIONAL,restaurant,Restaurant,"restaurant,food,point_of_interest,establishment","Monday: 11:00 AM – 11:00 PM
Tuesday: 11:00 AM – 11:00 PM
Wednesday: 11:00 AM – 11:00 PM
Thursday: 11:00 AM – 11:00 PM
Friday: 11:00 AM – 1:00 AM
Saturday: 10:00 AM – 1:00 AM
Sunday: 11:00 AM – 11:00 PM",1,,,,,,,,,,,,,,,180,9GF6CPPV+VP
ChIJLUD23_KTkkYRQLFue71llo0,Tuletorn Brewing,"Marati tn 5, 11712 Tallinn, Estonia","Marati tn 5, Tallinn",5,Marati tänav,,Tallinn,Harju maakond,11712,Estonia,EE,59.45613229999999,24.674931899999997,https://maps.google.com/?cid=10202453870348513600&g_mp=Cilnb29nbGUubWFwcy5wbGFjZXMudjEuUGxhY2VzLlNlYXJjaE5lYXJieRACGAQgAA,https://tuletorn.beer/,5860 5504,+372 5860 5504,4.9,132,2,$$,OPERATIONAL,brewpub,Brewpub,"brewpub,pub,bar,restaurant,food,point_of_interest,establishment","Monday: Closed
Tuesday: Closed
Wednesday: 5:00 – 10:00 PM
Thursday: 5:00 – 10:00 PM
Friday: 5:00 – 11:00 PM
Saturday: 2:00 – 11:00 PM
Sunday: 2:00 – 6:00 PM",0,,,,,,,,,,,,,,,180,9GF6FM4F+FX
ChIJGYdT9zWTkkYRANDjztNbVa8,Tuljak,"Pirita tee 26e, 12011 Tallinn, Estonia","Pirita tee 26e, Tallinn",26e,Pirita tee,,Tallinn,Harju maakond,12011,Estonia,EE,59.4484308,24.8067547,https://maps.google.com/?cid=12634105294925058048&g_mp=Cilnb29nbGUubWFwcy5wbGFjZXMudjEuUGxhY2VzLlNlYXJjaE5lYXJieRACGAQgAA,http://www.tuljak.ee/,5302 2020,+372 5302 2020,4.7,1524,3,$$$,OPERATIONAL,restaurant,Restaurant,"restaurant,fine_dining_restaurant,cocktail_bar,wedding_venue,european_restaurant,event_venue,bar,food,service,point_of_interest,establishment","Monday: 12:00 – 11:00 PM
Tuesday: 12:00 – 11:00 PM
Wednesday: 12:00 – 11:00 PM
Thursday: 12:00 – 11:00 PM
Friday: 12:00 – 11:00 PM
Saturday: 12:00 – 11:00 PM
Sunday: 12:00 – 10:00 PM",0,,,,,,,,,,,,,,,180,9GF6CRX4+9P
ChIJSR3GF9uVkkYRFIZ4Y5BXaH8,Turg resto Nõmme,"Turu plats 8, 11614 Tallinn, Estonia","Parking lot, Turu plats 8, Tallinn",8,Turu plats,,Tallinn,Harju maakond,11614,Estonia,EE,59.38901980000001,24.684664599999998,https://maps.google.com/?cid=9180684118050506260&g_mp=Cilnb29nbGUubWFwcy5wbGFjZXMudjEuUGxhY2VzLlNlYXJjaE5lYXJieRACGAQgAA,https://turg-resto.choiceqr.com/,5551 5072,+372 5551 5072,4.7,62,2,$$,OPERATIONAL,hamburger_restaurant,Hamburger Restaurant,"hamburger_restaurant,hawaiian_restaurant,american_restaurant,restaurant,food,point_of_interest,establishment","Monday: 10:00 AM – 6:00 PM
Tuesday: 10:00 AM – 6:00 PM
Wednesday: 10:00 AM – 6:00 PM
Thursday: 10:00 AM – 6:00 PM
Friday: 10:00 AM – 6:00 PM
Saturday: 10:00 AM – 6:00 PM
Sunday: 10:00 AM – 5:00 PM",1,,,,,,,,,,,,,,,180,9GF69MQM+JV
ChIJfzlNPmaTkkYRyPtqE2jRd-Y,Tšungel,"Kopli tn 1, 10412 Tallinn, Estonia","Kopli tn 1, Tallinn",1,Kopli tänav,,Tallinn,Harju maakond,10412,Estonia,EE,59.44086199999999,24.7337946,https://maps.google.com/?cid=16606972395884575688&g_mp=Cilnb29nbGUubWFwcy5wbGFjZXMudjEuUGxhY2VzLlNlYXJjaE5lYXJieRACGAQgAA,http://tsungel.ee/,5367 5499,+372 5367 5499,4.4,265,2,$$,OPERATIONAL,restaurant,Restaurant,"restaurant,cocktail_bar,night_club,bar,food,point_of_interest,establishment","Monday: 2:00 – 11:00 PM
Tuesday: 12:00 – 11:00 PM
Wednesday: 12:00 PM – 3:00 AM
Thursday: 12:00 PM – 3:00 AM
Friday: 12:00 PM – 4:00 AM
Saturday: 12:00 PM – 4:00 AM
Sunday: 12:00 – 10:00 PM",1,,,,,,,,,,,,,,,180,9GF6CPRM+8G
ChIJxxi3XxeTkkYRRvZGtfr8DYU,UDU restoran,"Kai tn 4, 10111 Tallinn, Estonia","Kai tn 4, Tallinn",4,Kai tänav,,Tallinn,Harju maakond,10111,Estonia,EE,59.44263679999999,24.755022999999998,https://maps.google.com/?cid=9587597335455004230&g_mp=Cilnb29nbGUubWFwcy5wbGFjZXMudjEuUGxhY2VzLlNlYXJjaE5lYXJieRACGAQgAA,https://reservation.uduresto.ee/,5360 7889,+372 5360 7889,4.7,202,2,$$,OPERATIONAL,restaurant,Restaurant,"restaurant,food,point_of_interest,establishment","Monday: 11:30 AM – 9:00 PM
Tuesday: 11:30 AM – 10:00 PM
Wednesday: 11:30 AM – 10:00 PM
Thursday: 11:30 AM – 10:00 PM
Friday: 11:30 AM – 11:00 PM
Saturday: 12:00 – 11:00 PM
Sunday: 12:00 – 9:00 PM",1,,,,,,,,,,,,,,,180,9GF6CQV4+32
ChIJkTHCSleTkkYRE0rN1nRr9gw,UMA Restoran,"Peetri tn 12, 10415 Tallinn, Estonia","Peetri tn 12, Tallinn",12,Peetri tänav,,Tallinn,Harju maakond,10415,Estonia,EE,59.4524097,24.730494699999998,https://maps.google.com/?cid=934052122290113043&g_mp=Cilnb29nbGUubWFwcy5wbGFjZXMudjEuUGxhY2VzLlNlYXJjaE5lYXJieRACGAQgAA,https://www.umaresto.ee/,5455 0200,+372 5455 0200,4.5,146,3,$$$,OPERATIONAL,asian_restaurant,Asian Restaurant,"asian_restaurant,restaurant,food,point_of_interest,establishment","Monday: Closed
Tuesday: 5:30 – 10:00 PM
Wednesday: 5:30 – 10:00 PM
Thursday: 5:30 – 10:00 PM
Friday: 5:30 – 11:00 PM
Saturday: 5:30 – 11:00 PM
Sunday: Closed",0,,,,,,,,,,,,,,,180,9GF6FP2J+X5
ChIJOTAgEaSTkkYRTGx_cCKMvNs,Unibet Sports Bar Tallinn,"Vana-Viru tn 13, 10148 Tallinn, Estonia","Vana-Viru tn 13, Tallinn",13,Vana-Viru tänav,,Tallinn,Harju maakond,10148,Estonia,EE,59.437506299999995,24.751925999999997,https://maps.google.com/?cid=15833684469471997004&g_mp=Cilnb29nbGUubWFwcy5wbGFjZXMudjEuUGxhY2VzLlNlYXJjaE5lYXJieRACGAQgAA,https://www.unibetsportsbar.com/,5917 6767,+372 5917 6767,4.3,264,2,$$,OPERATIONAL,sports_bar,Sports Bar,"sports_bar,bar,restaurant,food,point_of_interest,establishment","Monday: Closed
Tuesday: 2:00 PM – 1:00 AM
Wednesday: 2:00 PM – 1:00 AM
Thursday: 2:00 PM – 1:00 AM
Friday: 2:00 PM – 1:00 AM
Saturday: 12:00 PM – 1:00 AM
Sunday: 12:00 PM – 1:00 AM",0,,,,,,,,,,,,,,,180,9GF6CQQ2+2Q
ChIJv7xRSXiTkkYRQ_qzf9SMUrk,Urban bar tallinn,"Roseni tn 9, 10111 Tallinn, Estonia","Roseni tn 9, Tallinn",9,Roseni tänav,,Tallinn,Harju maakond,10111,Estonia,EE,59.439242400000005,24.7550183,https://maps.google.com/?cid=13353890689410398787&g_mp=Cilnb29nbGUubWFwcy5wbGFjZXMudjEuUGxhY2VzLlNlYXJjaE5lYXJieRACGAQgAA,http://www.urbanbar.ee/,5884 8575,+372 5884 8575,4.4,368,2,$$,CLOSED_TEMPORARILY,bar,Bar,"bar,cocktail_bar,live_music_venue,event_venue,restaurant,food,point_of_interest,establishment",,,,,,,,,,,,,,,,,180,9GF6CQQ4+M2
ChIJaWnBkoWVkkYRksTGZtsw5aM,Urban Buns,"Välja 20, 10616 Tallinn, Estonia","Välja 20, Tallinn",20,Välja,,Tallinn,Harju maakond,10616,Estonia,EE,59.424601499999994,24.704812999999998,https://maps.google.com/?cid=11809899316729267346&g_mp=Cilnb29nbGUubWFwcy5wbGFjZXMudjEuUGxhY2VzLlNlYXJjaE5lYXJieRACGAQgAA,https://urbanbuns.choiceqr.com/,8126 6336,+372 8126 6336,4.5,76,2,$$,OPERATIONAL,meal_takeaway,Takeout Restaurant,"meal_takeaway,restaurant,food,point_of_interest,establishment","Monday: Closed
Tuesday: 12:00 – 9:00 PM
Wednesday: 12:00 – 9:00 PM
Thursday: 12:00 – 9:00 PM
Friday: 12:00 – 9:00 PM
Saturday: 12:00 – 9:00 PM
Sunday: Closed",0,,,,,,,,,,,,,,,180,9GF6CPF3+RW
ChIJBa_DUVCUkkYR3kjAlE5aZI4,Uulits,"Kadaka tee 135a, 12915 Tallinn, Estonia","Kadaka tee 135a, Tallinn",135a,Kadaka tee,,Tallinn,Harju maakond,12915,Estonia,EE,59.4119918,24.668063999999998,https://maps.google.com/?cid=10260425144606410974&g_mp=Cilnb29nbGUubWFwcy5wbGFjZXMudjEuUGxhY2VzLlNlYXJjaE5lYXJieRACGAQgAA,http://www.uulits.ee/,5300 8963,+372 5300 8963,4.6,1226,2,$$,OPERATIONAL,hamburger_restaurant,Hamburger Restaurant,"hamburger_restaurant,fast_food_restaurant,american_restaurant,restaurant,food,point_of_interest,establishment","Monday: 11:30 AM – 9:00 PM
Tuesday: 11:30 AM – 10:00 PM
Wednesday: 11:30 AM – 10:00 PM
Thursday: 11:30 AM – 10:00 PM
Friday: 11:30 AM – 10:30 PM
Saturday: 11:30 AM – 10:30 PM
Sunday: 11:30 AM – 9:00 PM",1,,,,,,,,,,,,,,,180,9GF6CM69+Q6
ChIJlRzPbh2TkkYRXbNPcnNOc2o,UusAasia Pirita,"Pirita Keskus 2nd floor, Merivälja tee 24, 11911 Tallinn, Estonia","Pirita Keskus 2nd floor, Merivälja tee 24, Tallinn",24,Merivälja tee,,Tallinn,Harju maakond,11911,Estonia,EE,59.4686605,24.835084,https://maps.google.com/?cid=7670560848088118109&g_mp=Cilnb29nbGUubWFwcy5wbGFjZXMudjEuUGxhY2VzLlNlYXJjaE5lYXJieRACGAQgAA,http://www.uusaasia.ee/,5674 7153,+372 5674 7153,3.5,200,2,$$,OPERATIONAL,restaurant,Restaurant,"restaurant,asian_restaurant,sushi_restaurant,japanese_restaurant,indian_restaurant,food,point_of_interest,establishment","Monday: 10:30 AM – 10:00 PM
Tuesday: 10:30 AM – 10:00 PM
Wednesday: 10:30 AM – 10:00 PM
Thursday: 10:30 AM – 10:00 PM
Friday: 10:30 AM – 10:00 PM
Saturday: 10:30 AM – 10:00 PM
Sunday: 10:30 AM – 10:00 PM",1,,,,,,,,,,,,,,,180,9GF6FR9P+F2
ChIJN21AQGKTkkYRP8nre07Snig,Vana Toomas Restaurant-bistro,"Raekoja plats 8, 10146 Tallinn, Estonia","Raekoja plats 8, Tallinn",8,Raekoja plats,,Tallinn,Harju maakond,10146,Estonia,EE,59.43767760000001,24.7450567,https://maps.google.com/?cid=2927008042365733183&g_mp=Cilnb29nbGUubWFwcy5wbGFjZXMudjEuUGxhY2VzLlNlYXJjaE5lYXJieRACGAQgAA,http://www.vanatoomas.eu/,5668 6518,+372 5668 6518,4.2,998,2,$$,OPERATIONAL,restaurant,Restaurant,"restaurant,lounge_bar,pub,bar,cafe,night_club,food,point_of_interest,establishment","Monday: 10:00 AM – 11:00 PM
Tuesday: 10:00 AM – 11:00 PM
Wednesday: 10:00 AM – 11:00 PM
Thursday: 10:00 AM – 11:00 PM
Friday: 10:00 AM – 11:30 PM
Saturday: 10:00 AM – 11:30 PM
Sunday: 10:00 AM – 11:00 PM",1,,,,,,,,,,,,,,,180,9GF6CPQW+32
ChIJO4xKt2CTkkYRyusoq6JbEVY,Vapiano Hobujaama,"Hobujaama tn 10, 10151 Tallinn, Estonia","Hobujaama tn 10, Tallinn",10,Hobujaama tänav,,Tallinn,Harju maakond,10151,Estonia,EE,59.438686399999995,24.758865099999998,https://maps.google.com/?cid=6201838916080298954&g_mp=Cilnb29nbGUubWFwcy5wbGFjZXMudjEuUGxhY2VzLlNlYXJjaE5lYXJieRACGAQgAA,https://vapiano.ee/,5881 7525,+372 5881 7525,4.2,4836,2,$$,OPERATIONAL,italian_restaurant,Italian Restaurant,"italian_restaurant,pizza_restaurant,european_restaurant,restaurant,food,point_of_interest,establishment","Monday: 11:00 AM – 10:00 PM
Tuesday: 11:00 AM – 10:00 PM
Wednesday: 11:00 AM – 10:00 PM
Thursday: 11:00 AM – 10:00 PM
Friday: 11:00 AM – 11:00 PM
Saturday: 11:00 AM – 11:00 PM
Sunday: 11:00 AM – 10:00 PM",1,,,,,,,,,,,,,,,180,9GF6CQQ5+FG
ChIJAyCX6p-UkkYRWiZOVcP76i8,Vapiano Solaris,"Estonia pst 9, 10143 Tallinn, Estonia","Estonia pst 9, Tallinn",9,Estonia puiestee,,Tallinn,Harju maakond,10143,Estonia,EE,59.433741999999995,24.751125899999998,https://maps.google.com/?cid=3452848880701285978&g_mp=Cilnb29nbGUubWFwcy5wbGFjZXMudjEuUGxhY2VzLlNlYXJjaE5lYXJieRACGAQgAA,https://vapiano.ee/,5193 0993,+372 5193 0993,4.2,2560,2,$$,OPERATIONAL,italian_restaurant,Italian Restaurant,"italian_restaurant,european_restaurant,restaurant,food,point_of_interest,establishment","Monday: 11:00 AM – 10:00 PM
Tuesday: 11:00 AM – 10:00 PM
Wednesday: 11:00 AM – 10:00 PM
Thursday: 11:00 AM – 11:00 PM
Friday: 11:00 AM – 11:00 PM
Saturday: 11:00 AM – 11:00 PM
Sunday: 11:00 AM – 10:00 PM",1,,,,,,,,,,,,,,,180,9GF6CQM2+FF
ChIJOQ47uvPrkkYRMlXozhQ2-Ak,Vapiano Ülemiste,"Suur-Sõjamäe tn 4, 11415 Tallinn, Estonia","Suur-Sõjamäe tn 4, Tallinn",4,Suur-Sõjamäe tänav,,Tallinn,Harju maakond,11415,Estonia,EE,59.4219071,24.7944225,https://maps.google.com/?cid=718383603564172594&g_mp=Cilnb29nbGUubWFwcy5wbGFjZXMudjEuUGxhY2VzLlNlYXJjaE5lYXJieRACGAQgAA,https://vapiano.ee/,5554 5311,+372 5554 5311,4.1,885,2,$$,OPERATIONAL,italian_restaurant,Italian Restaurant,"italian_restaurant,european_restaurant,restaurant,food,point_of_interest,establishment","Monday: 11:00 AM – 9:00 PM
Tuesday: 11:00 AM – 9:00 PM
Wednesday: 11:00 AM – 9:00 PM
Thursday: 11:00 AM – 9:00 PM
Friday: 11:00 AM – 9:00 PM
Saturday: 11:00 AM – 9:00 PM
Sunday: 11:00 AM – 8:00 PM",1,,,,,,,,,,,,,,,180,9GF6CQCV+QQ
ChIJmwg5w52UkkYRqs8FqfZiuTo,Varblane Terrace,"Harju tn 6, 10130 Tallinn, Estonia","Harju tn 6, Tallinn",6,Harju tänav,,Tallinn,Harju maakond,10130,Estonia,EE,59.43427359999999,24.7429527,https://maps.google.com/?cid=4231522136428498858&g_mp=Cilnb29nbGUubWFwcy5wbGFjZXMudjEuUGxhY2VzLlNlYXJjaE5lYXJieRACGAQgAA,https://www.facebook.com/varblane.tallinn/,5333 5313,+372 5333 5313,4.0,287,2,$$,OPERATIONAL,cocktail_bar,Cocktail Bar,"cocktail_bar,bar_and_grill,bar,restaurant,food,point_of_interest,establishment","Monday: 12:00 – 10:00 PM
Tuesday: 12:00 – 11:00 PM
Wednesday: 12:00 – 11:00 PM
Thursday: 12:00 – 11:00 PM
Friday: 12:00 PM – 3:00 AM
Saturday: 12:00 PM – 3:00 AM
Sunday: 12:00 – 10:00 PM",1,,,,,,,,,,,,,,,180,9GF6CPMV+P5
ChIJ8ezFqbjskkYReEnlD4_blyQ,Varkizana Kreeka tavern,"Virbi tn 4, 13629 Tallinn, Estonia","Virbi tn 4, Tallinn",4,Virbi tänav,,Tallinn,Harju maakond,13629,Estonia,EE,59.44081399999999,24.8422078,https://maps.google.com/?cid=2636817514342205816&g_mp=Cilnb29nbGUubWFwcy5wbGFjZXMudjEuUGxhY2VzLlNlYXJjaE5lYXJieRACGAQgAA,https://www.facebook.com/Varkizana-Kreeka-tavern-965764546774951/,644 6000,+372 644 6000,4.8,475,2,$$,CLOSED_TEMPORARILY,greek_restaurant,Greek Restaurant,"greek_restaurant,mediterranean_restaurant,european_restaurant,restaurant,food,point_of_interest,establishment",,,,,,,,,,,,,,,,,180,9GF6CRRR+8V
ChIJFZZYb-6VkkYRp5VD-KcHI8s,Veerenni Söökla,"Veerenni tn 56, 11313 Tallinn, Estonia","Veerenni tn 56, Tallinn",56,Veerenni tänav,,Tallinn,Harju maakond,11313,Estonia,EE,59.412675699999994,24.7554713,https://maps.google.com/?cid=14637551631890355623&g_mp=Cilnb29nbGUubWFwcy5wbGFjZXMudjEuUGxhY2VzLlNlYXJjaE5lYXJieRACGAQgAA,http://www.veerennisookla.ee/,518 8012,+372 518 8012,4.6,136,1,$,OPERATIONAL,restaurant,Restaurant,"restaurant,food,point_of_interest,establishment","Monday: 9:00 AM – 4:00 PM
Tuesday: 9:00 AM – 4:00 PM
Wednesday: 9:00 AM – 4:00 PM
Thursday: 9:00 AM – 4:00 PM
Friday: 9:00 AM – 4:00 PM
Saturday: Closed
Sunday: Closed",1,,,,,,,,,,,,,,,180,9GF6CQ74+35
ChIJ8wAlKgqTkkYRIEg8WWJHjZQ,Veg B12 VEGANKOHVIK,"Kopli tn, 10412 Tallinn, Estonia","Kopli tn, Tallinn",,Kopli tänav,,Tallinn,Harju maakond,10412,Estonia,EE,59.441020599999995,24.7367405,https://maps.google.com/?cid=10704290377059026976&g_mp=Cilnb29nbGUubWFwcy5wbGFjZXMudjEuUGxhY2VzLlNlYXJjaE5lYXJieRACGAQgAA,http://www.vegb12.ee/,5199 7679,+372 5199 7679,4.8,226,1,$,OPERATIONAL,vegan_restaurant,Vegan Restaurant,"vegan_restaurant,vegetarian_restaurant,restaurant,food,point_of_interest,establishment","Monday: 9:00 AM – 7:00 PM
Tuesday: 9:00 AM – 7:00 PM
Wednesday: 9:00 AM – 7:00 PM
Thursday: 9:00 AM – 7:00 PM
Friday: 9:00 AM – 7:00 PM
Saturday: 9:00 AM – 7:00 PM
Sunday: 9:00 AM – 5:00 PM",1,,,,,,,,,,,,,,,180,9GF6CPRP+CM
ChIJx9u64nyTkkYRnBa-gigYlVI,Veg Machine,"Kopli tn 1, 10149 Tallinn, Estonia","Kopli tn 1, Tallinn",1,Kopli tänav,,Tallinn,Harju maakond,10149,Estonia,EE,59.44105189999999,24.7353553,https://maps.google.com/?cid=5950689044911232668&g_mp=Cilnb29nbGUubWFwcy5wbGFjZXMudjEuUGxhY2VzLlNlYXJjaE5lYXJieRACGAQgAA,https://vegmachine.ee/balta/?y_source=1_MzU5NjMwNzgtNzE1LWxvY2F0aW9uLndlYnNpdGU%3D,5647 6253,+372 5647 6253,4.8,631,2,$$,OPERATIONAL,restaurant,Restaurant,"restaurant,catering_service,food_delivery,service,food,point_of_interest,establishment","Monday: 11:00 AM – 7:45 PM
Tuesday: 11:00 AM – 7:45 PM
Wednesday: 11:00 AM – 7:45 PM
Thursday: 11:00 AM – 7:45 PM
Friday: 11:00 AM – 7:45 PM
Saturday: 11:00 AM – 7:45 PM
Sunday: 11:00 AM – 5:45 PM",1,,,,,,,,,,,,,,,180,9GF6CPRP+C4
ChIJofpVY2KTkkYRGqX6iRi16jE,Vegan Restoran V,"Rataskaevu tn 12, 10123 Tallinn, Estonia","Rataskaevu tn 12, Tallinn",12,Rataskaevu tänav,,Tallinn,Harju maakond,10123,Estonia,EE,59.43715829999999,24.7425313,https://maps.google.com/?cid=3596886369407509786&g_mp=Cilnb29nbGUubWFwcy5wbGFjZXMudjEuUGxhY2VzLlNlYXJjaE5lYXJieRACGAQgAA,http://www.veganrestoran.ee/,626 9087,+372 626 9087,4.8,3245,2,$$,OPERATIONAL,vegan_restaurant,Vegan Restaurant,"vegan_restaurant,vegetarian_restaurant,restaurant,food,point_of_interest,establishment","Monday: 12:00 – 11:00 PM
Tuesday: 12:00 – 11:00 PM
Wednesday: 12:00 – 11:00 PM
Thursday: 12:00 – 11:00 PM
Friday: 12:00 – 11:00 PM
Saturday: 12:00 – 11:00 PM
Sunday: 12:00 – 11:00 PM",1,,,,,,,,,,,,,,,180,9GF6CPPV+V2
ChIJu1VyJmKTkkYRmWTn6UJfJRA,Veinirestoran Dominic,"Vene tn 10, 10123 Tallinn, Estonia","Vene tn 10, Tallinn",10,Vene tänav,,Tallinn,Harju maakond,10123,Estonia,EE,59.437552700000005,24.747299500000004,https://maps.google.com/?cid=1163440819741877401&g_mp=Cilnb29nbGUubWFwcy5wbGFjZXMudjEuUGxhY2VzLlNlYXJjaE5lYXJieRACGAQgAA,https://www.restoran.ee/,641 0400,+372 641 0400,4.8,635,3,$$$,OPERATIONAL,restaurant,Restaurant,"restaurant,wine_bar,italian_restaurant,european_restaurant,bar,food,point_of_interest,establishment","Monday: 12:00 – 11:00 PM
Tuesday: 12:00 – 11:00 PM
Wednesday: 12:00 – 11:00 PM
Thursday: 12:00 – 11:00 PM
Friday: 12:00 – 11:00 PM
Saturday: 12:00 – 11:00 PM
Sunday: Closed",1,,,,,,,,,,,,,,,180,9GF6CPQW+2W
ChIJ4fkHhIKTkkYRqP44LxvjM48,Vernalia cafe,"Tööstuse tn 48, 10416 Tallinn, Estonia","Tööstuse tn 48, Tallinn",48,Tööstuse tänav,,Tallinn,Harju maakond,10416,Estonia,EE,59.449432900000005,24.7254799,https://maps.google.com/?cid=10318840877131824808&g_mp=Cilnb29nbGUubWFwcy5wbGFjZXMudjEuUGxhY2VzLlNlYXJjaE5lYXJieRACGAQgAA,https://vernaliakohvik.ee/,652 9007,+372 652 9007,4.6,464,1,$,OPERATIONAL,cafe,Cafe,"cafe,breakfast_restaurant,restaurant,food,point_of_interest,establishment","Monday: 9:00 AM – 5:00 PM
Tuesday: 9:00 AM – 5:00 PM
Wednesday: 9:00 AM – 5:00 PM
Thursday: 9:00 AM – 5:00 PM
Friday: 9:00 AM – 5:00 PM
Saturday: Closed
Sunday: Closed",1,,,,,,,,,,,,,,,180,9GF6CPXG+Q5
ChIJ7dW-Jr6VkkYRvQqSUdcpRIA,Vesipapi Buffet,"Vesipapi tn 4, 10620 Tallinn, Estonia","Vesipapi tn 4, Tallinn",4,Vesipapi tänav,,Tallinn,Harju maakond,10620,Estonia,EE,59.415353499999995,24.6927405,https://maps.google.com/?cid=9242558340034333373&g_mp=Cilnb29nbGUubWFwcy5wbGFjZXMudjEuUGxhY2VzLlNlYXJjaE5lYXJieRACGAQgAA,https://www.facebook.com/profile.php?id=100087639377872,,,4.7,68,1,$,OPERATIONAL,restaurant,Restaurant,"restaurant,brunch_restaurant,food,point_of_interest,establishment","Monday: 8:00 AM – 3:00 PM
Tuesday: 8:00 AM – 3:00 PM
Wednesday: 8:00 AM – 3:00 PM
Thursday: 8:00 AM – 3:00 PM
Friday: 8:00 AM – 3:00 PM
Saturday: Closed
Sunday: Closed",1,,,,,,,,,,,,,,,180,9GF6CM8V+43
ChIJ_yb1XriVkkYRSdGj9RC3EEM,Vesipiip Tallinn OU - Cosmosepiibud Lounge,"Tartu mnt 42, 10115 Tallinn, Estonia","Tartu mnt 42, Tallinn",42,Tartu maantee,,Tallinn,Harju maakond,10115,Estonia,EE,59.430859700000006,24.769560499999997,https://maps.google.com/?cid=4832563683637055817&g_mp=Cilnb29nbGUubWFwcy5wbGFjZXMudjEuUGxhY2VzLlNlYXJjaE5lYXJieRACGAQgAA,http://www.cosmosepiibudlounge.ee/,5633 6414,+372 5633 6414,4.5,91,2,$$,OPERATIONAL,hookah_bar,Hookah Bar,"hookah_bar,meal_takeaway,bar,restaurant,food,point_of_interest,establishment","Monday: 12:00 PM – 12:00 AM
Tuesday: 12:00 PM – 12:00 AM
Wednesday: 12:00 PM – 12:00 AM
Thursday: 12:00 PM – 12:00 AM
Friday: 12:00 PM – 2:00 AM
Saturday: 12:00 PM – 2:00 AM
Sunday: 12:00 PM – 12:00 AM",1,,,,,,,,,,,,,,,180,9GF6CQJ9+8R
ChIJ59ZCT1eTkkYR-7TqNw8zT4A,Vesivärava Grill,"Vesivärava tn 42, 10152 Tallinn, Estonia","Vesivärava tn 42, Tallinn",42,Vesivärava tänav,,Tallinn,Harju maakond,10152,Estonia,EE,59.4341739,24.780732399999998,https://maps.google.com/?cid=9245664700470572283&g_mp=Cilnb29nbGUubWFwcy5wbGFjZXMudjEuUGxhY2VzLlNlYXJjaE5lYXJieRACGAQgAA,http://www.vesivarava.ee/,5665 5313,+372 5665 5313,4.6,618,2,$$,OPERATIONAL,hamburger_restaurant,Hamburger Restaurant,"hamburger_restaurant,fast_food_restaurant,american_restaurant,restaurant,food,point_of_interest,establishment","Monday: 12:00 – 7:00 PM
Tuesday: 12:00 – 7:00 PM
Wednesday: 12:00 – 7:00 PM
Thursday: 12:00 – 7:00 PM
Friday: 12:00 – 7:00 PM
Saturday: 12:00 – 7:00 PM
Sunday: 12:00 – 6:00 PM",1,,,,,,,,,,,,,,,180,9GF6CQMJ+M7
ChIJiwrwqD6UkkYRmbH0NhsXXL8,Veska Grill & Coffee,"Haabersti tn 3, 13516 Tallinn, Estonia","Haabersti tn 3, Tallinn",3,Haabersti tänav,,Tallinn,Harju maakond,13516,Estonia,EE,59.426141099999995,24.644370799999997,https://maps.google.com/?cid=13788921564755177881&g_mp=Cilnb29nbGUubWFwcy5wbGFjZXMudjEuUGxhY2VzLlNlYXJjaE5lYXJieRACGAQgAA,http://www.veskagrill.ee/,5437 0301,+372 5437 0301,4.8,91,1,$,OPERATIONAL,restaurant,Restaurant,"restaurant,coffee_shop,cafe,food_store,store,food,point_of_interest,establishment","Monday: 10:00 AM – 8:00 PM
Tuesday: 10:00 AM – 8:00 PM
Wednesday: 10:00 AM – 8:00 PM
Thursday: 10:00 AM – 8:00 PM
Friday: 10:00 AM – 8:00 PM
Saturday: 10:00 AM – 6:00 PM
Sunday: 10:00 AM – 4:00 PM",1,,,,,,,,,,,,,,,180,9GF6CJGV+FP
ChIJGxeLmCyVkkYRSWPWIlcs5qk,Veska Söök ja Kook kohvik,"Mustjõe tn 43, 10617 Tallinn, Estonia","Mustjõe tn 43, Tallinn",43,Mustjõe tänav,,Tallinn,Harju maakond,10617,Estonia,EE,59.423819800000004,24.6849387,https://maps.google.com/?cid=12242521389811524425&g_mp=Cilnb29nbGUubWFwcy5wbGFjZXMudjEuUGxhY2VzLlNlYXJjaE5lYXJieRACGAQgAA,http://www.veska.ee/,5612 2156,+372 5612 2156,4.9,81,1,$,OPERATIONAL,restaurant,Restaurant,"restaurant,food,point_of_interest,establishment","Monday: 8:30 AM – 3:00 PM
Tuesday: 8:30 AM – 3:00 PM
Wednesday: 8:30 AM – 3:00 PM
Thursday: 8:30 AM – 3:00 PM
Friday: 8:30 AM – 3:00 PM
Saturday: Closed
Sunday: Closed",1,,,,,,,,,,,,,,,180,9GF6CMFM+GX
ChIJkT3Gm1mUkkYR10hNptBZrg8,VESKI KÕRTS,"Tondi tn 17, 11313 Tallinn, Estonia","Tondi tn 17, Tallinn",17,Tondi tänav,,Tallinn,Harju maakond,11313,Estonia,EE,59.4123394,24.735554099999998,https://maps.google.com/?cid=1129939309194725591&g_mp=Cilnb29nbGUubWFwcy5wbGFjZXMudjEuUGxhY2VzLlNlYXJjaE5lYXJieRACGAQgAA,http://veskikorts.ee/,650 3299,+372 650 3299,4.4,807,1,$,OPERATIONAL,bistro,Bistro,"bistro,restaurant,food,point_of_interest,establishment","Monday: 8:00 AM – 5:00 PM
Tuesday: 8:00 AM – 5:00 PM
Wednesday: 8:00 AM – 5:00 PM
Thursday: 8:00 AM – 5:00 PM
Friday: 8:00 AM – 5:00 PM
Saturday: Closed
Sunday: Closed",1,,,,,,,,,,,,,,,180,9GF6CP6P+W6
ChIJZUwQYwCTkkYRm3zZrrR8Wvs,VESTA,"Tööstuse tn 88, 10416 Tallinn, Estonia","Tööstuse tn 88, Tallinn",88,Tööstuse tänav,,Tallinn,Harju maakond,10416,Estonia,EE,59.454133,24.7072027,https://maps.google.com/?cid=18111925966893317275&g_mp=Cilnb29nbGUubWFwcy5wbGFjZXMudjEuUGxhY2VzLlNlYXJjaE5lYXJieRACGAQgAA,http://www.vestavesta.ee/,5353 3576,+372 5353 3576,4.7,192,2,$$,OPERATIONAL,restaurant,Restaurant,"restaurant,food,point_of_interest,establishment","Monday: Closed
Tuesday: 5:00 – 11:00 PM
Wednesday: 5:00 – 11:00 PM
Thursday: 5:00 – 11:00 PM
Friday: 5:00 PM – 12:00 AM
Saturday: 5:00 PM – 12:00 AM
Sunday: Closed",0,,,,,,,,,,,,,,,180,9GF6FP34+MV
ChIJi7AUVQCVkkYRbCp-kLqcM7s,Vihmametsa restoran,"13517 Tallinn, Estonia",Tallinn,,,,Tallinn,Harju County,13517,Estonia,EE,59.4201348,24.660766799999998,https://maps.google.com/?cid=13489297634006805100&g_mp=Cilnb29nbGUubWFwcy5wbGFjZXMudjEuUGxhY2VzLlNlYXJjaE5lYXJieRACGAQgAA,,,,3.6,25,2,$$,OPERATIONAL,restaurant,Restaurant,"restaurant,food,point_of_interest,establishment","Monday: 10:00 AM – 7:00 PM
Tuesday: 10:00 AM – 7:00 PM
Wednesday: 10:00 AM – 7:00 PM
Thursday: 10:00 AM – 7:00 PM
Friday: 10:00 AM – 7:00 PM
Saturday: 10:00 AM – 7:00 PM
Sunday: 10:00 AM – 7:00 PM",1,,,,,,,,,,,,,,,180,9GF6CMC6+38
ChIJ6aWPvVuTkkYReUfSC4R1Epg,Villa Thai,"J. Vilmsi tn 6, 10126 Tallinn, Estonia","J. Vilmsi tn 6, Tallinn",6,J. Vilmsi tänav,,Tallinn,Harju maakond,10126,Estonia,EE,59.438219,24.774621999999997,https://maps.google.com/?cid=10957950053340301177&g_mp=Cilnb29nbGUubWFwcy5wbGFjZXMudjEuUGxhY2VzLlNlYXJjaE5lYXJieRACGAQgAA,http://www.villathai.ee/,641 9347,+372 641 9347,4.6,1395,2,$$,OPERATIONAL,thai_restaurant,Thai Restaurant,"thai_restaurant,indian_restaurant,restaurant,point_of_interest,food,establishment","Monday: 11:30 AM – 11:00 PM
Tuesday: 11:30 AM – 11:00 PM
Wednesday: 11:30 AM – 11:00 PM
Thursday: 11:30 AM – 11:00 PM
Friday: 11:30 AM – 11:00 PM
Saturday: 12:00 – 11:00 PM
Sunday: 12:00 – 9:00 PM",1,,,,,,,,,,,,,,,180,9GF6CQQF+7R
ChIJbWVHVMfskkYROHO_tvcfujo,Virbi Peetri Pizza,"Virbi tn 8, 13629 Tallinn, Estonia","Virbi tn 8, Tallinn",8,Virbi tänav,,Tallinn,Harju maakond,13629,Estonia,EE,59.44109449999999,24.8430656,https://maps.google.com/?cid=4231729948651385656&g_mp=Cilnb29nbGUubWFwcy5wbGFjZXMudjEuUGxhY2VzLlNlYXJjaE5lYXJieRACGAQgAA,http://peetripizza.ee/,5302 2278,+372 5302 2278,3.9,104,1,$,OPERATIONAL,restaurant,Restaurant,"restaurant,food,point_of_interest,establishment","Monday: 11:00 AM – 10:00 PM
Tuesday: 11:00 AM – 10:00 PM
Wednesday: 11:00 AM – 10:00 PM
Thursday: 11:00 AM – 10:00 PM
Friday: 11:00 AM – 11:00 PM
Saturday: 11:00 AM – 11:00 PM
Sunday: 11:00 AM – 11:00 PM",1,,,,,,,,,,,,,,,180,9GF6CRRV+C6
ChIJAWusDeOTkkYR8kGBdlaB6UU,Viru Burger x Hobujaama,"Narva mnt 5, 10411 Tallinn, Estonia","Narva mnt 5, Tallinn",5,Narva maantee,,Tallinn,Harju maakond,10411,Estonia,EE,59.4384202,24.7586987,https://maps.google.com/?cid=5037699866545963506&g_mp=Cilnb29nbGUubWFwcy5wbGFjZXMudjEuUGxhY2VzLlNlYXJjaE5lYXJieRACGAQgAA,https://viruburger.ee/,5333 2484,+372 5333 2484,4.6,401,2,$$,OPERATIONAL,restaurant,Restaurant,"restaurant,food,point_of_interest,establishment","Monday: 11:30 AM – 9:00 PM
Tuesday: 11:30 AM – 9:00 PM
Wednesday: 11:30 AM – 9:00 PM
Thursday: 11:30 AM – 9:00 PM
Friday: 11:30 AM – 10:00 PM
Saturday: 11:30 AM – 10:00 PM
Sunday: 11:30 AM – 8:00 PM",1,,,,,,,,,,,,,,,180,9GF6CQQ5+9F
ChIJmwXRmcyVkkYRcvvEsESruPY,Viru Burger x Mustamäe Keskus,"A. H. Tammsaare tee 104a, 12918 Tallinn, Estonia","A. H. Tammsaare tee 104a, Tallinn",104a,A. H. Tammsaare tee,,Tallinn,Harju maakond,12918,Estonia,EE,59.4082308,24.689599599999998,https://maps.google.com/?cid=17778147840556858226&g_mp=Cilnb29nbGUubWFwcy5wbGFjZXMudjEuUGxhY2VzLlNlYXJjaE5lYXJieRACGAQgAA,https://facebook.com/viruburger,5333 1261,+372 5333 1261,4.1,106,2,$$,OPERATIONAL,hamburger_restaurant,Hamburger Restaurant,"hamburger_restaurant,american_restaurant,restaurant,food,point_of_interest,establishment","Monday: 11:30 AM – 9:00 PM
Tuesday: 11:30 AM – 9:00 PM
Wednesday: 11:30 AM – 9:00 PM
Thursday: 11:30 AM – 9:00 PM
Friday: 11:30 AM – 10:00 PM
Saturday: 11:30 AM – 10:00 PM
Sunday: 11:30 AM – 8:00 PM",1,,,,,,,,,,,,,,,180,9GF6CM5Q+7R
ChIJh_Wkd4eTkkYRWR8weAwS664,Viru Kebab baar,"Viru 17, 10140 Tallinn, Estonia","Viru 17, Tallinn",17,Viru,,Tallinn,Harju maakond,10140,Estonia,EE,59.4366257,24.7496352,https://maps.google.com/?cid=12604187826891792217&g_mp=Cilnb29nbGUubWFwcy5wbGFjZXMudjEuUGxhY2VzLlNlYXJjaE5lYXJieRACGAQgAA,,,,3.8,549,1,$,OPERATIONAL,turkish_restaurant,Turkish Restaurant,"fast_food_restaurant,turkish_restaurant,restaurant,food,point_of_interest,establishment","Monday: 10:00 AM – 6:00 AM
Tuesday: 10:00 AM – 6:00 AM
Wednesday: 10:00 AM – 6:00 AM
Thursday: 10:00 AM – 6:00 AM
Friday: 10:00 AM – 6:00 AM
Saturday: 10:00 AM – 6:00 AM
Sunday: 10:00 AM – 6:00 AM",1,,,,,,,,,,,,,,,180,9GF6CPPX+MV
ChIJubrSXPOTkkYRmNg4YEtUCBI,Viru Lokaal,"Viru 6, 10140 Tallinn, Estonia","Viru 6, Tallinn",6,Viru,,Tallinn,Harju maakond,10140,Estonia,EE,59.43675220000001,24.747462499999997,https://maps.google.com/?cid=1299381175210006680&g_mp=Cilnb29nbGUubWFwcy5wbGFjZXMudjEuUGxhY2VzLlNlYXJjaE5lYXJieRACGAQgAA,"https://www.google.com/search?sca_esv=159f37a1251190f9&authuser=0&hl=en&gl=ee&q=Viru+Lokaal&ludocid=1299381175210006680&lsig=AB86z5UJrtSVHLeyjYfrVoj-7H_s&ved=1i:5,t:109124,e:4,p:D_EEZ4WNHY6C1fIPvYHxsAo:94",5367 8294,+372 5367 8294,4.5,1562,2,$$,OPERATIONAL,pub,Pub,"pub,sports_bar,bar,live_music_venue,event_venue,restaurant,food,point_of_interest,establishment","Monday: 10:00 AM – 2:00 AM
Tuesday: 10:00 AM – 2:00 AM
Wednesday: 10:00 AM – 2:00 AM
Thursday: 10:00 AM – 2:00 AM
Friday: 10:00 AM – 3:00 AM
Saturday: 10:00 AM – 3:00 AM
Sunday: 10:00 AM – 2:00 AM",1,,,,,,,,,,,,,,,180,9GF6CPPW+PX
ChIJHeipiDCTkkYRro2Lw7z8odc,Viru Toidutänav / Viru Foodhall,"Viru väljak 4, 10111 Tallinn, Estonia","Viru väljak 4, Tallinn",4,Viru väljak,,Tallinn,Harju maakond,10111,Estonia,EE,59.436484699999994,24.7549107,https://maps.google.com/?cid=15537978077069675950&g_mp=Cilnb29nbGUubWFwcy5wbGFjZXMudjEuUGxhY2VzLlNlYXJjaE5lYXJieRACGAQgAA,http://www.virukeskus.com/toitlustus,610 1444,+372 610 1444,4.4,135,2,$$,OPERATIONAL,restaurant,Restaurant,"restaurant,food_court,asian_fusion_restaurant,coffee_shop,asian_restaurant,sushi_restaurant,liquor_store,italian_restaurant,fusion_restaurant,cafe,japanese_restaurant,european_restaurant,bakery,food_store,store,food,point_of_interest,establishment","Monday: 11:00 AM – 9:00 PM
Tuesday: 11:00 AM – 9:00 PM
Wednesday: 11:00 AM – 9:00 PM
Thursday: 11:00 AM – 9:00 PM
Friday: 11:00 AM – 11:00 PM
Saturday: 11:00 AM – 11:00 PM
Sunday: 11:00 AM – 9:00 PM",1,,,,,,,,,,,,,,,180,9GF6CQP3+HX
ChIJhcUmweSTkkYR6oTt-CdokDQ,Vistamare Pizzeria,"Kalaranna tn 8-5, 10415 Tallinn, Estonia","Kalaranna tn 8-5, Tallinn",8,Kalaranna tänav,,Tallinn,Harju maakond,10415,Estonia,EE,59.44763369999999,24.747601799999998,https://maps.google.com/?cid=3787641807507916010&g_mp=Cilnb29nbGUubWFwcy5wbGFjZXMudjEuUGxhY2VzLlNlYXJjaE5lYXJieRACGAQgAA,https://www.vistamare.ee/,5422 0026,+372 5422 0026,4.5,113,2,$$,OPERATIONAL,pizza_restaurant,Pizza Restaurant,"pizza_restaurant,restaurant,food,point_of_interest,establishment","Monday: 12:00 – 10:00 PM
Tuesday: 12:00 – 10:00 PM
Wednesday: 12:00 – 10:00 PM
Thursday: 12:00 – 10:00 PM
Friday: 12:00 – 10:00 PM
Saturday: 12:00 – 10:00 PM
Sunday: 12:00 – 9:00 PM",1,,,,,,,,,,,,,,,180,9GF6CPXX+32
ChIJuQDZRyuTkkYRDnDLznS_iFA,Vixen Steakhouse,"Lai 44, 10133 Tallinn, Estonia","Lai 44, Tallinn",44,Lai,,Tallinn,Harju maakond,10133,Estonia,EE,59.44073659999999,24.746779,https://maps.google.com/?cid=5803098628273434638&g_mp=Cilnb29nbGUubWFwcy5wbGFjZXMudjEuUGxhY2VzLlNlYXJjaE5lYXJieRACGAQgAA,https://www.vixen.ee/steakhouse,5883 7200,+372 5883 7200,4.8,86,,,OPERATIONAL,restaurant,Restaurant,"restaurant,food,point_of_interest,establishment","Monday: Closed
Tuesday: Closed
Wednesday: 5:00 – 10:00 PM
Thursday: 5:00 – 10:00 PM
Friday: 5:00 – 10:00 PM
Saturday: 5:00 – 10:00 PM
Sunday: 5:00 – 10:00 PM",0,,,,,,,,,,,,,,,180,9GF6CPRW+7P
ChIJlUWVYqmTkkYR7Tc4fkKhc3s,VLND Burger Balti Jaama Turul,"Kopli tn 1, 10412 Tallinn, Estonia","Kopli tn 1, Tallinn",1,Kopli tänav,,Tallinn,Harju maakond,10412,Estonia,EE,59.44114189999999,24.7350227,https://maps.google.com/?cid=8895630995944388589&g_mp=Cilnb29nbGUubWFwcy5wbGFjZXMudjEuUGxhY2VzLlNlYXJjaE5lYXJieRACGAQgAA,http://vlndburger.ee/,5397 7171,+372 5397 7171,4.4,813,2,$$,OPERATIONAL,hamburger_restaurant,Hamburger Restaurant,"hamburger_restaurant,american_restaurant,restaurant,food,point_of_interest,establishment","Monday: 11:00 AM – 3:00 PM, 4:00 – 8:00 PM
Tuesday: 11:00 AM – 3:00 PM, 4:00 – 8:00 PM
Wednesday: 11:00 AM – 3:00 PM, 4:00 – 8:00 PM
Thursday: 11:00 AM – 3:00 PM, 4:00 – 8:00 PM
Friday: 11:00 AM – 3:00 PM, 4:00 – 8:00 PM
Saturday: 11:00 AM – 3:00 PM, 4:00 – 8:00 PM
Sunday: 11:00 AM – 3:00 PM, 4:00 – 6:00 PM",1,,,,,,,,,,,,,,,180,9GF6CPRP+F2
ChIJS-aF9luTkkYR0pabrOYWcSQ,VLND Burger Vanalinn,"Kullassepa tn 4, 10146 Tallinn, Estonia","Kullassepa tn 4, Tallinn",4,Kullassepa tänav,,Tallinn,Harju maakond,10146,Estonia,EE,59.436520099999996,24.7444086,https://maps.google.com/?cid=2625905237727876818&g_mp=Cilnb29nbGUubWFwcy5wbGFjZXMudjEuUGxhY2VzLlNlYXJjaE5lYXJieRACGAQgAA,https://vlndburger.ee/,5858 3705,+372 5858 3705,4.4,62,2,$$,OPERATIONAL,hamburger_restaurant,Hamburger Restaurant,"hamburger_restaurant,american_restaurant,restaurant,food,point_of_interest,establishment","Monday: 12:00 – 9:00 PM
Tuesday: 12:00 – 9:00 PM
Wednesday: 12:00 – 9:00 PM
Thursday: 12:00 – 9:00 PM
Friday: 12:00 – 10:00 PM
Saturday: 12:00 – 10:00 PM
Sunday: 12:00 – 8:00 PM",1,,,,,,,,,,,,,,,180,9GF6CPPV+JQ
ChIJLSste2KTkkYRk-hliBgKLhE,Von Krahl,"Telliskivi tn 60a-9, 10412 Tallinn, Estonia","Telliskivi tn 60a-9, Tallinn",60a,Telliskivi tänav,,Tallinn,Harju maakond,10412,Estonia,EE,59.438205499999995,24.7287213,https://maps.google.com/?cid=1237938048057338003&g_mp=Cilnb29nbGUubWFwcy5wbGFjZXMudjEuUGxhY2VzLlNlYXJjaE5lYXJieRACGAQgAA,http://www.vonkrahl.ee/,5444 0420,+372 5444 0420,4.7,595,,,OPERATIONAL,performing_arts_theater,Performing Arts Theater,"performing_arts_theater,live_music_venue,event_venue,restaurant,food,point_of_interest,establishment",,,,,,,,,,,,,,,,,180,9GF6CPQH+7F
ChIJORLH-XyTkkYRfwi1yquY1n0,Vrapikohvik Wrap´n´Roll Balti Jaama Turul,"Kopli tn 1, 10411 Tallinn, Estonia","Kopli tn 1, Tallinn",1,Kopli tänav,,Tallinn,Harju maakond,10411,Estonia,EE,59.441066799999994,24.7352752,https://maps.google.com/?cid=9067602763364763775&g_mp=Cilnb29nbGUubWFwcy5wbGFjZXMudjEuUGxhY2VzLlNlYXJjaE5lYXJieRACGAQgAA,https://www.vrapikohvik.ee/,5691 0050,+372 5691 0050,3.7,127,1,$,OPERATIONAL,fast_food_restaurant,Fast Food Restaurant,"fast_food_restaurant,restaurant,food,point_of_interest,establishment","Monday: 9:00 AM – 8:00 PM
Tuesday: 9:00 AM – 8:00 PM
Wednesday: 9:00 AM – 8:00 PM
Thursday: 9:00 AM – 8:00 PM
Friday: 9:00 AM – 8:00 PM
Saturday: 9:00 AM – 8:00 PM
Sunday: 9:00 AM – 6:00 PM",1,,,,,,,,,,,,,,,180,9GF6CPRP+C4
ChIJTZt7IMCVkkYR0H5GT3g0n1I,VÕIVÕI Arter,"Liivalaia tn 36, 10132 Tallinn, Estonia","Parking lot, Liivalaia tn 36, Tallinn",36,Liivalaia tänav,,Tallinn,Harju maakond,10132,Estonia,EE,59.429859099999994,24.7592864,https://maps.google.com/?cid=5953534923737824976&g_mp=Cilnb29nbGUubWFwcy5wbGFjZXMudjEuUGxhY2VzLlNlYXJjaE5lYXJieRACGAQgAA,https://www.voivoi.ee/,5809 0025,+372 5809 0025,4.1,189,,,OPERATIONAL,restaurant,Restaurant,"restaurant,food,point_of_interest,establishment","Monday: 5:00 PM – 12:00 AM
Tuesday: 5:00 PM – 12:00 AM
Wednesday: 5:00 PM – 12:00 AM
Thursday: 5:00 PM – 12:00 AM
Friday: 5:00 PM – 12:00 AM
Saturday: 5:00 PM – 12:00 AM
Sunday: Closed",0,,,,,,,,,,,,,,,180,9GF6CQH5+WP
ChIJb4FCEJmTkkYRCv0jlg2-IBw,VÕIVÕI Vanalinn,"Dunkri tn 8, 10123 Tallinn, Estonia","Dunkri tn 8, Tallinn",8,Dunkri tänav,,Tallinn,Harju maakond,10123,Estonia,EE,59.4369683,24.743296899999997,https://maps.google.com/?cid=2026828797879516426&g_mp=Cilnb29nbGUubWFwcy5wbGFjZXMudjEuUGxhY2VzLlNlYXJjaE5lYXJieRACGAQgAA,https://voivoi.ee/vanalinn,558 8335,+372 558 8335,4.9,85,3,$$$,OPERATIONAL,restaurant,Restaurant,"restaurant,food,point_of_interest,establishment","Monday: 12:00 PM – 12:00 AM
Tuesday: 12:00 PM – 12:00 AM
Wednesday: 12:00 PM – 12:00 AM
Thursday: 12:00 PM – 12:00 AM
Friday: 12:00 PM – 12:00 AM
Saturday: 12:00 PM – 12:00 AM
Sunday: 12:00 PM – 12:00 AM",1,,,,,,,,,,,,,,,180,9GF6CPPV+Q8
ChIJIXcwdmKTkkYR-HGY5aqV4Ew,Väike-rataskaevu​,"Niguliste tn 6, 10123 Tallinn, Estonia","Niguliste tn 6, Tallinn",6,Niguliste tänav,,Tallinn,Harju maakond,10123,Estonia,EE,59.436424699999996,24.742901,https://maps.google.com/?cid=5539592102894662136&g_mp=Cilnb29nbGUubWFwcy5wbGFjZXMudjEuUGxhY2VzLlNlYXJjaE5lYXJieRACGAQgAA,http://rataskaevu16.ee/,601 1311,+372 601 1311,4.8,1546,2,$$,OPERATIONAL,restaurant,Restaurant,"restaurant,food,point_of_interest,establishment","Monday: 6:00 – 11:00 PM
Tuesday: 6:00 – 11:00 PM
Wednesday: 6:00 – 11:00 PM
Thursday: 6:00 – 11:00 PM
Friday: 6:00 PM – 12:00 AM
Saturday: 12:00 PM – 12:00 AM
Sunday: 6:00 – 11:00 PM",0,,,,,,,,,,,,,,,180,9GF6CPPV+H5
ChIJX1xwsUOTkkYRQHjTq0TF3fQ,Värav Volta,"Volta tn 1a, 10411 Tallinn, Estonia","Volta tn 1a, Tallinn",1a,Volta tänav,,Tallinn,Harju maakond,10411,Estonia,EE,59.44551449999999,24.723502,https://maps.google.com/?cid=17644475813838682176&g_mp=Cilnb29nbGUubWFwcy5wbGFjZXMudjEuUGxhY2VzLlNlYXJjaE5lYXJieRACGAQgAA,,,,4.6,41,2,$$,OPERATIONAL,breakfast_restaurant,Breakfast Restaurant,"breakfast_restaurant,restaurant,food,point_of_interest,establishment","Monday: 8:00 AM – 5:00 PM
Tuesday: 8:00 AM – 5:00 PM
Wednesday: 8:00 AM – 5:00 PM
Thursday: 8:00 AM – 5:00 PM
Friday: 8:00 AM – 5:00 PM
Saturday: 9:00 AM – 4:00 PM
Sunday: 9:00 AM – 4:00 PM",1,,,,,,,,,,,,,,,180,9GF6CPWF+6C
ChIJcaWzSF6VkkYR6Bdm6yvmsWk,Wall Street Burger Kadaka,"Kadaka tee 70c, 12618 Tallinn, Estonia","Kadaka tee 70c, Tallinn",70c,Kadaka tee,,Tallinn,Harju maakond,12618,Estonia,EE,59.4068955,24.658816599999998,https://maps.google.com/?cid=7616121521167538152&g_mp=Cilnb29nbGUubWFwcy5wbGFjZXMudjEuUGxhY2VzLlNlYXJjaE5lYXJieRACGAQgAA,https://wallst.ee/,5600 3719,+372 5600 3719,3.5,49,2,$$,OPERATIONAL,hamburger_restaurant,Hamburger Restaurant,"hamburger_restaurant,american_restaurant,restaurant,food,point_of_interest,establishment","Monday: 12:00 PM – 1:00 AM
Tuesday: 12:00 PM – 1:00 AM
Wednesday: 12:00 PM – 1:00 AM
Thursday: 12:00 PM – 1:00 AM
Friday: 12:00 PM – 1:00 AM
Saturday: 12:00 PM – 1:00 AM
Sunday: 12:00 PM – 1:00 AM",0,,,,,,,,,,,,,,,180,9GF6CM45+QG
ChIJEettjX-VkkYRagMkEYo5CXM,Weis Resto,"Mustamäe tee 49, Kuldnoka tn 2, 10619 Tallinn, Estonia","Mustamäe tee 49, Kuldnoka tn 2, Tallinn",2,Kuldnoka tänav,,Tallinn,Harju maakond,10619,Estonia,EE,59.4214228,24.6977613,https://maps.google.com/?cid=8289219854307951466&g_mp=Cilnb29nbGUubWFwcy5wbGFjZXMudjEuUGxhY2VzLlNlYXJjaE5lYXJieRACGAQgAA,http://www.weis.ee/,646 4552,+372 646 4552,4.6,677,2,$$,OPERATIONAL,restaurant,Restaurant,"restaurant,food,point_of_interest,establishment","Monday: 11:00 AM – 10:00 PM
Tuesday: 11:00 AM – 10:00 PM
Wednesday: 11:00 AM – 10:00 PM
Thursday: 11:00 AM – 10:00 PM
Friday: 11:00 AM – 10:00 PM
Saturday: 12:00 – 10:00 PM
Sunday: 12:00 – 9:00 PM",1,,,,,,,,,,,,,,,180,9GF6CMCX+H4
ChIJRcalQWKTkkYRzB8KH75mJY0,Wine Library Tallinn,"Raekoja plats 8, 10146 Tallinn, Estonia","Raekoja plats 8, Tallinn",8,Raekoja plats,,Tallinn,Harju maakond,10146,Estonia,EE,59.4377116,24.7449299,https://maps.google.com/?cid=10170648300236709836&g_mp=Cilnb29nbGUubWFwcy5wbGFjZXMudjEuUGxhY2VzLlNlYXJjaE5lYXJieRACGAQgAA,http://www.winelibrary.ee/,5919 7202,+372 5919 7202,4.3,272,2,$$,OPERATIONAL,restaurant,Restaurant,"restaurant,wine_bar,bar,food,point_of_interest,establishment","Monday: 10:00 AM – 11:00 PM
Tuesday: 10:00 AM – 11:00 PM
Wednesday: 10:00 AM – 11:00 PM
Thursday: 10:00 AM – 11:00 PM
Friday: 10:00 AM – 11:00 PM
Saturday: 10:00 AM – 11:00 PM
Sunday: 10:00 AM – 11:00 PM",1,,,,,,,,,,,,,,,180,9GF6CPQV+3X
ChIJHbiyVaCTkkYRDDXJyZR_244,Xinhai 1911 Restoran & Baar,"Kopli tn 2c, 10412 Tallinn, Estonia","Kopli tn 2c, Tallinn",2c,Kopli tänav,,Tallinn,Harju maakond,10412,Estonia,EE,59.44128739999999,24.7385645,https://maps.google.com/?cid=10293961650302694668&g_mp=Cilnb29nbGUubWFwcy5wbGFjZXMudjEuUGxhY2VzLlNlYXJjaE5lYXJieRACGAQgAA,http://xinhai.ee/,5692 8813,+372 5692 8813,4.7,543,2,$$,OPERATIONAL,restaurant,Restaurant,"restaurant,chinese_noodle_restaurant,chinese_restaurant,bar,food,point_of_interest,establishment","Monday: 11:00 AM – 11:00 PM
Tuesday: 11:00 AM – 11:00 PM
Wednesday: 11:00 AM – 11:00 PM
Thursday: 11:00 AM – 11:00 PM
Friday: 11:00 AM – 11:00 PM
Saturday: 11:00 AM – 11:00 PM
Sunday: 12:00 – 9:00 PM",1,,,,,,,,,,,,,,,180,9GF6CPRQ+GC
ChIJSbUe7JWTkkYRbflE7QiWlQI,Zaiqa restaurant & takeaway,"Väike-Karja tn 1, 10140 Tallinn, Estonia","Väike-Karja tn 1, Tallinn",1,Väike-Karja tänav,,Tallinn,Harju maakond,10140,Estonia,EE,59.43594909999999,24.7468792,https://maps.google.com/?cid=186219924690368877&g_mp=Cilnb29nbGUubWFwcy5wbGFjZXMudjEuUGxhY2VzLlNlYXJjaE5lYXJieRACGAQgAA,https://wolt.com/et/est/tallinn/restaurant/zaiqatln,5699 0407,+372 5699 0407,4.5,173,1,$,OPERATIONAL,turkish_restaurant,Turkish Restaurant,"turkish_restaurant,hamburger_restaurant,fast_food_restaurant,snack_bar,pizza_restaurant,meal_takeaway,american_restaurant,bar,restaurant,food,point_of_interest,establishment","Monday: 7:00 PM – 6:00 AM
Tuesday: 7:00 PM – 6:00 AM
Wednesday: 7:00 PM – 11:00 AM
Thursday: 7:00 PM – 11:00 AM
Friday: 7:00 PM – 11:00 AM
Saturday: 7:00 PM – 11:00 AM
Sunday: 7:00 PM – 6:00 AM",0,,,,,,,,,,,,,,,180,9GF6CPPW+9Q
ChIJdeNXFBWTkkYRxRPpg8o-Q-I,Zoom Restaurant & Bar Tallinn,"Sadama tn 4, 10111 Tallinn, Estonia","Sadama tn 4, Tallinn",4,Sadama tänav,,Tallinn,Harju maakond,10111,Estonia,EE,59.4436912,24.7553552,https://maps.google.com/?cid=16303944115528733637&g_mp=Cilnb29nbGUubWFwcy5wbGFjZXMudjEuUGxhY2VzLlNlYXJjaE5lYXJieRACGAQgAA,https://www.hyattrestaurants.com/en/tallinn/restaurant-bar/zoom-restaurant-tallinn,644 1234,+372 644 1234,4.6,72,2,$$,OPERATIONAL,restaurant,Restaurant,"restaurant,food,point_of_interest,establishment","Monday: 5:00 – 11:00 PM
Tuesday: 5:00 – 11:00 PM
Wednesday: 5:00 – 11:00 PM
Thursday: 5:00 – 11:00 PM
Friday: 5:00 – 11:00 PM
Saturday: 5:00 – 11:00 PM
Sunday: 5:00 – 11:00 PM",0,,,,,,,,,,,,,,,180,9GF6CQV4+F4
ChIJNUTapKmTkkYRsbkPjQlz3NA,Écrin Restaurant,"Rataskaevu tn 7, 10123 Tallinn, Estonia","Rataskaevu tn 7, Tallinn",7,Rataskaevu tänav,,Tallinn,Harju maakond,10123,Estonia,EE,59.43695699999999,24.742891999999998,https://maps.google.com/?cid=15050030539623872945&g_mp=Cilnb29nbGUubWFwcy5wbGFjZXMudjEuUGxhY2VzLlNlYXJjaE5lYXJieRACGAQgAA,https://ecrin.theburmanhotel.com/,618 8820,+372 618 8820,4.8,34,4,$$$$,CLOSED_TEMPORARILY,restaurant,Restaurant,"restaurant,food,point_of_interest,establishment",,,,,,,,,,,,,,,,,180,9GF6CPPV+Q5
ChIJc9njYvjrkkYRktl9JqR4IJA,Ülemiste Da Vinci Pasta & Pizza,"Suur-Sõjamäe tn 4, 11415 Tallinn, Estonia","Suur-Sõjamäe tn 4, Tallinn",4,Suur-Sõjamäe tänav,,Tallinn,Harju maakond,11415,Estonia,EE,59.4219071,24.7944225,https://maps.google.com/?cid=10385433387132115346&g_mp=Cilnb29nbGUubWFwcy5wbGFjZXMudjEuUGxhY2VzLlNlYXJjaE5lYXJieRACGAQgAA,https://davinci.ee/restoran/en/da-vinci-restoranid/#ylemiste,5770 3807,+372 5770 3807,2.9,149,2,$$,OPERATIONAL,italian_restaurant,Italian Restaurant,"italian_restaurant,european_restaurant,restaurant,food,point_of_interest,establishment","Monday: 10:00 AM – 9:00 PM
Tuesday: 10:00 AM – 9:00 PM
Wednesday: 10:00 AM – 9:00 PM
Thursday: 10:00 AM – 9:00 PM
Friday: 10:00 AM – 9:00 PM
Saturday: 10:00 AM – 9:00 PM
Sunday: 10:00 AM – 7:00 PM",1,,,,,,,,,,,,,,,180,9GF6CQCV+QQ
ChIJNedHAEiTkkYRT1q5MjAOFsI,Ülo,"Kopli tn 16, 10412 Tallinn, Estonia","Kopli tn 16, Tallinn",16,Kopli tänav,,Tallinn,Harju maakond,10412,Estonia,EE,59.441821399999995,24.7329474,https://maps.google.com/?cid=13985381293017881167&g_mp=Cilnb29nbGUubWFwcy5wbGFjZXMudjEuUGxhY2VzLlNlYXJjaE5lYXJieRACGAQgAA,https://www.ulo.ee/,605 0052,+372 605 0052,4.6,1127,2,$$,OPERATIONAL,restaurant,Restaurant,"restaurant,food,point_of_interest,establishment","Monday: 5:00 – 11:00 PM
Tuesday: 5:00 – 11:00 PM
Wednesday: 5:00 – 11:00 PM
Thursday: 5:00 – 11:00 PM
Friday: 5:00 PM – 12:00 AM
Saturday: 12:00 PM – 12:00 AM
Sunday: 12:00 – 10:00 PM",0,,,,,,,,,,,,,,,180,9GF6CPRM+P5
